State,Year,Quarter,Transaction_Type,Transaction_Count,Transaction_Amount
Andaman & Nicobar Islands,2018,1,P2P,2297,15513455.551771518
Andaman & Nicobar Islands,2018,1,Retail,6656,1848410.3295102227
Andaman & Nicobar Islands,2018,1,Utility,136,1207260.323170079
Andaman & Nicobar Islands,2018,2,P2P,4383,30744177.30506663
Andaman & Nicobar Islands,2018,2,Retail,10462,3511612.7506313515
Andaman & Nicobar Islands,2018,2,Utility,217,1261485.808650783
Andaman & Nicobar Islands,2018,3,P2P,7608,59724958.86573778
Andaman & Nicobar Islands,2018,3,Utility,408,2981726.8423904683
Andaman & Nicobar Islands,2018,3,Retail,13138,4636739.004343481
Andaman & Nicobar Islands,2018,4,P2P,12260,96899260.68219608
Andaman & Nicobar Islands,2018,4,Retail,18359,7469343.384946894
Andaman & Nicobar Islands,2018,4,Utility,520,3614453.453516159
Andaman & Nicobar Islands,2019,1,P2P,15423,113322658.71162094
Andaman & Nicobar Islands,2019,1,Retail,24638,8596448.53402566
Andaman & Nicobar Islands,2019,1,Utility,665,4433622.77843368
Andaman & Nicobar Islands,2019,2,P2P,18528,147031315.43187344
Andaman & Nicobar Islands,2019,2,Retail,27418,11684888.200027674
Andaman & Nicobar Islands,2019,2,Utility,818,4638592.410453087
Andaman & Nicobar Islands,2019,3,P2P,17346,136433844.7112736
Andaman & Nicobar Islands,2019,3,Utility,1570,5691191.116865713
Andaman & Nicobar Islands,2019,3,Retail,21707,9303261.124080405
Andaman & Nicobar Islands,2019,4,P2P,19490,153165110.298888
Andaman & Nicobar Islands,2019,4,Retail,18325,8737412.792066216
Andaman & Nicobar Islands,2019,4,Utility,3850,8938140.80493423
Andaman & Nicobar Islands,2020,1,P2P,19682,159741233.71285078
Andaman & Nicobar Islands,2020,1,Retail,23473,12529811.082064983
Andaman & Nicobar Islands,2020,1,Utility,5949,8756303.866879353
Andaman & Nicobar Islands,2020,2,P2P,23455,166776847.66930902
Andaman & Nicobar Islands,2020,2,Retail,43610,19545158.586792476
Andaman & Nicobar Islands,2020,2,Utility,11620,10930551.064741788
Andaman & Nicobar Islands,2020,3,P2P,48650,334973608.15923077
Andaman & Nicobar Islands,2020,3,Retail,76639,42364469.24439745
Andaman & Nicobar Islands,2020,3,Utility,18700,14745764.312034247
Andaman & Nicobar Islands,2020,4,P2P,95937,617700235.1702638
Andaman & Nicobar Islands,2020,4,Retail,132834,87452304.29247552
Andaman & Nicobar Islands,2020,4,Utility,43234,27006783.04050333
Andaman & Nicobar Islands,2021,1,P2P,130833,806540347.2883372
Andaman & Nicobar Islands,2021,1,Retail,86168,112077368.12192363
Andaman & Nicobar Islands,2021,1,Utility,99269,43830157.95790008
Andaman & Nicobar Islands,2021,2,P2P,167435,905182683.7746009
Andaman & Nicobar Islands,2021,2,Retail,123565,143189222.21331862
Andaman & Nicobar Islands,2021,2,Utility,166972,57359121.18818939
Andaman & Nicobar Islands,2021,3,P2P,231422,1232300793.5452323
Andaman & Nicobar Islands,2021,3,Retail,169369,230795549.98857903
Andaman & Nicobar Islands,2021,3,Utility,186637,67708850.32078207
Andaman & Nicobar Islands,2021,4,P2P,300209,1567798133.6227083
Andaman & Nicobar Islands,2021,4,Retail,259587,368579676.67848885
Andaman & Nicobar Islands,2021,4,Utility,162945,75816868.38886881
Andaman & Nicobar Islands,2022,1,P2P,397423,1893472517.2149887
Andaman & Nicobar Islands,2022,1,Retail,396140,476954261.9172399
Andaman & Nicobar Islands,2022,1,Utility,204932,82992500.45325463
Andaman & Nicobar Islands,2022,2,P2P,537340,2460576139.9419093
Andaman & Nicobar Islands,2022,2,Retail,629016,653262174.9291698
Andaman & Nicobar Islands,2022,2,Utility,253200,115629850.03782275
Andaman & Nicobar Islands,2022,3,P2P,698789,2793281865.2751703
Andaman & Nicobar Islands,2022,3,Retail,866124,797560084.4862237
Andaman & Nicobar Islands,2022,3,Utility,312058,136390365.3426937
Andaman & Nicobar Islands,2022,4,P2P,822471,3143303090.7875686
Andaman & Nicobar Islands,2022,4,Retail,1130336,1020572932.3307438
Andaman & Nicobar Islands,2022,4,Utility,310348,149736033.28276455
Andaman & Nicobar Islands,2023,1,P2P,882980,3385680244.921925
Andaman & Nicobar Islands,2023,1,Retail,1254352,1108835637.0895226
Andaman & Nicobar Islands,2023,1,Utility,312565,161789897.6599417
Andaman & Nicobar Islands,2023,2,P2P,997058,3778615360.8951864
Andaman & Nicobar Islands,2023,2,Retail,1593082,1274082954.908365
Andaman & Nicobar Islands,2023,2,Utility,349028,183985465.1784634
Andaman & Nicobar Islands,2023,3,P2P,1138133,3867448704.7294426
Andaman & Nicobar Islands,2023,3,Utility,360081,194132309.93837917
Andaman & Nicobar Islands,2023,3,Retail,1795799,1368002212.5437598
Andaman & Nicobar Islands,2023,4,P2P,1353803,4549122187.262817
Andaman & Nicobar Islands,2023,4,Retail,2204624,1759268239.2394202
Andaman & Nicobar Islands,2023,4,Utility,362786,230332035.0154667
Andaman & Nicobar Islands,2024,1,P2P,1467728,4890201738.765525
Andaman & Nicobar Islands,2024,1,Retail,2483253,1954703577.178416
Andaman & Nicobar Islands,2024,1,Utility,377365,228179716.7951702
Andaman & Nicobar Islands,2024,2,P2P,1548283,5162158154.0415325
Andaman & Nicobar Islands,2024,2,Retail,2830230,2072879652.7262447
Andaman & Nicobar Islands,2024,2,Utility,417077,260225403.35229686
Andaman & Nicobar Islands,2024,3,P2P,1730844,5302737435.265448
Andaman & Nicobar Islands,2024,3,Utility,434919,292707590.3251203
Andaman & Nicobar Islands,2024,3,Retail,3128743,2070761616.0674696
Andaman & Nicobar Islands,2024,4,P2P,1988874,6136436300.439975
Andaman & Nicobar Islands,2024,4,Retail,3637868,2481524882.9257965
Andaman & Nicobar Islands,2024,4,Utility,453059,316771541.97845095
Andaman & Nicobar Islands,2025,1,P2P,2042168,6340234515.915836
Andaman & Nicobar Islands,2025,1,Retail,3813109,2502525496.556294
Andaman & Nicobar Islands,2025,1,Utility,476805,319382590.4770886
Andaman & Nicobar Islands,2025,2,P2P,1943344,6083764058.930067
Andaman & Nicobar Islands,2025,2,Retail,3953793,2492429112.308087
Andaman & Nicobar Islands,2025,2,Utility,478132,317262267.1716582
Andaman & Nicobar Islands,2025,3,P2P,2062721,5987445028.796866
Andaman & Nicobar Islands,2025,3,Utility,484457,352059550.06020766
Andaman & Nicobar Islands,2025,3,Retail,4184644,2450833410.1140356
Andaman & Nicobar Islands,2025,4,P2P,2368365,6940894153.206369
Andaman & Nicobar Islands,2025,4,Retail,4719538,3006463522.8985558
Andaman & Nicobar Islands,2025,4,Utility,521632,430340132.5522865
Andaman & Nicobar Islands,2026,1,P2P,2444181,7309540774.152678
Andaman & Nicobar Islands,2026,1,Retail,4993199,3151423541.120183
Andaman & Nicobar Islands,2026,1,Utility,527121,466542074.37311816
Andaman & Nicobar Islands,2026,2,P2P,2318395,6919716967.907633
Andaman & Nicobar Islands,2026,2,Retail,4915599,3057475220.283496
Andaman & Nicobar Islands,2026,2,Utility,519101,465102854.636179
Andhra Pradesh,2018,1,P2P,3470494,12240195598.365974
Andhra Pradesh,2018,1,Retail,6888562,1399789736.8780491
Andhra Pradesh,2018,1,Utility,503773,361085871.48101455
Andhra Pradesh,2018,2,P2P,5367902,23508496914.21012
Andhra Pradesh,2018,2,Retail,8191674,1997270127.222042
Andhra Pradesh,2018,2,Utility,1137792,849721558.6855456
Andhra Pradesh,2018,3,P2P,17848404,36912048477.86053
Andhra Pradesh,2018,3,Retail,9823208,2270015172.8517704
Andhra Pradesh,2018,3,Utility,1591118,1106629847.299339
Andhra Pradesh,2018,4,P2P,19562957,52891909539.82443
Andhra Pradesh,2018,4,Utility,1916648,1453941462.2139916
Andhra Pradesh,2018,4,Retail,14242724,3597313104.7495456
Andhra Pradesh,2019,1,P2P,43527491,90765950511.21124
Andhra Pradesh,2019,1,Retail,21565529,5137363403.173556
Andhra Pradesh,2019,1,Utility,2888424,2138883952.82676
Andhra Pradesh,2019,2,P2P,41431019,132848849845.70235
Andhra Pradesh,2019,2,Retail,29006645,8789415469.061436
Andhra Pradesh,2019,2,Utility,2803995,3220818000.455343
Andhra Pradesh,2019,3,P2P,49997866,159660136797.86392
Andhra Pradesh,2019,3,Retail,38574125,12510521016.959248
Andhra Pradesh,2019,3,Utility,4461164,4869658117.274415
Andhra Pradesh,2019,4,P2P,73565940,228673344761.69086
Andhra Pradesh,2019,4,Retail,48905204,18839555775.579308
Andhra Pradesh,2019,4,Utility,8291836,6770993321.060511
Andhra Pradesh,2020,1,P2P,86063489,293219560970.77124
Andhra Pradesh,2020,1,Retail,58613484,25753304148.447426
Andhra Pradesh,2020,1,Utility,14509601,9555197112.375233
Andhra Pradesh,2020,2,P2P,94711506,334281400440.19324
Andhra Pradesh,2020,2,Retail,58995509,32882376987.781883
Andhra Pradesh,2020,2,Utility,22577871,13448528903.32977
Andhra Pradesh,2020,3,P2P,136309737,513947389670.1229
Andhra Pradesh,2020,3,Retail,90557252,53839104966.40083
Andhra Pradesh,2020,3,Utility,24510120,17608984015.605423
Andhra Pradesh,2020,4,P2P,178466683,663199285940.3143
Andhra Pradesh,2020,4,Utility,29154133,22037928658.47608
Andhra Pradesh,2020,4,Retail,118472460,75401456430.28206
Andhra Pradesh,2021,1,P2P,187035752,716653096220.1884
Andhra Pradesh,2021,1,Retail,122228605,82759457094.47568
Andhra Pradesh,2021,1,Utility,51307542,27984023265.917984
Andhra Pradesh,2021,2,Retail,137701586,103373510690.33716
Andhra Pradesh,2021,2,Utility,69008588,36519467539.585205
Andhra Pradesh,2021,2,P2P,244005532,927829825258.4785
Andhra Pradesh,2021,3,P2P,283896229,1049054258625.8699
Andhra Pradesh,2021,3,Retail,195005296,138303222601.05695
Andhra Pradesh,2021,3,Utility,73567732,42224303205.05412
Andhra Pradesh,2021,4,P2P,288996866,1042992560724.562
Andhra Pradesh,2021,4,Retail,223299270,157162774883.99747
Andhra Pradesh,2021,4,Utility,64264055,40950541166.518906
Andhra Pradesh,2022,1,P2P,359825164,1324402943762.77
Andhra Pradesh,2022,1,Retail,295596425,193230061446.52255
Andhra Pradesh,2022,1,Utility,70133038,48001862333.111694
Andhra Pradesh,2022,2,P2P,402016237,1499434873679.222
Andhra Pradesh,2022,2,Retail,357185042,236219012585.7199
Andhra Pradesh,2022,2,Utility,81131062,57831988032.92065
Andhra Pradesh,2022,3,P2P,442266221,1615640055543.1492
Andhra Pradesh,2022,3,Retail,425082142,277017192718.0835
Andhra Pradesh,2022,3,Utility,89069693,66745271537.235
Andhra Pradesh,2022,4,P2P,470505491,1667439499794.4644
Andhra Pradesh,2022,4,Utility,91912723,70137776041.61502
Andhra Pradesh,2022,4,Retail,468020065,291089183587.983
Andhra Pradesh,2023,1,P2P,515228601,1858594515192.1406
Andhra Pradesh,2023,1,Retail,526737073,316722904887.86694
Andhra Pradesh,2023,1,Utility,96759239,76489974934.73862
Andhra Pradesh,2023,2,Retail,613447829,347884097452.54254
Andhra Pradesh,2023,2,Utility,107815790,93701377087.34503
Andhra Pradesh,2023,2,P2P,573773696,2068118513732.0432
Andhra Pradesh,2023,3,P2P,623522468,2164307097889.6428
Andhra Pradesh,2023,3,Retail,730559498,387467306729.4782
Andhra Pradesh,2023,3,Utility,113563012,102786014632.14882
Andhra Pradesh,2023,4,P2P,673686762,2272745802538.289
Andhra Pradesh,2023,4,Retail,800499764,425607560852.9048
Andhra Pradesh,2023,4,Utility,114111280,113501661927.53525
Andhra Pradesh,2024,1,P2P,722183330,2437655805202.796
Andhra Pradesh,2024,1,Retail,907194749,464366453697.3639
Andhra Pradesh,2024,1,Utility,120349511,116483628212.71187
Andhra Pradesh,2024,2,Retail,1043588059,506844392506.85077
Andhra Pradesh,2024,2,Utility,128360994,132848399657.3906
Andhra Pradesh,2024,2,P2P,748936609,2545981192981.997
Andhra Pradesh,2024,3,P2P,803007628,2555374646257.539
Andhra Pradesh,2024,3,Retail,1154960340,530220311285.228
Andhra Pradesh,2024,3,Utility,128090297,141912176587.07898
Andhra Pradesh,2024,4,P2P,872939105,2723642149366.8696
Andhra Pradesh,2024,4,Retail,1284541504,576586512076.162
Andhra Pradesh,2024,4,Utility,135289441,154307909609.36945
Andhra Pradesh,2025,1,P2P,926759367,2900427019839.6875
Andhra Pradesh,2025,1,Retail,1349213113,595084392377.1418
Andhra Pradesh,2025,1,Utility,146913770,171284311055.59003
Andhra Pradesh,2025,2,P2P,935539501,2961548468456.4717
Andhra Pradesh,2025,2,Retail,1445602514,635118418801.311
Andhra Pradesh,2025,2,Utility,149776958,184854052313.8567
Andhra Pradesh,2025,3,P2P,979073292,2943072244565.38
Andhra Pradesh,2025,3,Retail,1575163628,672188566378.8623
Andhra Pradesh,2025,3,Utility,146091968,199434737399.4018
Andhra Pradesh,2025,4,P2P,1018086782,3057714960314.354
Andhra Pradesh,2025,4,Utility,147848451,215010757178.62662
Andhra Pradesh,2025,4,Retail,1696774348,727380609254.9849
Andhra Pradesh,2026,1,P2P,1077713980,3312089285888.966
Andhra Pradesh,2026,1,Retail,1812911085,794181428195.733
Andhra Pradesh,2026,1,Utility,156804770,243452858928.82135
Andhra Pradesh,2026,2,Retail,1978617733,874378874522.2871
Andhra Pradesh,2026,2,Utility,157632055,256026172035.94608
Andhra Pradesh,2026,2,P2P,1109707075,3493292328363.7217
Arunachal Pradesh,2018,1,P2P,15540,100106050.69601512
Arunachal Pradesh,2018,1,Retail,40846,11630869.088574527
Arunachal Pradesh,2018,1,Utility,186,272787.0378895986
Arunachal Pradesh,2018,2,P2P,30899,218040979.1398114
Arunachal Pradesh,2018,2,Retail,69003,19985066.895706624
Arunachal Pradesh,2018,2,Utility,956,1567961.4136905838
Arunachal Pradesh,2018,3,P2P,56490,361106876.33230317
Arunachal Pradesh,2018,3,Retail,102215,26397492.274637625
Arunachal Pradesh,2018,3,Utility,1622,2844669.26291852
Arunachal Pradesh,2018,4,P2P,78292,551863399.6052133
Arunachal Pradesh,2018,4,Utility,2197,3478084.732753476
Arunachal Pradesh,2018,4,Retail,141727,41934985.285773486
Arunachal Pradesh,2019,1,P2P,114051,708843415.3802242
Arunachal Pradesh,2019,1,Retail,175799,49391943.52019468
Arunachal Pradesh,2019,1,Utility,3373,4699030.382277647
Arunachal Pradesh,2019,2,P2P,148005,998209237.5753416
Arunachal Pradesh,2019,2,Retail,235969,66008443.11777704
Arunachal Pradesh,2019,2,Utility,3321,6188570.690542959
Arunachal Pradesh,2019,3,P2P,187127,1203419109.9408553
Arunachal Pradesh,2019,3,Retail,246085,72061415.66220428
Arunachal Pradesh,2019,3,Utility,22910,15130587.328627035
Arunachal Pradesh,2019,4,P2P,248720,1554181904.0581872
Arunachal Pradesh,2019,4,Retail,245850,79834932.27963962
Arunachal Pradesh,2019,4,Utility,76238,30804511.924135324
Arunachal Pradesh,2020,1,P2P,282980,1786974149.528533
Arunachal Pradesh,2020,1,Retail,284879,97457640.07224388
Arunachal Pradesh,2020,1,Utility,128283,44137365.43131894
Arunachal Pradesh,2020,2,P2P,340273,2245390326.2109804
Arunachal Pradesh,2020,2,Retail,407472,167727755.10215804
Arunachal Pradesh,2020,2,Utility,224384,66624271.34761126
Arunachal Pradesh,2020,3,P2P,475422,3044427398.1248016
Arunachal Pradesh,2020,3,Retail,466194,230744818.11669534
Arunachal Pradesh,2020,3,Utility,218466,70883405.66356106
Arunachal Pradesh,2020,4,P2P,611037,3823892537.391588
Arunachal Pradesh,2020,4,Utility,284318,90579221.72315848
Arunachal Pradesh,2020,4,Retail,498430,281510022.088138
Arunachal Pradesh,2021,1,P2P,717820,4364283927.578818
Arunachal Pradesh,2021,1,Retail,268630,319859004.86536753
Arunachal Pradesh,2021,1,Utility,525290,140842728.88697693
Arunachal Pradesh,2021,2,Retail,357066,430913945.8937972
Arunachal Pradesh,2021,2,Utility,749967,183942756.50788608
Arunachal Pradesh,2021,2,P2P,1019755,5259428892.438826
Arunachal Pradesh,2021,3,P2P,1295459,6496888203.9589
Arunachal Pradesh,2021,3,Retail,445416,644112068.0788856
Arunachal Pradesh,2021,3,Utility,812004,217989579.11850983
Arunachal Pradesh,2021,4,P2P,1394700,6688484212.847013
Arunachal Pradesh,2021,4,Retail,624665,848090592.3919425
Arunachal Pradesh,2021,4,Utility,761738,228961578.25079614
Arunachal Pradesh,2022,1,P2P,1814764,8431570479.502369
Arunachal Pradesh,2022,1,Retail,974159,1213984321.5428307
Arunachal Pradesh,2022,1,Utility,854235,270295885.44847566
Arunachal Pradesh,2022,2,P2P,2362702,10064354020.649572
Arunachal Pradesh,2022,2,Retail,1560097,1719362758.949329
Arunachal Pradesh,2022,2,Utility,982108,311415622.4648111
Arunachal Pradesh,2022,3,P2P,3089113,11109403462.223898
Arunachal Pradesh,2022,3,Retail,2127733,2179521270.9681797
Arunachal Pradesh,2022,3,Utility,1108609,347472060.0928934
Arunachal Pradesh,2022,4,P2P,3542488,11777534655.814371
Arunachal Pradesh,2022,4,Utility,1178436,374731406.2153811
Arunachal Pradesh,2022,4,Retail,2753357,2545372063.9158983
Arunachal Pradesh,2023,1,P2P,3962069,13437468713.054745
Arunachal Pradesh,2023,1,Retail,3193883,2962604076.6794558
Arunachal Pradesh,2023,1,Utility,1260713,392287985.02200335
Arunachal Pradesh,2023,2,Retail,4518172,3868143792.085184
Arunachal Pradesh,2023,2,Utility,1413721,454018762.4706393
Arunachal Pradesh,2023,2,P2P,4985211,16037191094.270794
Arunachal Pradesh,2023,3,P2P,6019719,16762630617.285736
Arunachal Pradesh,2023,3,Retail,5692334,4360837225.960386
Arunachal Pradesh,2023,3,Utility,1515279,513670364.3748132
Arunachal Pradesh,2023,4,P2P,6810909,19026613643.76567
Arunachal Pradesh,2023,4,Retail,6707771,5162465655.079903
Arunachal Pradesh,2023,4,Utility,1565683,582873672.6161299
Arunachal Pradesh,2024,1,P2P,7377899,20297775994.341846
Arunachal Pradesh,2024,1,Retail,7729487,5752553999.356636
Arunachal Pradesh,2024,1,Utility,1761139,642984820.5018914
Arunachal Pradesh,2024,2,Retail,9939346,6816566167.881161
Arunachal Pradesh,2024,2,Utility,1906208,734808227.2243292
Arunachal Pradesh,2024,2,P2P,8264639,22815675313.909077
Arunachal Pradesh,2024,3,P2P,10063903,23192051384.07518
Arunachal Pradesh,2024,3,Retail,12397130,7428333021.3110485
Arunachal Pradesh,2024,3,Utility,2058012,819807529.6908386
Arunachal Pradesh,2024,4,P2P,10737577,25822103124.055893
Arunachal Pradesh,2024,4,Retail,13968413,8222589629.560476
Arunachal Pradesh,2024,4,Utility,2084116,884994048.3434718
Arunachal Pradesh,2025,1,P2P,10857782,26813086463.35316
Arunachal Pradesh,2025,1,Retail,15250004,8454654943.378321
Arunachal Pradesh,2025,1,Utility,2299656,956107195.9325476
Arunachal Pradesh,2025,2,P2P,11005299,27643886032.930893
Arunachal Pradesh,2025,2,Retail,17910730,9911906409.441982
Arunachal Pradesh,2025,2,Utility,2235425,1017109387.8757071
Arunachal Pradesh,2025,3,P2P,12684279,29979448149.664356
Arunachal Pradesh,2025,3,Retail,21332176,11188580612.237747
Arunachal Pradesh,2025,3,Utility,2317779,1127712063.9830122
Arunachal Pradesh,2025,4,P2P,12859718,30909100846.09617
Arunachal Pradesh,2025,4,Utility,2328499,1186793113.0116506
Arunachal Pradesh,2025,4,Retail,20914837,11535106085.410067
Arunachal Pradesh,2026,1,P2P,12775009,31041684020.550102
Arunachal Pradesh,2026,1,Retail,20987088,11659632921.829725
Arunachal Pradesh,2026,1,Utility,2412789,1227816610.815425
Arunachal Pradesh,2026,2,Retail,24690742,13992245529.04863
Arunachal Pradesh,2026,2,Utility,2447416,1331805822.9586844
Arunachal Pradesh,2026,2,P2P,13494356,32170896129.349693
Assam,2018,1,Retail,917663,189085942.54930878
Assam,2018,1,P2P,367018,1186924047.118826
Assam,2018,1,Utility,11201,15565101.250725273
Assam,2018,2,P2P,602513,2409964946.0327225
Assam,2018,2,Retail,1336377,298439178.55836654
Assam,2018,2,Utility,58011,44304999.4255633
Assam,2018,3,P2P,907160,3879648785.6750345
Assam,2018,3,Retail,1729859,378038610.70343864
Assam,2018,3,Utility,89515,79484980.68073568
Assam,2018,4,P2P,1425542,5988469054.887114
Assam,2018,4,Retail,2764241,605785723.1318527
Assam,2018,4,Utility,106444,99462398.12908512
Assam,2019,1,Retail,2757939,664720871.873915
Assam,2019,1,P2P,2043007,7641141027.737144
Assam,2019,1,Utility,146609,125076438.64801428
Assam,2019,2,P2P,2242546,9716138028.871708
Assam,2019,2,Retail,3193461,796375391.8799789
Assam,2019,2,Utility,149400,156927782.6523491
Assam,2019,3,P2P,2646141,11369016776.517593
Assam,2019,3,Retail,3051698,875767755.1466801
Assam,2019,3,Utility,356634,301514134.39884603
Assam,2019,4,P2P,3109608,13321353917.639404
Assam,2019,4,Retail,2890501,853705761.9914622
Assam,2019,4,Utility,891749,424024614.8586037
Assam,2020,1,P2P,3723043,17119634279.402054
Assam,2020,1,Utility,1545036,561231056.1241894
Assam,2020,1,Retail,3406812,1183784053.8192055
Assam,2020,2,P2P,3693429,17317287526.421005
Assam,2020,2,Retail,4571702,1777631474.8497684
Assam,2020,2,Utility,2761829,813452406.329763
Assam,2020,3,P2P,4865545,23137596180.477337
Assam,2020,3,Retail,4773287,2312224073.557622
Assam,2020,3,Utility,2322970,918671401.4831023
Assam,2020,4,P2P,6673162,31716827555.193657
Assam,2020,4,Retail,5154466,3161617570.9682646
Assam,2020,4,Utility,2956856,1135365086.183422
Assam,2021,1,Retail,3579513,3783287496.6582174
Assam,2021,1,P2P,8037741,38825399621.983604
Assam,2021,1,Utility,5700478,1724631842.6515703
Assam,2021,2,Retail,4119253,4765705607.930681
Assam,2021,2,Utility,8502474,2416445990.8377576
Assam,2021,2,P2P,9999466,44671708956.20358
Assam,2021,3,P2P,12915370,53499764245.62204
Assam,2021,3,Retail,6486596,7278565079.784382
Assam,2021,3,Utility,9291264,3227412132.5014114
Assam,2021,4,P2P,15760519,64091870334.879654
Assam,2021,4,Retail,10034417,10376969400.275354
Assam,2021,4,Utility,9233797,3352084986.414167
Assam,2022,1,P2P,22622208,90133302659.5852
Assam,2022,1,Utility,10408631,4076971297.2095413
Assam,2022,1,Retail,16994856,16163444485.234835
Assam,2022,2,P2P,28055767,102000243112.71205
Assam,2022,2,Retail,24578300,20504661830.51574
Assam,2022,2,Utility,12166210,4589818092.247853
Assam,2022,3,P2P,35183163,118029810285.06055
Assam,2022,3,Retail,34972826,26820923202.821663
Assam,2022,3,Utility,14185524,5822444506.078704
Assam,2022,4,P2P,40692233,134147548021.9758
Assam,2022,4,Retail,41152378,31957503214.296555
Assam,2022,4,Utility,15240015,6281243253.942713
Assam,2023,1,Retail,49721049,38643954776.468925
Assam,2023,1,P2P,48450507,166680940763.5238
Assam,2023,1,Utility,17044791,7100599447.140171
Assam,2023,2,Retail,62198937,44075550342.92614
Assam,2023,2,Utility,19532756,8252664463.368139
Assam,2023,2,P2P,57867509,182933328397.19922
Assam,2023,3,P2P,66738687,185012014050.43414
Assam,2023,3,Retail,80789947,48800811274.30323
Assam,2023,3,Utility,20749479,9655216302.232512
Assam,2023,4,P2P,79931097,217119731090.9958
Assam,2023,4,Retail,93896583,58068704894.25728
Assam,2023,4,Utility,20524429,10630010056.444412
Assam,2024,1,Retail,108690485,65698909312.36518
Assam,2024,1,P2P,91156112,244371165918.07275
Assam,2024,1,Utility,22782397,11136799999.924507
Assam,2024,2,Retail,143706811,74215013284.72882
Assam,2024,2,Utility,25314244,12452241395.65348
Assam,2024,2,P2P,105567953,258569727206.37753
Assam,2024,3,P2P,112086581,244189815253.5426
Assam,2024,3,Retail,159283968,74579926884.107
Assam,2024,3,Utility,26379142,14550390591.36288
Assam,2024,4,P2P,129253234,282407857879.87585
Assam,2024,4,Retail,178000773,84627619470.64844
Assam,2024,4,Utility,25832036,15246699935.912266
Assam,2025,1,P2P,148257710,336788696063.1076
Assam,2025,1,Utility,31062214,17080344941.693253
Assam,2025,1,Retail,202129241,95393470156.00003
Assam,2025,2,P2P,152460784,325697337347.401
Assam,2025,2,Retail,228314633,100513227584.14102
Assam,2025,2,Utility,31747436,17809295161.74906
Assam,2025,3,P2P,163168524,319860884865.33484
Assam,2025,3,Retail,257785154,104826606769.10977
Assam,2025,3,Utility,33608696,19790239992.761154
Assam,2025,4,P2P,173912850,335697694598.261
Assam,2025,4,Retail,262799498,111962613632.69647
Assam,2025,4,Utility,32082813,20583065177.83132
Assam,2026,1,P2P,187964652,375451797905.4099
Assam,2026,1,Utility,35281902,22357986842.442986
Assam,2026,1,Retail,280234793,125154947189.45413
Assam,2026,2,Retail,314710936,129968718141.15704
Assam,2026,2,Utility,37936564,23813472820.048767
Assam,2026,2,P2P,196477566,365913888391.6631
Bihar,2018,1,P2P,2402724,6370984464.352457
Bihar,2018,1,Retail,4816218,878752827.2044792
Bihar,2018,1,Utility,48864,69031817.00032617
Bihar,2018,2,P2P,3988478,14329235091.554424
Bihar,2018,2,Retail,6197442,1439734180.0352306
Bihar,2018,2,Utility,248659,219294866.52948177
Bihar,2018,3,P2P,9964049,21483849895.333675
Bihar,2018,3,Retail,6195903,1384699523.9629416
Bihar,2018,3,Utility,347261,307233790.0564733
Bihar,2018,4,P2P,9133500,30021762375.033607
Bihar,2018,4,Retail,8778363,2143327258.5340884
Bihar,2018,4,Utility,412736,398007100.2584014
Bihar,2019,1,P2P,17822554,41437276300.444954
Bihar,2019,1,Retail,10134940,2409638845.0327177
Bihar,2019,1,Utility,620729,536622839.36429393
Bihar,2019,2,P2P,15127981,56462296825.01355
Bihar,2019,2,Retail,13444865,3855638879.1115923
Bihar,2019,2,Utility,639972,752248711.4583571
Bihar,2019,3,P2P,14075183,58447436871.49278
Bihar,2019,3,Retail,14352593,4427535078.475287
Bihar,2019,3,Utility,1264920,1163842307.2254097
Bihar,2019,4,P2P,23834576,82407463586.30508
Bihar,2019,4,Retail,13833728,4988365052.794287
Bihar,2019,4,Utility,3299582,1712347482.1001818
Bihar,2020,1,Retail,16415988,6907458254.761826
Bihar,2020,1,Utility,5455724,2267465203.175734
Bihar,2020,1,P2P,22185121,97441114523.99834
Bihar,2020,2,P2P,26487666,117745201602.22449
Bihar,2020,2,Retail,18443012,9577383483.204472
Bihar,2020,2,Utility,9024105,3006920750.9022727
Bihar,2020,3,P2P,37372584,155556544704.2381
Bihar,2020,3,Retail,26489558,15672547616.252895
Bihar,2020,3,Utility,8917471,4198252862.2950134
Bihar,2020,4,P2P,49315343,209052295431.7222
Bihar,2020,4,Retail,37187582,24616828774.88288
Bihar,2020,4,Utility,11193683,5759957132.904346
Bihar,2021,1,P2P,57601479,239577613158.9112
Bihar,2021,1,Retail,33189718,29297805888.26821
Bihar,2021,1,Utility,20899510,8506895122.171409
Bihar,2021,2,P2P,78237915,321380940326.9004
Bihar,2021,2,Retail,42188486,40395565631.2697
Bihar,2021,2,Utility,32501986,12529720268.875004
Bihar,2021,3,P2P,92724849,334131286277.5516
Bihar,2021,3,Retail,60516429,50504254398.76271
Bihar,2021,3,Utility,31570844,13533659575.163368
Bihar,2021,4,P2P,102626865,373714846467.3999
Bihar,2021,4,Retail,80117478,66786278846.14114
Bihar,2021,4,Utility,28850796,15371985351.970598
Bihar,2022,1,Retail,110204201,87869366377.00702
Bihar,2022,1,Utility,31793367,19706154912.055634
Bihar,2022,1,P2P,137367506,500204764163.7777
Bihar,2022,2,P2P,161392512,605277701199.921
Bihar,2022,2,Retail,149362668,114722978468.8818
Bihar,2022,2,Utility,40232225,21818765294.43192
Bihar,2022,3,P2P,180096829,603785799739.7572
Bihar,2022,3,Retail,172516214,119740151961.8884
Bihar,2022,3,Utility,45468409,24206844158.260437
Bihar,2022,4,P2P,211334089,703266663443.4142
Bihar,2022,4,Retail,219181745,150801875020.0727
Bihar,2022,4,Utility,48045808,27078717991.826057
Bihar,2023,1,P2P,245637029,835873300629.263
Bihar,2023,1,Retail,256728191,170297462830.0274
Bihar,2023,1,Utility,54933265,31718089340.77512
Bihar,2023,2,P2P,293573878,979563951429.0671
Bihar,2023,2,Retail,339365938,207204687598.18295
Bihar,2023,2,Utility,65606677,38143622722.929184
Bihar,2023,3,P2P,311733910,907924136837.0789
Bihar,2023,3,Retail,364225692,198372125582.76654
Bihar,2023,3,Utility,68033312,41707905164.77739
Bihar,2023,4,P2P,394950650,1121244267620.5176
Bihar,2023,4,Retail,471333078,262945529835.2564
Bihar,2023,4,Utility,73025892,52673563122.33756
Bihar,2024,1,P2P,455919236,1274304847819.7268
Bihar,2024,1,Retail,544022949,296927855143.96936
Bihar,2024,1,Utility,86165652,62609586033.82802
Bihar,2024,2,P2P,529175031,1451226076429.3994
Bihar,2024,2,Retail,693433446,355302105832.3967
Bihar,2024,2,Utility,99126252,71685317876.41507
Bihar,2024,3,P2P,547856063,1357964976036.6426
Bihar,2024,3,Retail,710563604,340257852548.95996
Bihar,2024,3,Utility,96191519,76702732721.01842
Bihar,2024,4,P2P,641897466,1591638531150.502
Bihar,2024,4,Retail,820470734,416639776317.45056
Bihar,2024,4,Utility,97440319,84640201531.41452
Bihar,2025,1,Retail,800286778,399494365621.02356
Bihar,2025,1,Utility,101340524,88342692239.44046
Bihar,2025,1,P2P,629038929,1596209863563.3354
Bihar,2025,2,P2P,703844449,1784030089259.2131
Bihar,2025,2,Retail,980327979,475999343673.49475
Bihar,2025,2,Utility,109613379,96248269257.37694
Bihar,2025,3,P2P,695549121,1587177059609.07
Bihar,2025,3,Retail,1002602349,444266986063.6959
Bihar,2025,3,Utility,105850547,98658066519.54399
Bihar,2025,4,P2P,793555664,1789270748413.2866
Bihar,2025,4,Retail,1119034346,543812835365.73267
Bihar,2025,4,Utility,109996353,109631875930.94054
Bihar,2026,1,Retail,1152850594,560405282325.375
Bihar,2026,1,Utility,112264306,116086816003.76755
Bihar,2026,1,P2P,833487914,1860846794464.4946
Bihar,2026,2,P2P,879874401,1942426119648.5984
Bihar,2026,2,Retail,1295213536,614969202086.779
Bihar,2026,2,Utility,113963936,120745993670.78491
Chandigarh,2018,1,P2P,86598,339914689.7657925
Chandigarh,2018,1,Retail,135274,42316968.442861766
Chandigarh,2018,1,Utility,2103,11275457.639460467
Chandigarh,2018,2,P2P,139093,575310533.109709
Chandigarh,2018,2,Retail,171635,62003528.70183264
Chandigarh,2018,2,Utility,8832,26748395.741251618
Chandigarh,2018,3,P2P,205970,862647077.1949478
Chandigarh,2018,3,Retail,197262,68954230.23926513
Chandigarh,2018,3,Utility,14687,39996396.65390888
Chandigarh,2018,4,Retail,279421,108100774.93100083
Chandigarh,2018,4,Utility,19324,54073641.907196596
Chandigarh,2018,4,P2P,304514,1191865813.3336225
Chandigarh,2019,1,P2P,485410,1480680717.8389728
Chandigarh,2019,1,Retail,360000,126326146.01049125
Chandigarh,2019,1,Utility,31410,71856077.18053569
Chandigarh,2019,2,P2P,506704,1895639275.9360218
Chandigarh,2019,2,Retail,534131,221376962.5012315
Chandigarh,2019,2,Utility,40446,97468444.36768939
Chandigarh,2019,3,P2P,607651,2241110281.9264026
Chandigarh,2019,3,Retail,746995,269774788.339832
Chandigarh,2019,3,Utility,73559,185451786.99935278
Chandigarh,2019,4,P2P,722134,2684657340.6272664
Chandigarh,2019,4,Retail,812438,321178087.0470257
Chandigarh,2019,4,Utility,128746,240810758.05731636
Chandigarh,2020,1,P2P,707916,2717041595.868698
Chandigarh,2020,1,Retail,890041,366826188.0603478
Chandigarh,2020,1,Utility,178573,250966118.60348156
Chandigarh,2020,2,P2P,425584,1774896899.1678374
Chandigarh,2020,2,Retail,500782,286535721.0136777
Chandigarh,2020,2,Utility,172129,171682123.1455306
Chandigarh,2020,3,P2P,675369,2816928522.6994805
Chandigarh,2020,3,Retail,925689,549357858.1400183
Chandigarh,2020,3,Utility,186053,265701568.9659497
Chandigarh,2020,4,Retail,1450083,854438415.7777212
Chandigarh,2020,4,Utility,258048,343882965.9423818
Chandigarh,2020,4,P2P,902711,3662517297.1404943
Chandigarh,2021,1,P2P,1088211,4217268590.859275
Chandigarh,2021,1,Retail,1728889,1003312488.0297465
Chandigarh,2021,1,Utility,473914,418658391.55545604
Chandigarh,2021,2,Retail,1673769,1017650749.5868504
Chandigarh,2021,2,Utility,552658,429650023.8854281
Chandigarh,2021,2,P2P,1110497,4241118229.0675654
Chandigarh,2021,3,P2P,1505884,5383339567.766507
Chandigarh,2021,3,Retail,2650201,1588989846.2549834
Chandigarh,2021,3,Utility,639374,526492969.37902594
Chandigarh,2021,4,P2P,1508876,5431221967.852525
Chandigarh,2021,4,Retail,2956450,1838714388.3902788
Chandigarh,2021,4,Utility,547261,490801523.3477371
Chandigarh,2022,1,P2P,1784924,6356058064.018999
Chandigarh,2022,1,Retail,3654287,2167855282.648013
Chandigarh,2022,1,Utility,586867,537124807.4863007
Chandigarh,2022,2,P2P,2128206,7372023314.410317
Chandigarh,2022,2,Retail,4970069,2648100493.855604
Chandigarh,2022,2,Utility,663607,604357369.8837402
Chandigarh,2022,3,P2P,2527240,8246525664.07631
Chandigarh,2022,3,Retail,5882444,3216191511.090807
Chandigarh,2022,3,Utility,765462,726798154.8095758
Chandigarh,2022,4,Retail,6381514,3544847686.9348154
Chandigarh,2022,4,Utility,755871,719124736.3785231
Chandigarh,2022,4,P2P,2607319,8456540349.229464
Chandigarh,2023,1,P2P,2723528,8927943692.791168
Chandigarh,2023,1,Retail,6679868,3667239924.6274543
Chandigarh,2023,1,Utility,779399,725557091.7358154
Chandigarh,2023,2,Retail,8001836,4086069502.708396
Chandigarh,2023,2,Utility,845048,830780665.177249
Chandigarh,2023,2,P2P,3155761,10084884453.212471
Chandigarh,2023,3,P2P,3525766,10539566293.451569
Chandigarh,2023,3,Retail,9100188,4554364963.48314
Chandigarh,2023,3,Utility,888688,884647955.6154056
Chandigarh,2023,4,P2P,3600977,10911551521.56141
Chandigarh,2023,4,Retail,9344696,5031119046.243446
Chandigarh,2023,4,Utility,839308,972499572.4324951
Chandigarh,2024,1,P2P,3544955,10568202027.870966
Chandigarh,2024,1,Retail,9276490,5032455928.731865
Chandigarh,2024,1,Utility,845616,940432433.4457154
Chandigarh,2024,2,Retail,11519996,5702157482.674397
Chandigarh,2024,2,Utility,945062,1028691922.7154293
Chandigarh,2024,2,P2P,4105222,11567654688.03838
Chandigarh,2024,3,P2P,4542561,12144478726.642738
Chandigarh,2024,3,Retail,12269851,6052898655.770284
Chandigarh,2024,3,Utility,1018070,1201087569.8867035
Chandigarh,2024,4,P2P,4741956,12855331546.098246
Chandigarh,2024,4,Retail,12890043,6559129601.997088
Chandigarh,2024,4,Utility,1013894,1217379577.9737787
Chandigarh,2025,1,P2P,5030048,13333109998.462858
Chandigarh,2025,1,Retail,13786138,6587677932.307805
Chandigarh,2025,1,Utility,1115029,1318754234.4457016
Chandigarh,2025,2,P2P,4978557,13338519899.8829
Chandigarh,2025,2,Retail,14246760,6497659997.024847
Chandigarh,2025,2,Utility,1030151,1349478931.145965
Chandigarh,2025,3,P2P,5537474,13843269054.567312
Chandigarh,2025,3,Retail,15506364,7025275261.373009
Chandigarh,2025,3,Utility,1105728,1529166754.252012
Chandigarh,2025,4,Retail,15785608,7601505237.964993
Chandigarh,2025,4,Utility,1093710,1611624290.3428206
Chandigarh,2025,4,P2P,5748592,14648607139.925442
Chandigarh,2026,1,P2P,5753972,14513993367.764397
Chandigarh,2026,1,Retail,15927532,7582428441.866196
Chandigarh,2026,1,Utility,1138785,1688034953.3708043
Chandigarh,2026,2,Retail,17838348,8132749166.987701
Chandigarh,2026,2,Utility,1109237,1810855672.715648
Chandigarh,2026,2,P2P,6189470,15289686888.9889
Chhattisgarh,2018,1,P2P,639043,2199424450.7202754
Chhattisgarh,2018,1,Retail,1589599,338270442.4517413
Chhattisgarh,2018,1,Utility,79932,62719577.66367968
Chhattisgarh,2018,2,P2P,1072278,4345256541.86434
Chhattisgarh,2018,2,Retail,2124217,537558773.7104872
Chhattisgarh,2018,2,Utility,183975,137572759.6219744
Chhattisgarh,2018,3,P2P,1798955,6451134637.324331
Chhattisgarh,2018,3,Retail,2435063,580296706.685226
Chhattisgarh,2018,3,Utility,278528,188357371.07276106
Chhattisgarh,2018,4,P2P,2623941,9626783124.04478
Chhattisgarh,2018,4,Retail,3372461,872005328.5120766
Chhattisgarh,2018,4,Utility,356824,256482611.80247933
Chhattisgarh,2019,1,P2P,4296607,12633669608.33778
Chhattisgarh,2019,1,Retail,4062272,980947178.8722672
Chhattisgarh,2019,1,Utility,447231,309540800.2896508
Chhattisgarh,2019,2,P2P,4418365,16503405313.262173
Chhattisgarh,2019,2,Retail,5256226,1361661066.5028129
Chhattisgarh,2019,2,Utility,467315,381191794.5758914
Chhattisgarh,2019,3,P2P,5228457,19119241933.42723
Chhattisgarh,2019,3,Retail,6394057,1726263827.0973592
Chhattisgarh,2019,3,Utility,837626,571122195.3147383
Chhattisgarh,2019,4,P2P,7300968,25385146250.63431
Chhattisgarh,2019,4,Retail,7244686,2241189830.883694
Chhattisgarh,2019,4,Utility,1811639,836791021.5801977
Chhattisgarh,2020,1,P2P,7781097,28456900970.186348
Chhattisgarh,2020,1,Retail,8600738,3076920516.1918325
Chhattisgarh,2020,1,Utility,2711559,1057074133.2345296
Chhattisgarh,2020,2,P2P,8442089,32203052810.64556
Chhattisgarh,2020,2,Retail,8614241,3971217616.4122953
Chhattisgarh,2020,2,Utility,3952782,1450120869.071852
Chhattisgarh,2020,3,P2P,12041208,42839534553.48503
Chhattisgarh,2020,3,Retail,12030721,6020586808.801028
Chhattisgarh,2020,3,Utility,4210764,1857405996.4025812
Chhattisgarh,2020,4,P2P,16417563,58558268200.87431
Chhattisgarh,2020,4,Retail,18163320,10151551263.973019
Chhattisgarh,2020,4,Utility,5223775,2378291823.7794766
Chhattisgarh,2021,1,P2P,19316584,68390611332.8906
Chhattisgarh,2021,1,Retail,19091610,13086702723.98989
Chhattisgarh,2021,1,Utility,10222266,3560607742.1868725
Chhattisgarh,2021,2,P2P,23437224,78058194775.76451
Chhattisgarh,2021,2,Retail,19178737,15979624167.123646
Chhattisgarh,2021,2,Utility,14858951,4749198822.971389
Chhattisgarh,2021,3,P2P,31909232,99499740606.44696
Chhattisgarh,2021,3,Retail,33321770,23693485284.03457
Chhattisgarh,2021,3,Utility,15486870,5663499446.814711
Chhattisgarh,2021,4,P2P,35131434,107259337940.64285
Chhattisgarh,2021,4,Retail,42220296,29698463598.03321
Chhattisgarh,2021,4,Utility,13634340,5939746042.620514
Chhattisgarh,2022,1,P2P,45584964,141720336371.81226
Chhattisgarh,2022,1,Retail,57726019,39195901284.535034
Chhattisgarh,2022,1,Utility,15340629,7269784033.518572
Chhattisgarh,2022,2,P2P,52204431,160672636405.20227
Chhattisgarh,2022,2,Retail,73440835,48154530023.61329
Chhattisgarh,2022,2,Utility,18004384,8313919806.111185
Chhattisgarh,2022,3,P2P,61107108,170314587802.615
Chhattisgarh,2022,3,Retail,87352711,52183614996.599335
Chhattisgarh,2022,3,Utility,20317816,9836928176.518215
Chhattisgarh,2022,4,P2P,69413479,194665962701.71442
Chhattisgarh,2022,4,Retail,102175844,61778156867.15517
Chhattisgarh,2022,4,Utility,21052451,10718672750.324045
Chhattisgarh,2023,1,P2P,76789266,221276268653.86865
Chhattisgarh,2023,1,Retail,113977816,66166419693.63317
Chhattisgarh,2023,1,Utility,23918375,12101372198.624039
Chhattisgarh,2023,2,P2P,86943045,243309053293.7799
Chhattisgarh,2023,2,Retail,136171929,74406227375.2309
Chhattisgarh,2023,2,Utility,27053139,13743470449.964737
Chhattisgarh,2023,3,P2P,97126941,251762398611.28284
Chhattisgarh,2023,3,Retail,158512662,82148157995.35437
Chhattisgarh,2023,3,Utility,27931179,15323574495.4424
Chhattisgarh,2023,4,P2P,110933299,287921577367.01697
Chhattisgarh,2023,4,Retail,183166600,99469897291.36981
Chhattisgarh,2023,4,Utility,28461939,16872123833.628119
Chhattisgarh,2024,1,P2P,124650369,330275902030.3138
Chhattisgarh,2024,1,Retail,209330663,113386320406.94305
Chhattisgarh,2024,1,Utility,32670030,19367928537.40054
Chhattisgarh,2024,2,P2P,134770237,347372864362.27997
Chhattisgarh,2024,2,Retail,241644172,126772976226.53365
Chhattisgarh,2024,2,Utility,36083364,21193685393.288826
Chhattisgarh,2024,3,P2P,146277797,342222461356.3998
Chhattisgarh,2024,3,Retail,260777393,128573992754.84366
Chhattisgarh,2024,3,Utility,36086655,25131241007.308952
Chhattisgarh,2024,4,P2P,166440802,398333402706.46814
Chhattisgarh,2024,4,Retail,296276945,149840330219.5924
Chhattisgarh,2024,4,Utility,37316174,27198344082.406624
Chhattisgarh,2025,1,P2P,164285124,412319347410.806
Chhattisgarh,2025,1,Retail,292745236,144381936256.64523
Chhattisgarh,2025,1,Utility,41684435,28935560914.55092
Chhattisgarh,2025,2,P2P,166802677,402008315155.81885
Chhattisgarh,2025,2,Retail,320942200,153727687156.20544
Chhattisgarh,2025,2,Utility,42493171,29221148058.36684
Chhattisgarh,2025,3,P2P,179010025,390633327973.07587
Chhattisgarh,2025,3,Retail,346929895,156299005139.77493
Chhattisgarh,2025,3,Utility,41810158,32498032996.625614
Chhattisgarh,2025,4,P2P,194816642,429735402767.80164
Chhattisgarh,2025,4,Retail,369466099,174934922143.60156
Chhattisgarh,2025,4,Utility,41418377,34633663697.192986
Chhattisgarh,2026,1,P2P,199909355,462304732500.98254
Chhattisgarh,2026,1,Retail,381331900,182176255365.59518
Chhattisgarh,2026,1,Utility,44200445,37502090879.16752
Chhattisgarh,2026,2,P2P,199041865,449961160989.97925
Chhattisgarh,2026,2,Retail,402505854,191348370115.37585
Chhattisgarh,2026,2,Utility,44653852,37091821355.91428
Dadra & Nagar Haveli & Daman & Diu,2018,1,P2P,48727,173922810.93770158
Dadra & Nagar Haveli & Daman & Diu,2018,1,Retail,124310,24948334.23040723
Dadra & Nagar Haveli & Daman & Diu,2018,1,Utility,2712,4867363.158124156
Dadra & Nagar Haveli & Daman & Diu,2018,2,P2P,75693,293723370.6416336
Dadra & Nagar Haveli & Daman & Diu,2018,2,Retail,150355,33572404.964676365
Dadra & Nagar Haveli & Daman & Diu,2018,2,Utility,7282,12424637.82031374
Dadra & Nagar Haveli & Daman & Diu,2018,3,P2P,125652,435737334.31896126
Dadra & Nagar Haveli & Daman & Diu,2018,3,Retail,190778,42424847.55864592
Dadra & Nagar Haveli & Daman & Diu,2018,3,Utility,10687,16566104.203027183
Dadra & Nagar Haveli & Daman & Diu,2018,4,Retail,240461,62916164.34445451
Dadra & Nagar Haveli & Daman & Diu,2018,4,P2P,207646,631929303.1922213
Dadra & Nagar Haveli & Daman & Diu,2018,4,Utility,12612,24102879.206641648
Dadra & Nagar Haveli & Daman & Diu,2019,1,P2P,463399,873419568.1768848
Dadra & Nagar Haveli & Daman & Diu,2019,1,Retail,285372,68511994.70455506
Dadra & Nagar Haveli & Daman & Diu,2019,1,Utility,16689,30647048.735031884
Dadra & Nagar Haveli & Daman & Diu,2019,2,P2P,320409,967478586.1172
Dadra & Nagar Haveli & Daman & Diu,2019,2,Retail,324440,85245153.88679248
Dadra & Nagar Haveli & Daman & Diu,2019,2,Utility,15630,34573296.7171056
Dadra & Nagar Haveli & Daman & Diu,2019,3,P2P,340048,1127757512.0271516
Dadra & Nagar Haveli & Daman & Diu,2019,3,Retail,371757,93514062.99208686
Dadra & Nagar Haveli & Daman & Diu,2019,3,Utility,42282,57540452.12475542
Dadra & Nagar Haveli & Daman & Diu,2019,4,P2P,439004,1425683989.9855833
Dadra & Nagar Haveli & Daman & Diu,2019,4,Retail,375567,102520282.2244871
Dadra & Nagar Haveli & Daman & Diu,2019,4,Utility,102306,87165323.30676733
Dadra & Nagar Haveli & Daman & Diu,2020,1,P2P,449715,1534425694.1009822
Dadra & Nagar Haveli & Daman & Diu,2020,1,Retail,459843,145900422.44347167
Dadra & Nagar Haveli & Daman & Diu,2020,1,Utility,149809,102741983.06915921
Dadra & Nagar Haveli & Daman & Diu,2020,2,P2P,427476,1386584598.5423698
Dadra & Nagar Haveli & Daman & Diu,2020,2,Retail,483124,172035286.74727154
Dadra & Nagar Haveli & Daman & Diu,2020,2,Utility,218092,107254586.61550687
Dadra & Nagar Haveli & Daman & Diu,2020,3,P2P,553718,1842684104.4258578
Dadra & Nagar Haveli & Daman & Diu,2020,3,Retail,633739,267066774.948902
Dadra & Nagar Haveli & Daman & Diu,2020,3,Utility,194133,136803066.4370658
Dadra & Nagar Haveli & Daman & Diu,2020,4,Retail,1023837,425716810.3837665
Dadra & Nagar Haveli & Daman & Diu,2020,4,P2P,780882,2519992787.534582
Dadra & Nagar Haveli & Daman & Diu,2020,4,Utility,269757,172047228.28510273
Dadra & Nagar Haveli & Daman & Diu,2021,1,P2P,981563,2987393172.6444125
Dadra & Nagar Haveli & Daman & Diu,2021,1,Retail,969125,488662440.7362417
Dadra & Nagar Haveli & Daman & Diu,2021,1,Utility,517520,243676339.24685007
Dadra & Nagar Haveli & Daman & Diu,2021,2,P2P,1108625,3233341875.2592144
Dadra & Nagar Haveli & Daman & Diu,2021,2,Utility,640807,275842453.28669035
Dadra & Nagar Haveli & Daman & Diu,2021,2,Retail,1065450,549028863.815704
Dadra & Nagar Haveli & Daman & Diu,2021,3,P2P,1642468,4233929473.387965
Dadra & Nagar Haveli & Daman & Diu,2021,3,Retail,1727177,902103260.8246441
Dadra & Nagar Haveli & Daman & Diu,2021,3,Utility,761155,351769262.772539
Dadra & Nagar Haveli & Daman & Diu,2021,4,P2P,1752030,4558102365.961362
Dadra & Nagar Haveli & Daman & Diu,2021,4,Retail,2297983,1177490391.8723516
Dadra & Nagar Haveli & Daman & Diu,2021,4,Utility,668701,337606420.1573523
Dadra & Nagar Haveli & Daman & Diu,2022,1,P2P,2194931,5756569583.282944
Dadra & Nagar Haveli & Daman & Diu,2022,1,Retail,3219540,1494674837.551186
Dadra & Nagar Haveli & Daman & Diu,2022,1,Utility,685309,378839231.5065365
Dadra & Nagar Haveli & Daman & Diu,2022,2,P2P,2354655,6266782101.437123
Dadra & Nagar Haveli & Daman & Diu,2022,2,Retail,4326687,1849919115.1206656
Dadra & Nagar Haveli & Daman & Diu,2022,2,Utility,750002,432198480.79924077
Dadra & Nagar Haveli & Daman & Diu,2022,3,P2P,2905787,7163400206.38326
Dadra & Nagar Haveli & Daman & Diu,2022,3,Retail,5333300,2321778789.2197475
Dadra & Nagar Haveli & Daman & Diu,2022,3,Utility,928626,531749624.9640998
Dadra & Nagar Haveli & Daman & Diu,2022,4,Retail,6545310,2695242971.231616
Dadra & Nagar Haveli & Daman & Diu,2022,4,P2P,3196176,7949488605.452898
Dadra & Nagar Haveli & Daman & Diu,2022,4,Utility,926056,565651690.9761795
Dadra & Nagar Haveli & Daman & Diu,2023,1,P2P,3455321,8690839834.769295
Dadra & Nagar Haveli & Daman & Diu,2023,1,Retail,7186722,2895571914.906807
Dadra & Nagar Haveli & Daman & Diu,2023,1,Utility,985895,598150735.936276
Dadra & Nagar Haveli & Daman & Diu,2023,2,P2P,3776627,9403111214.955456
Dadra & Nagar Haveli & Daman & Diu,2023,2,Utility,1059690,698237300.1023753
Dadra & Nagar Haveli & Daman & Diu,2023,2,Retail,8303022,3192629793.2630506
Dadra & Nagar Haveli & Daman & Diu,2023,3,P2P,4410140,10186035993.268154
Dadra & Nagar Haveli & Daman & Diu,2023,3,Retail,9373489,3610567625.778575
Dadra & Nagar Haveli & Daman & Diu,2023,3,Utility,1162740,785693398.5544412
Dadra & Nagar Haveli & Daman & Diu,2023,4,P2P,5097316,11696943827.101442
Dadra & Nagar Haveli & Daman & Diu,2023,4,Retail,11546558,4394972815.938164
Dadra & Nagar Haveli & Daman & Diu,2023,4,Utility,1206838,891618537.391061
Dadra & Nagar Haveli & Daman & Diu,2024,1,P2P,5816338,12927838666.149841
Dadra & Nagar Haveli & Daman & Diu,2024,1,Retail,13145056,4904448704.477424
Dadra & Nagar Haveli & Daman & Diu,2024,1,Utility,1392162,933179220.2111424
Dadra & Nagar Haveli & Daman & Diu,2024,2,P2P,6167656,13396294280.088585
Dadra & Nagar Haveli & Daman & Diu,2024,2,Utility,1482566,982288600.9738746
Dadra & Nagar Haveli & Daman & Diu,2024,2,Retail,14877323,5091943194.875149
Dadra & Nagar Haveli & Daman & Diu,2024,3,P2P,6931855,14166475339.182072
Dadra & Nagar Haveli & Daman & Diu,2024,3,Retail,15976900,5312801024.847244
Dadra & Nagar Haveli & Daman & Diu,2024,3,Utility,1543426,1119430849.1581168
Dadra & Nagar Haveli & Daman & Diu,2024,4,P2P,7537976,15714527912.616547
Dadra & Nagar Haveli & Daman & Diu,2024,4,Retail,18263646,6005434215.304943
Dadra & Nagar Haveli & Daman & Diu,2024,4,Utility,1552401,1185286200.916429
Dadra & Nagar Haveli & Daman & Diu,2025,1,P2P,7221487,15381613050.452007
Dadra & Nagar Haveli & Daman & Diu,2025,1,Retail,18323342,5748924506.022295
Dadra & Nagar Haveli & Daman & Diu,2025,1,Utility,1562980,1216433795.741664
Dadra & Nagar Haveli & Daman & Diu,2025,2,P2P,7216216,15697142321.501778
Dadra & Nagar Haveli & Daman & Diu,2025,2,Retail,19481392,6173896051.839803
Dadra & Nagar Haveli & Daman & Diu,2025,2,Utility,1527743,1275098641.2109911
Dadra & Nagar Haveli & Daman & Diu,2025,3,P2P,8208256,16656596145.799404
Dadra & Nagar Haveli & Daman & Diu,2025,3,Retail,21544940,6601960167.100299
Dadra & Nagar Haveli & Daman & Diu,2025,3,Utility,1690805,1414797727.6914208
Dadra & Nagar Haveli & Daman & Diu,2025,4,Retail,22194792,6864792130.831701
Dadra & Nagar Haveli & Daman & Diu,2025,4,P2P,8706241,17843302200.57017
Dadra & Nagar Haveli & Daman & Diu,2025,4,Utility,1645644,1487016855.6618056
Dadra & Nagar Haveli & Daman & Diu,2026,1,P2P,9026170,18365631011.367126
Dadra & Nagar Haveli & Daman & Diu,2026,1,Retail,23012051,6982981705.038947
Dadra & Nagar Haveli & Daman & Diu,2026,1,Utility,1680935,1595154558.7468367
Dadra & Nagar Haveli & Daman & Diu,2026,2,P2P,8616843,17760169467.527782
Dadra & Nagar Haveli & Daman & Diu,2026,2,Utility,1527516,1657169648.0755792
Dadra & Nagar Haveli & Daman & Diu,2026,2,Retail,22891864,7135173536.138385
Delhi,2018,1,P2P,1615875,6613992284.600445
Delhi,2018,1,Retail,2985448,1148984698.5722213
Delhi,2018,1,Utility,260065,508394810.21996593
Delhi,2018,2,P2P,2449953,10705276058.987059
Delhi,2018,2,Retail,3933398,1674224616.104566
Delhi,2018,2,Utility,506635,985088769.1934346
Delhi,2018,3,P2P,3857294,15638095034.731197
Delhi,2018,3,Retail,7857195,2613651174.5518723
Delhi,2018,3,Utility,860477,1706152494.9070094
Delhi,2018,4,P2P,6896926,24140960272.660408
Delhi,2018,4,Retail,16093319,4622198284.567203
Delhi,2018,4,Utility,1860729,2261485270.585554
Delhi,2019,1,P2P,13271887,34913555078.46779
Delhi,2019,1,Retail,20659076,6224432708.54089
Delhi,2019,1,Utility,2963382,3162670528.154049
Delhi,2019,2,P2P,14006642,45424390322.526535
Delhi,2019,2,Retail,25329627,9314644671.152843
Delhi,2019,2,Utility,3677505,4229828493.4022827
Delhi,2019,3,P2P,17777669,56924131935.82279
Delhi,2019,3,Retail,32091616,11239237226.551504
Delhi,2019,3,Utility,5872908,8305625997.148831
Delhi,2019,4,P2P,22990805,73172930044.70358
Delhi,2019,4,Retail,31670633,10701074648.996319
Delhi,2019,4,Utility,7887397,9778026268.105232
Delhi,2020,1,P2P,23652153,79643697565.12839
Delhi,2020,1,Retail,33050230,12398014613.550798
Delhi,2020,1,Utility,8215685,9256207125.792097
Delhi,2020,2,P2P,19831287,62176284868.57231
Delhi,2020,2,Retail,25679771,11742361243.95334
Delhi,2020,2,Utility,6930252,7081687503.486639
Delhi,2020,3,P2P,29703975,99923705586.27753
Delhi,2020,3,Retail,36733987,18161602168.056664
Delhi,2020,3,Utility,7424548,11694162769.293404
Delhi,2020,4,P2P,39937336,137657058710.51184
Delhi,2020,4,Retail,50818263,26604889258.919285
Delhi,2020,4,Utility,10505343,13477649399.133898
Delhi,2021,1,P2P,46702955,159960330930.0562
Delhi,2021,1,Retail,56615267,30330419267.654118
Delhi,2021,1,Utility,16835054,15377680320.739393
Delhi,2021,2,P2P,48255308,157762948535.56097
Delhi,2021,2,Retail,54742475,29794539964.782265
Delhi,2021,2,Utility,18473500,14943987143.104588
Delhi,2021,3,P2P,67534917,221326121339.71634
Delhi,2021,3,Retail,82693069,45769301103.46325
Delhi,2021,3,Utility,22523596,21020350819.261585
Delhi,2021,4,P2P,69394557,238511455799.33386
Delhi,2021,4,Retail,91396064,54797023087.60566
Delhi,2021,4,Utility,19381497,18837003591.962708
Delhi,2022,1,P2P,84352873,290358593974.25073
Delhi,2022,1,Retail,118196322,65920349212.4068
Delhi,2022,1,Utility,20602963,20096780828.376175
Delhi,2022,2,P2P,97270927,337367962271.49725
Delhi,2022,2,Retail,159256415,81700616850.92065
Delhi,2022,2,Utility,24135356,23946955799.75454
Delhi,2022,3,P2P,114108021,376772418407.59564
Delhi,2022,3,Retail,193226144,98636196166.26532
Delhi,2022,3,Utility,28810329,31706088608.42137
Delhi,2022,4,P2P,121689844,412210552611.67444
Delhi,2022,4,Retail,213906227,112404157621.94623
Delhi,2022,4,Utility,29427236,31422987101.984715
Delhi,2023,1,P2P,134544771,458028820879.5006
Delhi,2023,1,Retail,241528649,121313029656.01613
Delhi,2023,1,Utility,32210985,32173479383.219826
Delhi,2023,2,P2P,150932258,495941983754.56287
Delhi,2023,2,Retail,293401714,129247536089.43745
Delhi,2023,2,Utility,35543813,36334755912.00261
Delhi,2023,3,P2P,166704530,520576287385.6996
Delhi,2023,3,Retail,339588954,144799573808.67517
Delhi,2023,3,Utility,38169781,42009041794.48242
Delhi,2023,4,P2P,184185421,584988930790.5793
Delhi,2023,4,Retail,373762989,169985173073.26645
Delhi,2023,4,Utility,38030327,45059130526.547806
Delhi,2024,1,P2P,196018058,600721954771.1904
Delhi,2024,1,Retail,411667423,187508137199.01968
Delhi,2024,1,Utility,41003547,44796786305.64227
Delhi,2024,2,P2P,219740879,637068836354.2264
Delhi,2024,2,Retail,509081017,207239240263.8697
Delhi,2024,2,Utility,45492460,51437891875.32538
Delhi,2024,3,P2P,242375284,671865064849.4386
Delhi,2024,3,Retail,552938672,223350915074.8234
Delhi,2024,3,Utility,49397556,65678830427.21243
Delhi,2024,4,P2P,261111396,744703563662.6298
Delhi,2024,4,Retail,597843647,248904926072.35602
Delhi,2024,4,Utility,51136394,65216051851.69355
Delhi,2025,1,P2P,270766003,762233475223.4039
Delhi,2025,1,Retail,618162326,246077008868.07806
Delhi,2025,1,Utility,58066232,67385225958.08297
Delhi,2025,2,P2P,270015501,740416272198.686
Delhi,2025,2,Retail,662259192,249841974687.52698
Delhi,2025,2,Utility,56078668,69139349365.76556
Delhi,2025,3,P2P,293655235,758269517331.4297
Delhi,2025,3,Retail,714113988,269528345722.08527
Delhi,2025,3,Utility,61548053,82515676925.47958
Delhi,2025,4,P2P,299388404,798960173880.069
Delhi,2025,4,Retail,727159498,286065578349.8772
Delhi,2025,4,Utility,61435469,85592900072.04367
Delhi,2026,1,P2P,296399539,786226510832.888
Delhi,2026,1,Retail,729639080,285358645173.2632
Delhi,2026,1,Utility,61742114,86140469828.58182
Delhi,2026,2,P2P,306838191,788970305372.6831
Delhi,2026,2,Retail,802878308,297272270584.85706
Delhi,2026,2,Utility,62188327,90318390519.361
Goa,2018,1,P2P,66717,310536052.23286796
Goa,2018,1,Retail,115688,34823549.82725595
Goa,2018,1,Utility,978,3706755.8401621096
Goa,2018,2,Retail,155786,54220801.88759233
Goa,2018,2,Utility,4759,9572153.782816034
Goa,2018,2,P2P,96965,471809490.7501093
Goa,2018,3,P2P,161853,705058399.8624825
Goa,2018,3,Retail,206471,66761711.43530022
Goa,2018,3,Utility,8189,12930494.776342005
Goa,2018,4,P2P,268194,1128994262.6471426
Goa,2018,4,Retail,301078,118946446.865731
Goa,2018,4,Utility,10375,19503060.335480757
Goa,2019,1,P2P,442149,1540894595.8259363
Goa,2019,1,Retail,405891,154768961.85554752
Goa,2019,1,Utility,21039,33620208.430851
Goa,2019,2,Retail,527008,216078095.09677684
Goa,2019,2,Utility,29378,47971583.95144659
Goa,2019,2,P2P,510080,1900979217.6254444
Goa,2019,3,P2P,649002,2332499708.247799
Goa,2019,3,Retail,625843,255827932.74583995
Goa,2019,3,Utility,77114,95042983.35279098
Goa,2019,4,P2P,959581,3384078979.629251
Goa,2019,4,Retail,742233,358502884.4831424
Goa,2019,4,Utility,199647,172556157.06434244
Goa,2020,1,P2P,1095516,3821555533.939994
Goa,2020,1,Retail,920792,473180121.1979971
Goa,2020,1,Utility,292336,197255866.45560712
Goa,2020,2,Retail,763049,332384440.0055257
Goa,2020,2,Utility,347749,149255751.01184732
Goa,2020,2,P2P,629488,2233504878.533367
Goa,2020,3,P2P,847145,3049124095.680682
Goa,2020,3,Retail,966368,520047755.90529764
Goa,2020,3,Utility,319592,196589249.12605613
Goa,2020,4,P2P,1695904,5930909081.452722
Goa,2020,4,Retail,1953066,1319712025.886392
Goa,2020,4,Utility,497313,314574563.3806375
Goa,2021,1,P2P,2574988,8620518353.688997
Goa,2021,1,Retail,2615744,2069116577.4787273
Goa,2021,1,Utility,978889,488842668.3224066
Goa,2021,2,P2P,2032902,6715796538.132618
Goa,2021,2,Retail,2174178,1619857190.6634598
Goa,2021,2,Utility,1136351,449071896.2735516
Goa,2021,3,P2P,2861832,8645137242.722237
Goa,2021,3,Retail,3288618,2427523988.2154765
Goa,2021,3,Utility,1267079,546148040.8793132
Goa,2021,4,P2P,4502621,13584946479.15039
Goa,2021,4,Retail,5639629,4456412842.244863
Goa,2021,4,Utility,1323738,702164625.7760279
Goa,2022,1,P2P,5223491,15875191370.21629
Goa,2022,1,Retail,7310623,5294159342.0660715
Goa,2022,1,Utility,1394762,766596116.5166826
Goa,2022,2,Retail,8797632,6258135771.36121
Goa,2022,2,Utility,1565643,943735904.8004849
Goa,2022,2,P2P,5658819,17676315842.617714
Goa,2022,3,P2P,6030389,18067302313.098553
Goa,2022,3,Retail,10069731,6700475073.702237
Goa,2022,3,Utility,1681161,1044017318.8822618
Goa,2022,4,P2P,7786510,23343772326.222736
Goa,2022,4,Retail,13577360,8952887540.397871
Goa,2022,4,Utility,1856794,1205798495.5616136
Goa,2023,1,P2P,8076526,24782822186.65268
Goa,2023,1,Retail,14541027,9321363838.650578
Goa,2023,1,Utility,1908727,1166548793.9485207
Goa,2023,2,P2P,8592814,26989476119.05048
Goa,2023,2,Retail,16228200,10305424527.268555
Goa,2023,2,Utility,2043786,1320263326.4550257
Goa,2023,3,P2P,8489626,25735977910.63273
Goa,2023,3,Retail,16701945,10334137414.25667
Goa,2023,3,Utility,2057103,1380265196.744306
Goa,2023,4,P2P,10436608,30357599365.89698
Goa,2023,4,Retail,21043935,12500698100.045464
Goa,2023,4,Utility,2163377,1536909833.5859876
Goa,2024,1,P2P,10733878,31108151676.00746
Goa,2024,1,Retail,22126561,12788395634.23257
Goa,2024,1,Utility,2285672,1549138115.4228384
Goa,2024,2,P2P,10934962,32156518359.72537
Goa,2024,2,Retail,23876060,13694370360.739586
Goa,2024,2,Utility,2371417,1668520670.5833526
Goa,2024,3,P2P,10857503,30760016491.36801
Goa,2024,3,Retail,23713527,13437421733.723087
Goa,2024,3,Utility,2395328,1793564569.9947011
Goa,2024,4,P2P,13498885,37718960190.534454
Goa,2024,4,Retail,30230530,16806830557.782478
Goa,2024,4,Utility,2589479,2111950444.7605386
Goa,2025,1,P2P,14131627,39556762155.04491
Goa,2025,1,Retail,32194383,17031672278.39053
Goa,2025,1,Utility,2867963,2218777517.2146273
Goa,2025,2,Retail,30469355,16381605082.804695
Goa,2025,2,Utility,2669494,2223336859.9262238
Goa,2025,2,P2P,12632826,36764507637.62322
Goa,2025,3,P2P,12865476,35810476598.59219
Goa,2025,3,Retail,30620188,16133449858.346573
Goa,2025,3,Utility,2665063,2394937636.7766457
Goa,2025,4,P2P,14936827,42411166200.74965
Goa,2025,4,Retail,35239184,18707949941.26777
Goa,2025,4,Utility,2775581,2694200725.8649597
Goa,2026,1,P2P,15481410,45050668406.35262
Goa,2026,1,Retail,36831929,19293193291.584454
Goa,2026,1,Utility,2855777,2980145782.5700717
Goa,2026,2,P2P,14983673,45463068165.06054
Goa,2026,2,Retail,37488228,20474518612.544815
Goa,2026,2,Utility,2736896,3152221526.6400623
Gujarat,2018,1,P2P,1830544,6762137481.102274
Gujarat,2018,1,Retail,4636584,1134586522.8238597
Gujarat,2018,1,Utility,168384,300866206.4375081
Gujarat,2018,2,P2P,2611334,10651072387.829233
Gujarat,2018,2,Retail,5503458,1684265079.149573
Gujarat,2018,2,Utility,461319,704278948.9668446
Gujarat,2018,3,P2P,5489933,16038431059.0648
Gujarat,2018,3,Retail,6110333,1874519965.284636
Gujarat,2018,3,Utility,641837,952518228.8130181
Gujarat,2018,4,P2P,6833499,22475442724.82301
Gujarat,2018,4,Retail,8704983,2779154354.84725
Gujarat,2018,4,Utility,769597,1217540524.0364153
Gujarat,2019,1,P2P,13774066,31830456973.84762
Gujarat,2019,1,Retail,11548425,3410640248.8722563
Gujarat,2019,1,Utility,1132735,1606666130.13561
Gujarat,2019,2,P2P,11595434,38772998449.40402
Gujarat,2019,2,Retail,15025058,5186350748.119178
Gujarat,2019,2,Utility,1171086,2171195598.2231646
Gujarat,2019,3,P2P,13435353,45589287054.42612
Gujarat,2019,3,Retail,21282425,6391485229.123528
Gujarat,2019,3,Utility,2150621,3885402181.3548374
Gujarat,2019,4,P2P,17984643,60844661776.39328
Gujarat,2019,4,Retail,18884739,6496668606.27363
Gujarat,2019,4,Utility,4541135,5735741429.003649
Gujarat,2020,1,P2P,18268400,69446094217.86783
Gujarat,2020,1,Utility,6372515,5914243267.884684
Gujarat,2020,1,Retail,22371270,8816943803.388903
Gujarat,2020,2,P2P,15009269,55751777854.7558
Gujarat,2020,2,Retail,21301458,9521225109.131428
Gujarat,2020,2,Utility,8469098,5693366756.681842
Gujarat,2020,3,P2P,22093055,85200104694.16922
Gujarat,2020,3,Retail,28750957,14551839048.062368
Gujarat,2020,3,Utility,7929243,8196745783.242428
Gujarat,2020,4,P2P,28915624,113092134669.80682
Gujarat,2020,4,Retail,37351915,21857512542.228
Gujarat,2020,4,Utility,11083263,10093579035.79671
Gujarat,2021,1,P2P,35155051,140133012341.4268
Gujarat,2021,1,Retail,36594813,25497393739.665836
Gujarat,2021,1,Utility,21245003,13063048886.273935
Gujarat,2021,2,P2P,39949396,156153025527.05435
Gujarat,2021,2,Retail,41144828,31203447408.707214
Gujarat,2021,2,Utility,27647135,15704035068.243153
Gujarat,2021,3,P2P,54390293,202343821553.0212
Gujarat,2021,3,Retail,61450401,45832164206.23178
Gujarat,2021,3,Utility,30725112,18698965906.869717
Gujarat,2021,4,P2P,56399845,214167319546.482
Gujarat,2021,4,Retail,71950994,57984242783.6033
Gujarat,2021,4,Utility,27265731,18612406225.751488
Gujarat,2022,1,P2P,74150580,280237976815.8032
Gujarat,2022,1,Utility,29300212,21083579862.536137
Gujarat,2022,1,Retail,98716618,73854424688.61642
Gujarat,2022,2,P2P,82061815,312466795978.4444
Gujarat,2022,2,Retail,126999953,88015554298.54364
Gujarat,2022,2,Utility,33804215,24709677454.09206
Gujarat,2022,3,P2P,100513268,353341748102.84106
Gujarat,2022,3,Retail,157589389,108862452440.2586
Gujarat,2022,3,Utility,40067690,30256767842.84704
Gujarat,2022,4,P2P,108856133,393365591191.5841
Gujarat,2022,4,Retail,179290320,122421777096.2709
Gujarat,2022,4,Utility,40928065,32252120001.519684
Gujarat,2023,1,P2P,121055664,436812018987.6222
Gujarat,2023,1,Retail,204120466,133026414972.74902
Gujarat,2023,1,Utility,43825872,33024222004.80917
Gujarat,2023,2,P2P,132213776,470670264353.22546
Gujarat,2023,2,Retail,245264196,141708353851.60684
Gujarat,2023,2,Utility,47973734,38210355596.72904
Gujarat,2023,3,P2P,151993907,508855967473.9337
Gujarat,2023,3,Retail,282686065,161827076541.3655
Gujarat,2023,3,Utility,50932042,42653648567.882614
Gujarat,2023,4,P2P,167346113,568262112287.967
Gujarat,2023,4,Retail,323807182,186803414836.13202
Gujarat,2023,4,Utility,51225825,48329716059.65257
Gujarat,2024,1,P2P,188201304,619601605795.4789
Gujarat,2024,1,Retail,369258483,211956788762.37778
Gujarat,2024,1,Utility,56638527,49461711883.96463
Gujarat,2024,2,P2P,199975569,639387141728.2634
Gujarat,2024,2,Retail,441428904,226554987061.83627
Gujarat,2024,2,Utility,60516982,53086503357.79835
Gujarat,2024,3,P2P,225932859,672681661804.3927
Gujarat,2024,3,Retail,473594132,236324174541.72534
Gujarat,2024,3,Utility,64160595,61250489615.300446
Gujarat,2024,4,P2P,244412869,751713713924.8728
Gujarat,2024,4,Retail,522588190,263381399652.86072
Gujarat,2024,4,Utility,64354451,67135355895.28967
Gujarat,2025,1,P2P,261049938,777747496706.7205
Gujarat,2025,1,Utility,71901303,70587121960.1921
Gujarat,2025,1,Retail,569309965,262523109769.7559
Gujarat,2025,2,P2P,251082446,738410752728.0293
Gujarat,2025,2,Retail,602292300,265781701670.59943
Gujarat,2025,2,Utility,66134130,70059869954.2934
Gujarat,2025,3,P2P,289978000,788243563657.4872
Gujarat,2025,3,Retail,684049224,288971222650.20703
Gujarat,2025,3,Utility,71326567,78417731943.17357
Gujarat,2025,4,P2P,305349338,848179638521.8336
Gujarat,2025,4,Retail,672395110,301650891249.64813
Gujarat,2025,4,Utility,70450414,85033852619.73384
Gujarat,2026,1,P2P,333335610,889541066017.2048
Gujarat,2026,1,Utility,73998228,88769378212.81226
Gujarat,2026,1,Retail,720203459,316078132789.73895
Gujarat,2026,2,P2P,330324037,875847066384.0886
Gujarat,2026,2,Retail,757197417,330648008438.8225
Gujarat,2026,2,Utility,70381232,91193812865.43333
Haryana,2018,1,Retail,3258301,921962662.2857671
Haryana,2018,1,P2P,1735441,6466324259.880962
Haryana,2018,1,Utility,50655,192412980.3611545
Haryana,2018,2,P2P,2579978,10756226947.410044
Haryana,2018,2,Retail,4054740,1283102502.2169936
Haryana,2018,2,Utility,232435,482200088.3174615
Haryana,2018,3,P2P,3891786,15697762780.228771
Haryana,2018,3,Retail,4806047,1435055516.3517344
Haryana,2018,3,Utility,337486,732026846.6028346
Haryana,2018,4,P2P,6368684,24320375715.122402
Haryana,2018,4,Retail,7602117,2323379573.2382464
Haryana,2018,4,Utility,555261,1006500206.0911402
Haryana,2019,1,Retail,10298565,2967221795.9857273
Haryana,2019,1,P2P,14454322,34271499920.528263
Haryana,2019,1,Utility,883953,1353273188.0664718
Haryana,2019,2,P2P,12805219,44489556337.047264
Haryana,2019,2,Retail,14367720,4791865213.642747
Haryana,2019,2,Utility,1125662,1813305597.8687372
Haryana,2019,3,P2P,14597118,53165539846.18116
Haryana,2019,3,Retail,19464332,5946595828.171164
Haryana,2019,3,Utility,2072737,3768014081.9824142
Haryana,2019,4,P2P,19453976,70114406431.91519
Haryana,2019,4,Retail,21364196,6949531617.42273
Haryana,2019,4,Utility,3922821,5365266370.777965
Haryana,2020,1,P2P,21051976,79202979083.63593
Haryana,2020,1,Retail,25036070,9261885732.042034
Haryana,2020,1,Utility,5251155,5787254726.7343025
Haryana,2020,2,P2P,19749837,74100532066.87581
Haryana,2020,2,Retail,20771849,10065412913.467943
Haryana,2020,2,Utility,5978008,5066979862.667367
Haryana,2020,3,P2P,29036906,105267409721.62671
Haryana,2020,3,Retail,32099499,15493827672.955091
Haryana,2020,3,Utility,6230451,7587338414.735865
Haryana,2020,4,P2P,37925384,142624913100.8062
Haryana,2020,4,Retail,44510568,23379747026.02908
Haryana,2020,4,Utility,8902670,10134267689.14429
Haryana,2021,1,Retail,46819759,25524850909.498516
Haryana,2021,1,P2P,43022006,156973368055.86383
Haryana,2021,1,Utility,15942911,12184611186.093536
Haryana,2021,2,P2P,51942602,187026471885.18204
Haryana,2021,2,Utility,20392290,14272764619.079763
Haryana,2021,2,Retail,52047541,31013340907.454784
Haryana,2021,3,P2P,66050125,218968089449.37064
Haryana,2021,3,Retail,77143949,43049444164.4685
Haryana,2021,3,Utility,22571715,17320036008.685314
Haryana,2021,4,P2P,67543542,239058815319.4356
Haryana,2021,4,Retail,85064659,52811212051.51834
Haryana,2021,4,Utility,20117157,17724691591.464275
Haryana,2022,1,P2P,85153388,297357808870.64557
Haryana,2022,1,Retail,112255341,65206757033.41636
Haryana,2022,1,Utility,23133103,20118029167.213234
Haryana,2022,2,P2P,96613876,340396093513.9016
Haryana,2022,2,Retail,148317828,80785604379.00717
Haryana,2022,2,Utility,26335681,23025729214.80062
Haryana,2022,3,P2P,113184007,372378622091.2698
Haryana,2022,3,Retail,182189584,97921218155.96616
Haryana,2022,3,Utility,30545383,28823462125.875374
Haryana,2022,4,P2P,117778439,408014744751.1925
Haryana,2022,4,Retail,197287674,111365543602.20192
Haryana,2022,4,Utility,31355451,30808783385.03018
Haryana,2023,1,Retail,219069526,117590247541.95135
Haryana,2023,1,P2P,128988482,443905213421.02246
Haryana,2023,1,Utility,34370284,31542557725.365273
Haryana,2023,2,P2P,147501959,496357889909.42505
Haryana,2023,2,Utility,37873831,36901020459.149445
Haryana,2023,2,Retail,273061935,129880209803.29529
Haryana,2023,3,P2P,156895804,499108718474.3445
Haryana,2023,3,Retail,306428250,140711814331.11206
Haryana,2023,3,Utility,38692273,39667739543.445526
Haryana,2023,4,P2P,175660164,572357451608.4054
Haryana,2023,4,Retail,339854772,168323942142.4078
Haryana,2023,4,Utility,40280339,45771027288.82871
Haryana,2024,1,Retail,373122494,181462515046.18695
Haryana,2024,1,P2P,188138732,584426895622.0225
Haryana,2024,1,Utility,44836765,45965151754.146545
Haryana,2024,2,P2P,214631303,648072244216.3668
Haryana,2024,2,Utility,49105924,51930503266.71114
Haryana,2024,2,Retail,476635703,209196597270.43042
Haryana,2024,3,P2P,231883044,649710907772.4258
Haryana,2024,3,Retail,513982387,216424879926.3836
Haryana,2024,3,Utility,51465693,61077871545.91739
Haryana,2024,4,P2P,245119637,725783034449.5459
Haryana,2024,4,Retail,546237947,244242746239.3102
Haryana,2024,4,Utility,52743722,65913669150.53643
Haryana,2025,1,P2P,248265982,736915658946.1289
Haryana,2025,1,Retail,552381807,236889312633.46994
Haryana,2025,1,Utility,56985955,68579591176.21408
Haryana,2025,2,P2P,259001315,767096768188.8385
Haryana,2025,2,Retail,627408882,255449802151.29462
Haryana,2025,2,Utility,55088912,71055112742.08694
Haryana,2025,3,P2P,276948829,750328852718.9094
Haryana,2025,3,Retail,676587870,267785248240.76047
Haryana,2025,3,Utility,58279648,80329829878.9602
Haryana,2025,4,P2P,286824452,817881389400.7981
Haryana,2025,4,Retail,679431344,292681917669.33057
Haryana,2025,4,Utility,58933440,86780875715.30179
Haryana,2026,1,P2P,288242452,804919583028.2795
Haryana,2026,1,Retail,682240539,290668993975.4584
Haryana,2026,1,Utility,60386295,87933257046.6683
Haryana,2026,2,P2P,302949383,851905761320.7651
Haryana,2026,2,Utility,59580774,94101050589.26193
Haryana,2026,2,Retail,768184781,317501866545.9623
Himachal Pradesh,2018,1,P2P,155307,561321896.1156349
Himachal Pradesh,2018,1,Retail,374817,84556046.93619494
Himachal Pradesh,2018,1,Utility,2024,7696953.607353948
Himachal Pradesh,2018,2,P2P,244789,1071983164.9170972
Himachal Pradesh,2018,2,Retail,495410,129464954.27247986
Himachal Pradesh,2018,2,Utility,12426,20007344.649603993
Himachal Pradesh,2018,3,P2P,359835,1580813699.1562047
Himachal Pradesh,2018,3,Retail,591381,141976210.16565654
Himachal Pradesh,2018,3,Utility,31853,31748139.919863
Himachal Pradesh,2018,4,P2P,614646,2501862226.075375
Himachal Pradesh,2018,4,Retail,826781,234311245.43838388
Himachal Pradesh,2018,4,Utility,45038,46419338.22722897
Himachal Pradesh,2019,1,P2P,1174821,3083347062.2650476
Himachal Pradesh,2019,1,Retail,1063259,265620861.79734063
Himachal Pradesh,2019,1,Utility,77081,74477319.3078519
Himachal Pradesh,2019,2,P2P,1109932,4295404468.075302
Himachal Pradesh,2019,2,Retail,1399651,377548268.36276275
Himachal Pradesh,2019,2,Utility,85275,98863842.10231985
Himachal Pradesh,2019,3,P2P,1136295,4862610349.346999
Himachal Pradesh,2019,3,Retail,1483897,400398318.71187246
Himachal Pradesh,2019,3,Utility,180023,165445139.2825199
Himachal Pradesh,2019,4,P2P,1525082,6211556102.768544
Himachal Pradesh,2019,4,Retail,1623659,514787381.06128347
Himachal Pradesh,2019,4,Utility,444274,259053207.50270614
Himachal Pradesh,2020,1,P2P,1548749,6171762633.286866
Himachal Pradesh,2020,1,Retail,1973218,691978382.2402248
Himachal Pradesh,2020,1,Utility,713544,332244004.07294416
Himachal Pradesh,2020,2,P2P,1491543,6495509542.366001
Himachal Pradesh,2020,2,Retail,2214649,928263508.4230182
Himachal Pradesh,2020,2,Utility,1142256,418059450.2807702
Himachal Pradesh,2020,3,P2P,2021110,9080365018.904428
Himachal Pradesh,2020,3,Retail,2795882,1327209844.724596
Himachal Pradesh,2020,3,Utility,1060966,498130968.6042366
Himachal Pradesh,2020,4,P2P,2642942,11608951266.523659
Himachal Pradesh,2020,4,Retail,3543029,2043815974.2486672
Himachal Pradesh,2020,4,Utility,1462519,660090587.7701017
Himachal Pradesh,2021,1,P2P,3080132,12224209415.950352
Himachal Pradesh,2021,1,Retail,2729674,2167269258.322501
Himachal Pradesh,2021,1,Utility,2606950,892579967.4199035
Himachal Pradesh,2021,2,P2P,3654848,14141846152.477747
Himachal Pradesh,2021,2,Retail,3324890,2753643487.363762
Himachal Pradesh,2021,2,Utility,3693667,1108344191.6402247
Himachal Pradesh,2021,3,P2P,4692458,17349224906.15679
Himachal Pradesh,2021,3,Retail,4599348,3862750854.5476985
Himachal Pradesh,2021,3,Utility,3705835,1247131497.025847
Himachal Pradesh,2021,4,P2P,4865930,17639778924.84311
Himachal Pradesh,2021,4,Retail,5779795,4896690156.893055
Himachal Pradesh,2021,4,Utility,3104536,1205572973.8866744
Himachal Pradesh,2022,1,P2P,5795846,19589779814.850983
Himachal Pradesh,2022,1,Retail,7493598,5765581347.913996
Himachal Pradesh,2022,1,Utility,3274250,1384593351.806942
Himachal Pradesh,2022,2,P2P,7197331,24425570779.701717
Himachal Pradesh,2022,2,Retail,11288487,7860605916.809366
Himachal Pradesh,2022,2,Utility,3748312,1594827169.4713552
Himachal Pradesh,2022,3,P2P,7859922,25647862036.4685
Himachal Pradesh,2022,3,Retail,12331466,8214388219.897854
Himachal Pradesh,2022,3,Utility,4191848,1779480651.507576
Himachal Pradesh,2022,4,P2P,8530434,27184004891.39645
Himachal Pradesh,2022,4,Retail,15080061,9696052501.8265
Himachal Pradesh,2022,4,Utility,3996602,1801495423.492003
Himachal Pradesh,2023,1,P2P,8712826,26985352018.79802
Himachal Pradesh,2023,1,Retail,15826198,9482839429.315975
Himachal Pradesh,2023,1,Utility,4052173,1820536706.8838387
Himachal Pradesh,2023,2,P2P,10883052,33341269752.11728
Himachal Pradesh,2023,2,Retail,21622495,12096395116.427338
Himachal Pradesh,2023,2,Utility,4460264,2154947681.15314
Himachal Pradesh,2023,3,P2P,10089367,29579529036.302704
Himachal Pradesh,2023,3,Retail,20360373,10965645791.664158
Himachal Pradesh,2023,3,Utility,4275412,2014252641.1318164
Himachal Pradesh,2023,4,P2P,11483554,33528991383.4748
Himachal Pradesh,2023,4,Retail,25051506,13376978324.14599
Himachal Pradesh,2023,4,Utility,4080214,2249692751.4347525
Himachal Pradesh,2024,1,P2P,11816852,33001710466.101242
Himachal Pradesh,2024,1,Retail,24834607,13392856602.319359
Himachal Pradesh,2024,1,Utility,4160326,2272654186.11398
Himachal Pradesh,2024,2,P2P,14982368,40678734821.93235
Himachal Pradesh,2024,2,Retail,34599835,17190095164.614952
Himachal Pradesh,2024,2,Utility,4924706,2775577075.796061
Himachal Pradesh,2024,3,P2P,14456119,38147357695.79736
Himachal Pradesh,2024,3,Retail,31103167,15766881950.078274
Himachal Pradesh,2024,3,Utility,4690964,2837796990.2541633
Himachal Pradesh,2024,4,P2P,15664730,42496725659.43588
Himachal Pradesh,2024,4,Retail,33892927,18315553666.1071
Himachal Pradesh,2024,4,Utility,4538144,2971431494.7055917
Himachal Pradesh,2025,1,P2P,16289890,42592601603.43727
Himachal Pradesh,2025,1,Retail,36211260,17717002837.888096
Himachal Pradesh,2025,1,Utility,5175278,3217993015.714382
Himachal Pradesh,2025,2,P2P,17252603,45382170735.963005
Himachal Pradesh,2025,2,Retail,41619250,19844869270.539185
Himachal Pradesh,2025,2,Utility,5031057,3516434555.2784657
Himachal Pradesh,2025,3,P2P,16586359,41808056337.83125
Himachal Pradesh,2025,3,Retail,38757665,18148603326.679848
Himachal Pradesh,2025,3,Utility,4977567,3518915180.0558405
Himachal Pradesh,2025,4,P2P,18434338,47073841034.50168
Himachal Pradesh,2025,4,Retail,39612159,20891889990.09402
Himachal Pradesh,2025,4,Utility,4856000,3850767177.126138
Himachal Pradesh,2026,1,P2P,18652821,45353944680.008545
Himachal Pradesh,2026,1,Retail,39046196,19709400980.095886
Himachal Pradesh,2026,1,Utility,5034304,4028460699.3053384
Himachal Pradesh,2026,2,P2P,21564394,53132098062.76816
Himachal Pradesh,2026,2,Retail,47984389,24236863923.83679
Himachal Pradesh,2026,2,Utility,5304226,4699185083.220638
Jammu & Kashmir,2018,1,P2P,265236,501607524.7098432
Jammu & Kashmir,2018,1,Retail,389224,86001413.51644047
Jammu & Kashmir,2018,1,Utility,1703,5014151.977096491
Jammu & Kashmir,2018,2,P2P,495778,1068705480.4685309
Jammu & Kashmir,2018,2,Retail,571507,128482963.90845193
Jammu & Kashmir,2018,2,Utility,19492,16078174.560985688
Jammu & Kashmir,2018,3,P2P,757932,1983925360.5197096
Jammu & Kashmir,2018,3,Retail,484480,132637661.4020693
Jammu & Kashmir,2018,3,Utility,34797,24778061.86104199
Jammu & Kashmir,2018,4,P2P,548498,2848408678.830835
Jammu & Kashmir,2018,4,Utility,46651,39044229.88585433
Jammu & Kashmir,2018,4,Retail,673367,214362508.02118215
Jammu & Kashmir,2019,1,P2P,969595,3211125512.7675858
Jammu & Kashmir,2019,1,Retail,772422,230141843.18609938
Jammu & Kashmir,2019,1,Utility,86148,57005229.83185772
Jammu & Kashmir,2019,2,P2P,1056876,4994337227.654128
Jammu & Kashmir,2019,2,Retail,989235,331697489.23035085
Jammu & Kashmir,2019,2,Utility,73051,77178459.87734668
Jammu & Kashmir,2019,3,P2P,476173,2800678712.9868035
Jammu & Kashmir,2019,3,Retail,432043,164208131.99504703
Jammu & Kashmir,2019,3,Utility,39568,61620131.776526764
Jammu & Kashmir,2019,4,P2P,152003,1052562776.278028
Jammu & Kashmir,2019,4,Retail,75857,58100887.7867388
Jammu & Kashmir,2019,4,Utility,44221,42767112.49940262
Jammu & Kashmir,2020,1,P2P,392979,2440975076.898938
Jammu & Kashmir,2020,1,Retail,285108,176776820.44973338
Jammu & Kashmir,2020,1,Utility,174338,99979675.74977963
Jammu & Kashmir,2020,2,P2P,1113996,6545452965.147438
Jammu & Kashmir,2020,2,Retail,830419,614116904.3912461
Jammu & Kashmir,2020,2,Utility,533819,226247234.55266383
Jammu & Kashmir,2020,3,P2P,1579112,9320837858.110073
Jammu & Kashmir,2020,3,Retail,1130325,845268732.8829591
Jammu & Kashmir,2020,3,Utility,554350,282345337.00809556
Jammu & Kashmir,2020,4,P2P,2151666,12178153990.45664
Jammu & Kashmir,2020,4,Utility,1047336,412466362.2506673
Jammu & Kashmir,2020,4,Retail,2498216,1271207849.216887
Jammu & Kashmir,2021,1,P2P,2422378,12421126686.472548
Jammu & Kashmir,2021,1,Retail,1821330,1662421500.3014293
Jammu & Kashmir,2021,1,Utility,2575293,605909121.943563
Jammu & Kashmir,2021,2,P2P,3376159,15896101169.61694
Jammu & Kashmir,2021,2,Retail,2461450,2252611794.311126
Jammu & Kashmir,2021,2,Utility,3921511,881596368.0871395
Jammu & Kashmir,2021,3,P2P,4549759,20571759172.862503
Jammu & Kashmir,2021,3,Retail,3104332,3479814855.181258
Jammu & Kashmir,2021,3,Utility,4492677,1090177123.701365
Jammu & Kashmir,2021,4,P2P,4805709,21208704855.39742
Jammu & Kashmir,2021,4,Retail,4460916,4614412955.432423
Jammu & Kashmir,2021,4,Utility,4185175,1215490492.0182207
Jammu & Kashmir,2022,1,P2P,6090704,24517948432.632095
Jammu & Kashmir,2022,1,Retail,6333871,6025424189.8015785
Jammu & Kashmir,2022,1,Utility,4507844,1373162877.985224
Jammu & Kashmir,2022,2,P2P,8551984,33687817335.050552
Jammu & Kashmir,2022,2,Retail,10304279,8378249797.001965
Jammu & Kashmir,2022,2,Utility,5709975,1786911406.3604102
Jammu & Kashmir,2022,3,P2P,10903528,39501037631.28801
Jammu & Kashmir,2022,3,Retail,13247341,10555402137.672558
Jammu & Kashmir,2022,3,Utility,6805168,2182159958.499691
Jammu & Kashmir,2022,4,P2P,11572484,40417335880.73078
Jammu & Kashmir,2022,4,Utility,7329984,2472656857.3350334
Jammu & Kashmir,2022,4,Retail,18526673,12060581099.540554
Jammu & Kashmir,2023,1,P2P,12550695,41145105138.56743
Jammu & Kashmir,2023,1,Retail,21801222,13306091163.293955
Jammu & Kashmir,2023,1,Utility,7886467,2538183542.5112567
Jammu & Kashmir,2023,2,P2P,18040047,56909261438.61043
Jammu & Kashmir,2023,2,Retail,31290114,17585065725.37503
Jammu & Kashmir,2023,2,Utility,9735287,3436497493.751874
Jammu & Kashmir,2023,3,P2P,20679778,62711253072.31735
Jammu & Kashmir,2023,3,Retail,35773150,20941967941.063866
Jammu & Kashmir,2023,3,Utility,11048892,3947358294.661673
Jammu & Kashmir,2023,4,P2P,21009113,65970583490.79892
Jammu & Kashmir,2023,4,Retail,41933534,24490842359.87243
Jammu & Kashmir,2023,4,Utility,10731946,4426942604.72126
Jammu & Kashmir,2024,1,P2P,21727328,63691038047.13582
Jammu & Kashmir,2024,1,Retail,45932216,26837353833.598625
Jammu & Kashmir,2024,1,Utility,10129715,4443780111.5866785
Jammu & Kashmir,2024,2,P2P,30644374,88033940273.91222
Jammu & Kashmir,2024,2,Retail,68626394,36618954376.72433
Jammu & Kashmir,2024,2,Utility,12818698,5577268514.706987
Jammu & Kashmir,2024,3,P2P,35392152,98910389303.8464
Jammu & Kashmir,2024,3,Retail,72576759,39359503548.41374
Jammu & Kashmir,2024,3,Utility,13248428,6576995594.31053
Jammu & Kashmir,2024,4,P2P,37298358,109759252596.97557
Jammu & Kashmir,2024,4,Retail,77050079,44295555000.012566
Jammu & Kashmir,2024,4,Utility,12993535,6909982894.809712
Jammu & Kashmir,2025,1,P2P,37620630,101510411389.74246
Jammu & Kashmir,2025,1,Retail,80196524,41368855219.211365
Jammu & Kashmir,2025,1,Utility,14639948,7315556925.585073
Jammu & Kashmir,2025,2,P2P,42511800,112065665276.00803
Jammu & Kashmir,2025,2,Retail,98320985,46616656530.26812
Jammu & Kashmir,2025,2,Utility,14916288,7670322718.838783
Jammu & Kashmir,2025,3,P2P,46404338,120355529642.49106
Jammu & Kashmir,2025,3,Retail,101539363,48502483361.10501
Jammu & Kashmir,2025,3,Utility,15255239,8507122327.9551525
Jammu & Kashmir,2025,4,P2P,47917355,127353369952.50586
Jammu & Kashmir,2025,4,Utility,14940519,8981159107.914436
Jammu & Kashmir,2025,4,Retail,98610091,51851353345.87701
Jammu & Kashmir,2026,1,P2P,46503195,115885901146.25563
Jammu & Kashmir,2026,1,Retail,93587796,47766363367.79569
Jammu & Kashmir,2026,1,Utility,14375967,8982353424.504349
Jammu & Kashmir,2026,2,P2P,55206052,136514820551.84973
Jammu & Kashmir,2026,2,Retail,117475120,56421934928.14691
Jammu & Kashmir,2026,2,Utility,15060953,10091624645.520313
Jharkhand,2018,1,P2P,947125,2452023299.298234
Jharkhand,2018,1,Retail,1726726,392134689.8605241
Jharkhand,2018,1,Utility,4149,15408827.424150135
Jharkhand,2018,2,P2P,1593567,4967608745.199921
Jharkhand,2018,2,Retail,2116672,551332234.8393849
Jharkhand,2018,2,Utility,45765,43184968.29342497
Jharkhand,2018,3,P2P,6756488,9381208802.722609
Jharkhand,2018,3,Retail,2349945,519556414.03700095
Jharkhand,2018,3,Utility,93885,72667172.6203115
Jharkhand,2018,4,P2P,3755791,10800006100.60848
Jharkhand,2018,4,Retail,3314423,820266987.4941114
Jharkhand,2018,4,Utility,125151,115457433.89408234
Jharkhand,2019,1,P2P,6717237,14340772375.232403
Jharkhand,2019,1,Retail,3804061,912520586.3342454
Jharkhand,2019,1,Utility,202422,169367603.4947598
Jharkhand,2019,2,P2P,5913940,19282849925.198223
Jharkhand,2019,2,Retail,5681873,1562246499.975954
Jharkhand,2019,2,Utility,217193,234357887.3942786
Jharkhand,2019,3,P2P,6510320,21366686665.242023
Jharkhand,2019,3,Retail,8952523,2221164749.5063496
Jharkhand,2019,3,Utility,481640,409525134.7001142
Jharkhand,2019,4,P2P,11836414,28701416402.399193
Jharkhand,2019,4,Retail,7431278,2414812293.0156507
Jharkhand,2019,4,Utility,1278276,652553472.219305
Jharkhand,2020,1,P2P,9481346,33843066462.17089
Jharkhand,2020,1,Retail,9031137,3257873383.2413664
Jharkhand,2020,1,Utility,2178190,905044806.9040475
Jharkhand,2020,2,P2P,9797276,35984010095.78927
Jharkhand,2020,2,Retail,8793799,4116331066.107876
Jharkhand,2020,2,Utility,3535284,1075470116.157989
Jharkhand,2020,3,P2P,14261806,50652293501.946434
Jharkhand,2020,3,Utility,3380879,1557198134.167092
Jharkhand,2020,3,Retail,13724440,6955265134.085825
Jharkhand,2020,4,P2P,19241235,67613377100.42494
Jharkhand,2020,4,Retail,20202143,10904674737.36035
Jharkhand,2020,4,Utility,4346894,2197374126.447978
Jharkhand,2021,1,P2P,22330559,79348348517.35114
Jharkhand,2021,1,Retail,21235684,13348641740.763603
Jharkhand,2021,1,Utility,8783677,3357306383.04191
Jharkhand,2021,2,P2P,28958156,100796966118.43706
Jharkhand,2021,2,Retail,22645520,16761027987.247307
Jharkhand,2021,2,Utility,13484679,4692017598.45189
Jharkhand,2021,3,P2P,36049192,114854306403.21973
Jharkhand,2021,3,Utility,14028016,5572175646.474995
Jharkhand,2021,3,Retail,35362822,22712667091.08894
Jharkhand,2021,4,P2P,40807294,132563946825.5931
Jharkhand,2021,4,Retail,46792105,29741900220.26744
Jharkhand,2021,4,Utility,12830291,6266229835.453867
Jharkhand,2022,1,P2P,53521439,175620166371.77444
Jharkhand,2022,1,Retail,62624486,39104523572.67117
Jharkhand,2022,1,Utility,14341518,7631546585.918781
Jharkhand,2022,2,P2P,61327193,202210210936.61395
Jharkhand,2022,2,Retail,79513404,48937132561.112915
Jharkhand,2022,2,Utility,17487019,8506296599.675014
Jharkhand,2022,3,P2P,70952996,211088132430.6972
Jharkhand,2022,3,Utility,20077026,9887762977.467825
Jharkhand,2022,3,Retail,93843062,52817650633.19885
Jharkhand,2022,4,P2P,80680000,243160629101.58112
Jharkhand,2022,4,Retail,112033002,63402740634.489624
Jharkhand,2022,4,Utility,20742620,10913346373.778578
Jharkhand,2023,1,P2P,92176742,284790034748.46924
Jharkhand,2023,1,Retail,127450739,70752914974.80884
Jharkhand,2023,1,Utility,23350115,12340668789.728622
Jharkhand,2023,2,P2P,107804978,325664212811.4519
Jharkhand,2023,2,Retail,157909691,82789886410.25919
Jharkhand,2023,2,Utility,26784523,14432149319.43586
Jharkhand,2023,3,P2P,116600180,318732251811.32385
Jharkhand,2023,3,Retail,177337898,85141550451.01242
Jharkhand,2023,3,Utility,27164590,15672213416.133213
Jharkhand,2023,4,P2P,139481501,377676528656.95776
Jharkhand,2023,4,Retail,211872201,105768169434.8736
Jharkhand,2023,4,Utility,28030186,18508101908.9752
Jharkhand,2024,1,P2P,157990766,422086025796.472
Jharkhand,2024,1,Retail,240172406,118994415646.51855
Jharkhand,2024,1,Utility,31791598,20731487562.300728
Jharkhand,2024,2,P2P,176556980,461269196100.0092
Jharkhand,2024,2,Retail,290437854,136454607587.28772
Jharkhand,2024,2,Utility,35450575,23287791610.952362
Jharkhand,2024,3,P2P,185937852,447243952736.0133
Jharkhand,2024,3,Retail,302180456,135394718883.01157
Jharkhand,2024,3,Utility,34315977,25754166401.98401
Jharkhand,2024,4,P2P,211112198,516050458648.70386
Jharkhand,2024,4,Retail,339852753,157962630178.35547
Jharkhand,2024,4,Utility,35557816,28604479426.349686
Jharkhand,2025,1,P2P,216904868,548473049332.9851
Jharkhand,2025,1,Retail,343440347,159046343836.28906
Jharkhand,2025,1,Utility,39049753,30732258781.998363
Jharkhand,2025,2,P2P,231273756,576935871822.2754
Jharkhand,2025,2,Retail,394139963,179399103168.4867
Jharkhand,2025,2,Utility,40418780,32322328072.43094
Jharkhand,2025,3,P2P,239848372,540573651608.4686
Jharkhand,2025,3,Retail,415102736,176241771317.80035
Jharkhand,2025,3,Utility,40092792,34867799087.142075
Jharkhand,2025,4,P2P,257280435,589692127815.6746
Jharkhand,2025,4,Retail,441921141,198751854456.67096
Jharkhand,2025,4,Utility,40169634,37944956859.15073
Jharkhand,2026,1,P2P,266563753,625184231041.3224
Jharkhand,2026,1,Retail,455474383,209748094676.54498
Jharkhand,2026,1,Utility,42553181,40992520231.66054
Jharkhand,2026,2,P2P,274010191,639889155309.756
Jharkhand,2026,2,Retail,498662306,226807152906.54874
Jharkhand,2026,2,Utility,42637464,42276384216.81342
Karnataka,2018,1,P2P,4019765,15138425622.277788
Karnataka,2018,1,Retail,6950094,1944824533.762125
Karnataka,2018,1,Utility,289544,554373004.2119281
Karnataka,2018,2,P2P,6502018,26632557460.1444
Karnataka,2018,2,Retail,8777546,3013482857.3914433
Karnataka,2018,2,Utility,729134,1101378315.2859857
Karnataka,2018,3,P2P,10890904,38757903782.29774
Karnataka,2018,3,Retail,11393430,3678831191.460791
Karnataka,2018,3,Utility,1117158,1452236433.0351505
Karnataka,2018,4,P2P,18845529,58631419033.695496
Karnataka,2018,4,Utility,1551206,2108753311.7154806
Karnataka,2018,4,Retail,22411453,7043412222.776183
Karnataka,2019,1,P2P,42558665,100939152154.64288
Karnataka,2019,1,Retail,39499009,10427230282.954544
Karnataka,2019,1,Utility,2599376,3343238698.6409483
Karnataka,2019,2,P2P,51792667,147216882406.72
Karnataka,2019,2,Retail,64951290,16878692098.29963
Karnataka,2019,2,Utility,2874388,4669386014.141505
Karnataka,2019,3,P2P,70653459,190233183871.3587
Karnataka,2019,3,Retail,103434009,24341795397.665413
Karnataka,2019,3,Utility,5680029,8353043881.388073
Karnataka,2019,4,Retail,136538824,33194487631.969315
Karnataka,2019,4,Utility,11671731,12640628622.287283
Karnataka,2019,4,P2P,97978867,260611801526.41092
Karnataka,2020,1,P2P,104854727,308585539654.80286
Karnataka,2020,1,Retail,155213652,41598831604.94139
Karnataka,2020,1,Utility,18130058,15359753248.801159
Karnataka,2020,2,P2P,83140160,268254408737.95404
Karnataka,2020,2,Retail,106019637,41291029776.71617
Karnataka,2020,2,Utility,23392132,13778556705.469742
Karnataka,2020,3,P2P,121005509,395353098176.2494
Karnataka,2020,3,Retail,155688887,63601811973.7056
Karnataka,2020,3,Utility,24301811,16991255891.896965
Karnataka,2020,4,P2P,166354896,536532910984.52234
Karnataka,2020,4,Utility,30443681,22641562139.047546
Karnataka,2020,4,Retail,232139007,97655206265.80232
Karnataka,2021,1,P2P,189767892,607317559594.7719
Karnataka,2021,1,Retail,278444938,115050862349.5914
Karnataka,2021,1,Utility,53754469,30463372685.23238
Karnataka,2021,2,Utility,73595718,35527492316.11105
Karnataka,2021,2,P2P,213932224,674745371822.0342
Karnataka,2021,2,Retail,240282738,120885766150.57797
Karnataka,2021,3,P2P,284775729,895644769935.8502
Karnataka,2021,3,Retail,382783587,183352768991.64868
Karnataka,2021,3,Utility,79090457,42939998182.6559
Karnataka,2021,4,Retail,428409513,204014675773.16504
Karnataka,2021,4,Utility,73377637,44583546819.853714
Karnataka,2021,4,P2P,299544336,933862092677.0818
Karnataka,2022,1,P2P,378524434,1209246269990.4626
Karnataka,2022,1,Retail,573122892,263803359476.2658
Karnataka,2022,1,Utility,84078680,53582746372.095215
Karnataka,2022,2,P2P,438454375,1422397939690.901
Karnataka,2022,2,Retail,722776073,342019475659.15704
Karnataka,2022,2,Utility,100400772,63681187583.16513
Karnataka,2022,3,P2P,506236100,1563855515774.1978
Karnataka,2022,3,Retail,878792459,394220882542.77075
Karnataka,2022,3,Utility,114818294,75120317607.25838
Karnataka,2022,4,P2P,542356761,1695117696968.7778
Karnataka,2022,4,Utility,120746351,82488103981.50792
Karnataka,2022,4,Retail,973811552,430198394662.939
Karnataka,2023,1,P2P,596684637,1908600581569.7222
Karnataka,2023,1,Retail,1108594530,472535728148.2999
Karnataka,2023,1,Utility,126994552,89249362878.2822
Karnataka,2023,2,Utility,143163466,106969967474.65118
Karnataka,2023,2,P2P,655266669,2131381699246.6453
Karnataka,2023,2,Retail,1254350536,541442019326.9462
Karnataka,2023,3,P2P,733654998,2267023130166.658
Karnataka,2023,3,Retail,1474542255,603909976077.5591
Karnataka,2023,3,Utility,149411413,114080516457.66434
Karnataka,2023,4,Retail,1599837426,664982468728.772
Karnataka,2023,4,Utility,153913609,126574659930.18468
Karnataka,2023,4,P2P,796720335,2457918154418.782
Karnataka,2024,1,P2P,854741628,2641794785074.2104
Karnataka,2024,1,Retail,1769743226,717568836436.4249
Karnataka,2024,1,Utility,162229165,131920922150.79855
Karnataka,2024,2,Utility,173336590,149046694170.28925
Karnataka,2024,2,P2P,911025984,2835035229957.5293
Karnataka,2024,2,Retail,1944859250,802590103325.476
Karnataka,2024,3,P2P,985650830,2914397500508.891
Karnataka,2024,3,Retail,2093950803,833285083397.2715
Karnataka,2024,3,Utility,179701829,164149254393.62854
Karnataka,2024,4,Retail,2233293582,888910250508.2532
Karnataka,2024,4,Utility,184563072,174149011974.7461
Karnataka,2024,4,P2P,1039717182,3095608177069.8306
Karnataka,2025,1,P2P,1107610457,3315917531595.102
Karnataka,2025,1,Retail,2427111761,922639303342.4216
Karnataka,2025,1,Utility,195201067,189730911586.20752
Karnataka,2025,2,P2P,1080287597,3302965169299.3066
Karnataka,2025,2,Retail,2452632899,975160610524.7908
Karnataka,2025,2,Utility,197160334,200997199620.21152
Karnataka,2025,3,P2P,1116255213,3188986776964.286
Karnataka,2025,3,Retail,2545361507,984401671625.5696
Karnataka,2025,3,Utility,191298984,212094929313.27332
Karnataka,2025,4,P2P,1167109048,3378383855581.829
Karnataka,2025,4,Utility,193787780,230747636411.07043
Karnataka,2025,4,Retail,2703392355,1049675356246.716
Karnataka,2026,1,P2P,1205710715,3591169346066.214
Karnataka,2026,1,Retail,2825330293,1113065757233.0935
Karnataka,2026,1,Utility,197107980,249561502154.66492
Karnataka,2026,2,Utility,207964808,271195872467.55438
Karnataka,2026,2,P2P,1250633746,3780873849393.4824
Karnataka,2026,2,Retail,3033113369,1240271500893.2163
Kerala,2018,1,P2P,598075,2128934193.2742338
Kerala,2018,1,Retail,1222873,261868730.47071195
Kerala,2018,1,Utility,4424,29179891.416388765
Kerala,2018,2,P2P,828394,3345025272.45372
Kerala,2018,2,Retail,1454296,374602581.1855645
Kerala,2018,2,Utility,35445,64504891.03297818
Kerala,2018,3,P2P,1314738,4722200000.551287
Kerala,2018,3,Retail,1718134,411998519.3784405
Kerala,2018,3,Utility,56851,89732770.27410752
Kerala,2018,4,P2P,2056759,6992810307.413084
Kerala,2018,4,Utility,65447,118232147.85272132
Kerala,2018,4,Retail,2322398,664954676.5924622
Kerala,2019,1,P2P,3583016,9416628712.032337
Kerala,2019,1,Retail,2906623,750825616.4125779
Kerala,2019,1,Utility,123154,193315064.01566344
Kerala,2019,2,P2P,3576434,11932906422.139917
Kerala,2019,2,Retail,3887749,1135205983.544881
Kerala,2019,2,Utility,198355,349511049.80566704
Kerala,2019,3,P2P,4285730,15005970028.799221
Kerala,2019,3,Retail,4827707,1464391792.382031
Kerala,2019,3,Utility,520130,645059699.6165857
Kerala,2019,4,P2P,6073579,19253290249.566032
Kerala,2019,4,Retail,5655198,1744318169.8695703
Kerala,2019,4,Utility,1245359,1016624504.1271203
Kerala,2020,1,P2P,6285143,21952965825.916992
Kerala,2020,1,Retail,7087979,2256493395.142795
Kerala,2020,1,Utility,2061926,1358741416.7809656
Kerala,2020,2,P2P,4835285,18399822135.785477
Kerala,2020,2,Retail,7591045,2801351061.0619183
Kerala,2020,2,Utility,3254822,1727581588.7624354
Kerala,2020,3,P2P,8342008,32456471671.4891
Kerala,2020,3,Retail,10639866,5099946033.272372
Kerala,2020,3,Utility,3320213,1991485645.489069
Kerala,2020,4,P2P,12960136,45807907855.80264
Kerala,2020,4,Utility,4893132,2863495622.2290325
Kerala,2020,4,Retail,16554145,8898520301.000301
Kerala,2021,1,P2P,16497214,56630643489.08096
Kerala,2021,1,Retail,17500843,10628939162.869019
Kerala,2021,1,Utility,9833672,4163632102.6979814
Kerala,2021,2,P2P,17410034,59429266354.59393
Kerala,2021,2,Retail,16995197,11821959578.486301
Kerala,2021,2,Utility,15125247,5403151807.865015
Kerala,2021,3,P2P,24038832,80886979286.22127
Kerala,2021,3,Retail,26792845,18776930736.27645
Kerala,2021,3,Utility,15339519,6016430056.879038
Kerala,2021,4,P2P,25988637,82833137751.52441
Kerala,2021,4,Retail,35632663,22636075140.397507
Kerala,2021,4,Utility,13172187,6035809349.091295
Kerala,2022,1,P2P,32902484,103997662655.11577
Kerala,2022,1,Retail,49169365,28993050084.435726
Kerala,2022,1,Utility,14362158,7008761840.450517
Kerala,2022,2,P2P,35607788,112398215750.4065
Kerala,2022,2,Retail,57745367,34973618823.28466
Kerala,2022,2,Utility,15904350,8080242107.9227295
Kerala,2022,3,P2P,42607631,128143496130.50795
Kerala,2022,3,Retail,72429593,42397120477.44929
Kerala,2022,3,Utility,18095993,9245200654.21946
Kerala,2022,4,P2P,45561057,134236659081.23694
Kerala,2022,4,Utility,18411745,9643422275.6502
Kerala,2022,4,Retail,81180394,45113045029.02496
Kerala,2023,1,P2P,46092010,138457039759.4488
Kerala,2023,1,Retail,85084073,46813386514.102516
Kerala,2023,1,Utility,17588686,9605155718.108025
Kerala,2023,2,P2P,48079475,146536025189.47137
Kerala,2023,2,Retail,90888495,51331190422.908394
Kerala,2023,2,Utility,18893067,11490508866.926985
Kerala,2023,3,P2P,51776040,153326589384.78857
Kerala,2023,3,Retail,100655472,55667483057.7164
Kerala,2023,3,Utility,19155551,11879882206.810022
Kerala,2023,4,P2P,54727019,156419056342.5794
Kerala,2023,4,Retail,108215077,57839806360.789505
Kerala,2023,4,Utility,18228626,12692601216.110294
Kerala,2024,1,P2P,54332511,156276117722.07333
Kerala,2024,1,Retail,109820926,59354788254.34983
Kerala,2024,1,Utility,17944266,12793587918.607306
Kerala,2024,2,P2P,56637815,163558837335.18118
Kerala,2024,2,Retail,120226924,64995185673.545105
Kerala,2024,2,Utility,18664818,14136628327.264553
Kerala,2024,3,P2P,64035147,174635503932.9835
Kerala,2024,3,Retail,131732251,69382688443.44196
Kerala,2024,3,Utility,19738562,14906282368.977634
Kerala,2024,4,P2P,69835587,186997170020.103
Kerala,2024,4,Retail,143632641,71931727511.21109
Kerala,2024,4,Utility,19803441,15559403297.80315
Kerala,2025,1,P2P,73441722,198819136061.72684
Kerala,2025,1,Retail,153309373,76163354637.47751
Kerala,2025,1,Utility,21026262,16547354674.853846
Kerala,2025,2,P2P,67677636,188166959536.73233
Kerala,2025,2,Retail,150007968,77702390746.1084
Kerala,2025,2,Utility,19819864,17052149947.37273
Kerala,2025,3,P2P,75618258,198481670835.49402
Kerala,2025,3,Retail,165209747,85224197588.19804
Kerala,2025,3,Utility,20137871,17545574920.476658
Kerala,2025,4,P2P,82739665,212347974926.9717
Kerala,2025,4,Utility,20746377,18855449444.677803
Kerala,2025,4,Retail,177673616,85653526293.32594
Kerala,2026,1,P2P,83964124,218434955457.22913
Kerala,2026,1,Retail,180100477,88877939857.00378
Kerala,2026,1,Utility,20551782,20045540880.747032
Kerala,2026,2,P2P,82527448,216436499434.24576
Kerala,2026,2,Retail,191946358,97286373064.12253
Kerala,2026,2,Utility,20176010,21778619728.887638
Ladakh,2018,1,P2P,2100,13120718.16563946
Ladakh,2018,1,Retail,5556,1905135.6547369026
Ladakh,2018,1,Utility,77,215146.52970237134
Ladakh,2018,2,Retail,11482,4803478.136457797
Ladakh,2018,2,Utility,253,678999.8863029622
Ladakh,2018,2,P2P,6677,50904453.43724487
Ladakh,2018,3,P2P,11465,89142384.26085363
Ladakh,2018,3,Retail,18155,6448974.214670012
Ladakh,2018,3,Utility,729,1898419.3759987673
Ladakh,2018,4,Retail,25020,12144131.855682781
Ladakh,2018,4,Utility,1351,2380426.2538185385
Ladakh,2018,4,P2P,18127,142602137.4413361
Ladakh,2019,1,P2P,26902,170875907.94016397
Ladakh,2019,1,Retail,31236,13328822.59956903
Ladakh,2019,1,Utility,2132,3138547.696167508
Ladakh,2019,2,Retail,52308,22142980.79624778
Ladakh,2019,2,Utility,2456,5389470.751527449
Ladakh,2019,2,P2P,48630,343060135.35787976
Ladakh,2019,3,P2P,62163,437847948.5185578
Ladakh,2019,3,Retail,51154,23822940.558825657
Ladakh,2019,3,Utility,7701,10367981.264910147
Ladakh,2019,4,P2P,61312,429223317.3864608
Ladakh,2019,4,Retail,35256,22616034.897339582
Ladakh,2019,4,Utility,16642,12663401.41820994
Ladakh,2020,1,P2P,72321,479355583.4787304
Ladakh,2020,1,Retail,50689,33527733.768848263
Ladakh,2020,1,Utility,26498,15885636.80760676
Ladakh,2020,2,Retail,62740,49603126.82272716
Ladakh,2020,2,Utility,40125,18948060.08623442
Ladakh,2020,2,P2P,93537,636330640.2547947
Ladakh,2020,3,Retail,93272,81338223.05002853
Ladakh,2020,3,Utility,50315,26926287.93530099
Ladakh,2020,3,P2P,148038,1029004672.6405818
Ladakh,2020,4,Retail,147929,123180123.36476623
Ladakh,2020,4,Utility,68325,33932135.38887648
Ladakh,2020,4,P2P,184000,1207138358.7583835
Ladakh,2021,1,P2P,194706,1171761185.9020104
Ladakh,2021,1,Retail,110768,137480604.15994972
Ladakh,2021,1,Utility,94672,41587225.16255164
Ladakh,2021,2,P2P,313050,1800726280.641076
Ladakh,2021,2,Retail,196095,245628295.65797305
Ladakh,2021,2,Utility,141433,62007734.76397433
Ladakh,2021,3,Retail,269662,415071849.1012422
Ladakh,2021,3,Utility,181030,88696791.83847539
Ladakh,2021,3,P2P,479271,2690864448.4764056
Ladakh,2021,4,P2P,416036,2149671366.1002836
Ladakh,2021,4,Retail,285865,439444035.0283141
Ladakh,2021,4,Utility,155738,73840391.52211438
Ladakh,2022,1,P2P,490348,2341149936.490332
Ladakh,2022,1,Retail,333285,503606169.6570382
Ladakh,2022,1,Utility,168329,75517803.66573639
Ladakh,2022,2,Retail,587810,818724501.513757
Ladakh,2022,2,Utility,256115,136300764.6466988
Ladakh,2022,2,P2P,847046,4016936742.126376
Ladakh,2022,3,Retail,710428,978453552.7151575
Ladakh,2022,3,Utility,302983,166186801.94865626
Ladakh,2022,3,P2P,1064875,4648276251.859655
Ladakh,2022,4,Retail,773705,843012982.1070366
Ladakh,2022,4,Utility,262043,136140793.4107571
Ladakh,2022,4,P2P,900940,3678277737.382833
Ladakh,2023,1,P2P,840723,3329064442.3682017
Ladakh,2023,1,Retail,794686,833109078.6192697
Ladakh,2023,1,Utility,247516,125010866.05637312
Ladakh,2023,2,P2P,1534520,6194074109.649424
Ladakh,2023,2,Retail,1437079,1366665989.4302006
Ladakh,2023,2,Utility,424429,229649678.1259935
Ladakh,2023,3,P2P,1856334,6952580191.5153675
Ladakh,2023,3,Retail,1693969,1740665983.4132278
Ladakh,2023,3,Utility,515323,272964526.9247028
Ladakh,2023,4,P2P,1495868,5745786847.46586
Ladakh,2023,4,Retail,1624260,1520938455.336734
Ladakh,2023,4,Utility,403359,248610216.85895514
Ladakh,2024,1,P2P,1309880,4854562905.003714
Ladakh,2024,1,Retail,1611509,1520474470.8507104
Ladakh,2024,1,Utility,332052,213236265.00793806
Ladakh,2024,2,P2P,2223303,8014741503.203558
Ladakh,2024,2,Retail,2943855,2367715812.1298532
Ladakh,2024,2,Utility,524781,350504832.082417
Ladakh,2024,3,P2P,2729278,9504927003.585289
Ladakh,2024,3,Retail,3592229,2804022828.279363
Ladakh,2024,3,Utility,641721,424029502.24446714
Ladakh,2024,4,P2P,2147484,8079551064.446615
Ladakh,2024,4,Retail,3075686,2481653266.4935193
Ladakh,2024,4,Utility,509252,367542701.78489804
Ladakh,2025,1,P2P,1789370,6367189586.696168
Ladakh,2025,1,Retail,2532508,1865084040.8469424
Ladakh,2025,1,Utility,508051,340962495.4574039
Ladakh,2025,2,Retail,4345406,2779807221.119117
Ladakh,2025,2,Utility,632290,461727007.6120949
Ladakh,2025,2,P2P,2676016,9214977949.986986
Ladakh,2025,3,P2P,3175450,10520027715.585917
Ladakh,2025,3,Retail,4892557,3077452033.5927362
Ladakh,2025,3,Utility,714259,525608878.9921716
Ladakh,2025,4,Retail,3470604,2454557160.5662613
Ladakh,2025,4,Utility,543512,463819500.787393
Ladakh,2025,4,P2P,2329612,8584384716.836355
Ladakh,2026,1,P2P,2125414,7149253785.258091
Ladakh,2026,1,Retail,3180624,2141420127.1206706
Ladakh,2026,1,Utility,474318,443723093.7483882
Ladakh,2026,2,P2P,3331223,11206998816.681328
Ladakh,2026,2,Retail,5270609,3551684896.1172237
Ladakh,2026,2,Utility,655593,701603489.3841361
Lakshadweep,2018,1,P2P,576,2928949.892456974
Lakshadweep,2018,1,Retail,548,124822.31814255845
Lakshadweep,2018,2,P2P,1665,8052844.852515283
Lakshadweep,2018,2,Retail,1202,365556.7410627877
Lakshadweep,2018,2,Utility,8,211429.85876468688
Lakshadweep,2018,3,P2P,1177,6932206.189512467
Lakshadweep,2018,3,Retail,1481,489320.2576851023
Lakshadweep,2018,3,Utility,18,225974.0023684178
Lakshadweep,2018,4,P2P,1178,8591502.22808195
Lakshadweep,2018,4,Retail,1800,617829.5729876842
Lakshadweep,2018,4,Utility,41,297575.7529298136
Lakshadweep,2019,1,P2P,2117,14601838.84879085
Lakshadweep,2019,1,Retail,2458,872749.1151538313
Lakshadweep,2019,1,Utility,47,210313.43813564925
Lakshadweep,2019,2,P2P,2342,15352332.44476239
Lakshadweep,2019,2,Retail,3217,1012399.2669598535
Lakshadweep,2019,2,Utility,49,226142.85636740155
Lakshadweep,2019,3,P2P,2600,15669874.117028635
Lakshadweep,2019,3,Retail,2520,862174.4211606053
Lakshadweep,2019,3,Utility,190,324018.46260795486
Lakshadweep,2019,4,Retail,2626,900010.3914525064
Lakshadweep,2019,4,Utility,334,436959.3240414626
Lakshadweep,2019,4,P2P,3137,18386511.061288994
Lakshadweep,2020,1,Retail,4060,1728721.4408975712
Lakshadweep,2020,1,Utility,763,701759.6246847571
Lakshadweep,2020,1,P2P,3906,23892108.43540053
Lakshadweep,2020,2,P2P,3849,26409624.642850503
Lakshadweep,2020,2,Retail,6329,3872618.312120918
Lakshadweep,2020,2,Utility,1324,634971.4571208174
Lakshadweep,2020,3,P2P,5177,33651769.51107785
Lakshadweep,2020,3,Retail,7289,3292149.8057524376
Lakshadweep,2020,3,Utility,1440,865854.6541018533
Lakshadweep,2020,4,P2P,7324,43183807.581029445
Lakshadweep,2020,4,Retail,7929,3111947.548903483
Lakshadweep,2020,4,Utility,2419,1332859.4408085793
Lakshadweep,2021,1,P2P,6910,44614248.814339004
Lakshadweep,2021,1,Retail,3956,2934834.1369108767
Lakshadweep,2021,1,Utility,5199,1610863.3853282295
Lakshadweep,2021,2,P2P,7419,43100030.79380788
Lakshadweep,2021,2,Retail,3416,3638524.966843241
Lakshadweep,2021,2,Utility,9953,3003102.145669869
Lakshadweep,2021,3,P2P,10295,61098261.099844895
Lakshadweep,2021,3,Retail,4919,7161437.873628563
Lakshadweep,2021,3,Utility,9413,3526660.476588671
Lakshadweep,2021,4,Retail,5279,7672700.411089677
Lakshadweep,2021,4,Utility,8630,3654369.4031478176
Lakshadweep,2021,4,P2P,11408,69434007.89974104
Lakshadweep,2022,1,Retail,6831,9161838.925309248
Lakshadweep,2022,1,Utility,9168,4312470.694285765
Lakshadweep,2022,1,P2P,14349,87098755.66407016
Lakshadweep,2022,2,P2P,15622,83471981.06853943
Lakshadweep,2022,2,Retail,7795,10540414.008128975
Lakshadweep,2022,2,Utility,9662,4124543.057651138
Lakshadweep,2022,3,P2P,16327,83124974.2826798
Lakshadweep,2022,3,Retail,8822,12637790.755507803
Lakshadweep,2022,3,Utility,9825,4312866.823439529
Lakshadweep,2022,4,P2P,17973,91588031.86932804
Lakshadweep,2022,4,Retail,8933,11408255.765299538
Lakshadweep,2022,4,Utility,10108,4491479.942532947
Lakshadweep,2023,1,P2P,20840,101293603.22456622
Lakshadweep,2023,1,Retail,11319,13497795.03366942
Lakshadweep,2023,1,Utility,11361,5272883.809654548
Lakshadweep,2023,2,P2P,22867,109246246.69055575
Lakshadweep,2023,2,Retail,15989,19241160.839393266
Lakshadweep,2023,2,Utility,11701,6711526.017933157
Lakshadweep,2023,3,P2P,26919,101964564.86909252
Lakshadweep,2023,3,Retail,22701,19309574.477226198
Lakshadweep,2023,3,Utility,12070,6379680.049872445
Lakshadweep,2023,4,Retail,46222,34023152.04067607
Lakshadweep,2023,4,Utility,14053,8545344.284955937
Lakshadweep,2023,4,P2P,36239,133882525.2268283
Lakshadweep,2024,1,P2P,40581,140783218.53412393
Lakshadweep,2024,1,Retail,65567,44541320.967633665
Lakshadweep,2024,1,Utility,14177,8678746.922614636
Lakshadweep,2024,2,P2P,43383,152167733.93679237
Lakshadweep,2024,2,Retail,103328,52754776.32486465
Lakshadweep,2024,2,Utility,15133,9002498.942245735
Lakshadweep,2024,3,P2P,48622,150998391.16304433
Lakshadweep,2024,3,Retail,119755,55743214.167448804
Lakshadweep,2024,3,Utility,15283,8202700.11437422
Lakshadweep,2024,4,Retail,151047,67859710.24755286
Lakshadweep,2024,4,Utility,17263,9944025.683240868
Lakshadweep,2024,4,P2P,60510,201881767.76522157
Lakshadweep,2025,1,Retail,186433,79301442.11413448
Lakshadweep,2025,1,Utility,23504,13475798.974715903
Lakshadweep,2025,1,P2P,76507,237594165.7087245
Lakshadweep,2025,2,P2P,65743,197246323.68802974
Lakshadweep,2025,2,Retail,197029,76576559.44193368
Lakshadweep,2025,2,Utility,19414,11613719.198174417
Lakshadweep,2025,3,P2P,66169,181553773.47911978
Lakshadweep,2025,3,Retail,210108,74732130.60894719
Lakshadweep,2025,3,Utility,19303,13076512.914169483
Lakshadweep,2025,4,P2P,86831,231746682.0261693
Lakshadweep,2025,4,Retail,219710,81633079.0915446
Lakshadweep,2025,4,Utility,20396,15006992.04171471
Lakshadweep,2026,1,Retail,229831,88683451.20304762
Lakshadweep,2026,1,Utility,21957,17328328.25924318
Lakshadweep,2026,1,P2P,100205,246153188.3098355
Lakshadweep,2026,2,P2P,101796,259453266.16378194
Lakshadweep,2026,2,Retail,248709,94144139.47207405
Lakshadweep,2026,2,Utility,20691,16980108.095038954
Madhya Pradesh,2018,1,P2P,2982533,8025436462.533884
Madhya Pradesh,2018,1,Retail,5540953,1064320392.6932573
Madhya Pradesh,2018,1,Utility,90643,151101254.3014853
Madhya Pradesh,2018,2,P2P,4456775,14876663065.703634
Madhya Pradesh,2018,2,Retail,6493926,1515177641.9527414
Madhya Pradesh,2018,2,Utility,298573,399571688.78350973
Madhya Pradesh,2018,3,P2P,10456411,23122682480.769234
Madhya Pradesh,2018,3,Retail,7152252,1658190763.710083
Madhya Pradesh,2018,3,Utility,454035,550914474.3552732
Madhya Pradesh,2018,4,P2P,11980653,32419984165.152397
Madhya Pradesh,2018,4,Retail,10163524,2454916350.353954
Madhya Pradesh,2018,4,Utility,663430,744717133.1542052
Madhya Pradesh,2019,1,P2P,24432077,45152535423.92134
Madhya Pradesh,2019,1,Retail,13270690,2993131099.323229
Madhya Pradesh,2019,1,Utility,1226099,1153010443.381269
Madhya Pradesh,2019,2,P2P,20842891,61124126939.443054
Madhya Pradesh,2019,2,Retail,19025755,4924751531.830441
Madhya Pradesh,2019,2,Utility,1375818,1706923743.5129895
Madhya Pradesh,2019,3,P2P,23192694,68798753736.45984
Madhya Pradesh,2019,3,Retail,29189777,7253207082.2477865
Madhya Pradesh,2019,3,Utility,2513880,3020007266.86693
Madhya Pradesh,2019,4,P2P,33794899,95844665198.53723
Madhya Pradesh,2019,4,Retail,31573884,9001728362.475853
Madhya Pradesh,2019,4,Utility,5634285,3973182073.9606237
Madhya Pradesh,2020,1,Retail,36937883,11919807877.324293
Madhya Pradesh,2020,1,Utility,8526282,4730448174.925011
Madhya Pradesh,2020,1,P2P,34929211,111453163264.71494
Madhya Pradesh,2020,2,P2P,33907763,125562756208.35052
Madhya Pradesh,2020,2,Retail,28763727,13966971353.228683
Madhya Pradesh,2020,2,Utility,13036513,5585883453.391074
Madhya Pradesh,2020,3,Utility,12299837,7604020280.154075
Madhya Pradesh,2020,3,P2P,48783194,168188848665.08633
Madhya Pradesh,2020,3,Retail,44812503,22259050037.072163
Madhya Pradesh,2020,4,P2P,64401144,223368461418.338
Madhya Pradesh,2020,4,Retail,67928541,36456005544.82321
Madhya Pradesh,2020,4,Utility,15369811,10020588129.146439
Madhya Pradesh,2021,1,P2P,78279566,261059127641.43152
Madhya Pradesh,2021,1,Retail,79551215,45155958515.65863
Madhya Pradesh,2021,1,Utility,29616287,13480959262.087997
Madhya Pradesh,2021,2,P2P,91032253,323560378029.18933
Madhya Pradesh,2021,2,Utility,43800755,18163847258.26838
Madhya Pradesh,2021,2,Retail,68475966,51339627291.98926
Madhya Pradesh,2021,3,Utility,43359373,21372609979.845333
Madhya Pradesh,2021,3,P2P,118679995,374483947531.1985
Madhya Pradesh,2021,3,Retail,124505570,75187039311.15306
Madhya Pradesh,2021,4,P2P,127810835,409205981203.4761
Madhya Pradesh,2021,4,Retail,154372079,96066619465.16414
Madhya Pradesh,2021,4,Utility,38984765,22155890468.93476
Madhya Pradesh,2022,1,Retail,208119201,120699587550.27347
Madhya Pradesh,2022,1,Utility,45034736,26590525991.863888
Madhya Pradesh,2022,1,P2P,165503407,523390793973.89966
Madhya Pradesh,2022,2,P2P,183118953,609730164270.1279
Madhya Pradesh,2022,2,Retail,254146400,148019985647.96942
Madhya Pradesh,2022,2,Utility,52798619,31606301459.17774
Madhya Pradesh,2022,3,Utility,59670715,37609667077.238716
Madhya Pradesh,2022,3,P2P,207152051,610556554088.7496
Madhya Pradesh,2022,3,Retail,298169767,157142053303.28333
Madhya Pradesh,2022,4,P2P,232104827,712107871781.2043
Madhya Pradesh,2022,4,Retail,346579011,186592887118.2431
Madhya Pradesh,2022,4,Utility,61984859,40871649826.31441
Madhya Pradesh,2023,1,P2P,263468166,809324793181.5155
Madhya Pradesh,2023,1,Retail,395551751,203820995890.95844
Madhya Pradesh,2023,1,Utility,71618700,45173382871.57996
Madhya Pradesh,2023,2,P2P,294078080,916014980566.0862
Madhya Pradesh,2023,2,Utility,81019878,54365405738.837875
Madhya Pradesh,2023,2,Retail,468684552,227030863555.15845
Madhya Pradesh,2023,3,P2P,333168847,929677804115.3452
Madhya Pradesh,2023,3,Retail,555828663,246598006829.2677
Madhya Pradesh,2023,3,Utility,85637152,58123801547.532776
Madhya Pradesh,2023,4,P2P,373938153,1063897581255.9968
Madhya Pradesh,2023,4,Retail,636732492,295552160365.8561
Madhya Pradesh,2023,4,Utility,88108658,67373328559.32103
Madhya Pradesh,2024,1,P2P,434331008,1209742432438.1948
Madhya Pradesh,2024,1,Retail,747491424,342135005639.66675
Madhya Pradesh,2024,1,Utility,101620697,74293758777.68762
Madhya Pradesh,2024,2,P2P,462519489,1314381819558.4277
Madhya Pradesh,2024,2,Utility,109715950,84888087932.3878
Madhya Pradesh,2024,2,Retail,859901226,378077760585.70557
Madhya Pradesh,2024,3,P2P,497539973,1279552980151.1147
Madhya Pradesh,2024,3,Retail,926585300,384226020312.7956
Madhya Pradesh,2024,3,Utility,110364227,95649066253.77884
Madhya Pradesh,2024,4,P2P,545431384,1455711647566.668
Madhya Pradesh,2024,4,Retail,1024836894,440749284177.4617
Madhya Pradesh,2024,4,Utility,111609384,104751793126.50807
Madhya Pradesh,2025,1,Retail,1040983000,430487348336.8946
Madhya Pradesh,2025,1,Utility,123203106,109105360026.85428
Madhya Pradesh,2025,1,P2P,559249557,1493463209287.9224
Madhya Pradesh,2025,2,P2P,568967572,1578885278006.9512
Madhya Pradesh,2025,2,Retail,1143273346,472279945335.885
Madhya Pradesh,2025,2,Utility,125078312,117204973300.34192
Madhya Pradesh,2025,3,P2P,609772524,1493657100665.3208
Madhya Pradesh,2025,3,Retail,1244302556,478909284538.0845
Madhya Pradesh,2025,3,Utility,126262681,126075721957.48965
Madhya Pradesh,2025,4,P2P,655981444,1654478994616.5352
Madhya Pradesh,2025,4,Retail,1317761396,540014267298.06696
Madhya Pradesh,2025,4,Utility,127339599,137371608766.57396
Madhya Pradesh,2026,1,Retail,1369000689,561483954109.4495
Madhya Pradesh,2026,1,Utility,134791979,143795730016.76617
Madhya Pradesh,2026,1,P2P,682818506,1718897802609.865
Madhya Pradesh,2026,2,P2P,692355802,1816270501215.9336
Madhya Pradesh,2026,2,Utility,134905941,153957311924.0763
Madhya Pradesh,2026,2,Retail,1456576342,598148260036.9344
Maharashtra,2018,1,P2P,4904123,17240826462.602303
Maharashtra,2018,1,Retail,10256681,2575202085.579726
Maharashtra,2018,1,Utility,610493,800256051.4209037
Maharashtra,2018,2,P2P,7296740,29099936022.412193
Maharashtra,2018,2,Retail,13039678,3848017255.667726
Maharashtra,2018,2,Utility,1370966,1622028400.9558468
Maharashtra,2018,3,P2P,12620224,43625688558.038475
Maharashtra,2018,3,Utility,1976450,2141510364.0786629
Maharashtra,2018,3,Retail,16189479,4567758514.986597
Maharashtra,2018,4,Retail,23240057,7347092551.706038
Maharashtra,2018,4,Utility,2435307,2966920750.1442027
Maharashtra,2018,4,P2P,20039783,66256382869.885315
Maharashtra,2019,1,P2P,35939138,93627701694.13269
Maharashtra,2019,1,Retail,33977457,9614690903.758623
Maharashtra,2019,1,Utility,3958137,4341060420.009475
Maharashtra,2019,2,P2P,40939711,124871981422.75432
Maharashtra,2019,2,Retail,54030628,16236533042.450954
Maharashtra,2019,2,Utility,4360998,6313079791.409272
Maharashtra,2019,3,P2P,56361577,160243862341.58435
Maharashtra,2019,3,Utility,8344485,11381688753.91073
Maharashtra,2019,3,Retail,84053886,22726797443.678085
Maharashtra,2019,4,P2P,75832872,215137602476.5688
Maharashtra,2019,4,Retail,103887387,28740182970.66705
Maharashtra,2019,4,Utility,16758012,16278862802.644138
Maharashtra,2020,1,P2P,84061718,252004119894.9871
Maharashtra,2020,1,Retail,125734064,37884614833.74382
Maharashtra,2020,1,Utility,23962681,18407020909.572178
Maharashtra,2020,2,P2P,70384119,226158762586.16473
Maharashtra,2020,2,Retail,80390030,39445183618.5182
Maharashtra,2020,2,Utility,29655735,15750670588.30177
Maharashtra,2020,3,P2P,102590461,331734080136.60254
Maharashtra,2020,3,Retail,127581626,63923246389.30126
Maharashtra,2020,3,Utility,29011915,21788111646.333027
Maharashtra,2020,4,Retail,211773187,103163050873.9993
Maharashtra,2020,4,Utility,39414683,29292314892.696144
Maharashtra,2020,4,P2P,145871285,465662473822.7262
Maharashtra,2021,1,P2P,173584645,552141116755.276
Maharashtra,2021,1,Retail,241600887,119640809290.50336
Maharashtra,2021,1,Utility,72955854,41018182182.09192
Maharashtra,2021,2,Utility,95323220,45397398615.96484
Maharashtra,2021,2,P2P,208494008,647991748712.1151
Maharashtra,2021,2,Retail,229413959,135843731286.4454
Maharashtra,2021,3,P2P,268139750,793113211007.2576
Maharashtra,2021,3,Retail,362427389,192964217783.96402
Maharashtra,2021,3,Utility,104019441,54260866742.824585
Maharashtra,2021,4,P2P,286423482,866795070479.2156
Maharashtra,2021,4,Retail,441281724,240334089367.26913
Maharashtra,2021,4,Utility,93550357,54623406096.159836
Maharashtra,2022,1,P2P,367923036,1123203255047.8486
Maharashtra,2022,1,Retail,597190812,297648954466.4065
Maharashtra,2022,1,Utility,104698822,64081898952.634384
Maharashtra,2022,2,P2P,412391023,1298201018605.5713
Maharashtra,2022,2,Retail,739763476,368111002689.696
Maharashtra,2022,2,Utility,120605573,74682187917.03755
Maharashtra,2022,3,P2P,478474346,1406802921130.0376
Maharashtra,2022,3,Retail,868371330,421801358671.6442
Maharashtra,2022,3,Utility,135060465,87383032039.59189
Maharashtra,2022,4,Retail,998769959,484505085970.0005
Maharashtra,2022,4,Utility,138571543,92391456461.77217
Maharashtra,2022,4,P2P,521994075,1574013274977.3828
Maharashtra,2023,1,P2P,572302736,1752668042222.812
Maharashtra,2023,1,Retail,1121600766,511701055699.1843
Maharashtra,2023,1,Utility,149306143,98948468802.52707
Maharashtra,2023,2,Utility,164636686,116350531724.0044
Maharashtra,2023,2,P2P,620451894,1923656417567.8196
Maharashtra,2023,2,Retail,1273343788,564697638545.7037
Maharashtra,2023,3,P2P,688980001,2006015545499.0374
Maharashtra,2023,3,Utility,171877423,125825849890.5264
Maharashtra,2023,3,Retail,1427891144,621678065509.837
Maharashtra,2023,4,P2P,767862734,2255149382244.2925
Maharashtra,2023,4,Retail,1627859322,707567975451.0281
Maharashtra,2023,4,Utility,172844886,143069487454.0276
Maharashtra,2024,1,P2P,843776729,2472989757831.718
Maharashtra,2024,1,Retail,1798938438,757130276482.2281
Maharashtra,2024,1,Utility,188720337,151882908461.6195
Maharashtra,2024,2,Utility,201364193,164714077046.21762
Maharashtra,2024,2,P2P,879434478,2595981632615.5166
Maharashtra,2024,2,Retail,1975738521,814330808881.2986
Maharashtra,2024,3,P2P,971225117,2659582852230.712
Maharashtra,2024,3,Utility,213922255,187694649487.61316
Maharashtra,2024,3,Retail,2100939879,843101761553.8245
Maharashtra,2024,4,P2P,1061944663,2988788716004.467
Maharashtra,2024,4,Retail,2354931274,958368639247.0728
Maharashtra,2024,4,Utility,218025062,205369563444.1978
Maharashtra,2025,1,P2P,1136127810,3174687453169.4824
Maharashtra,2025,1,Retail,2530485146,946495808391.404
Maharashtra,2025,1,Utility,237921594,214165571085.39758
Maharashtra,2025,2,P2P,1133509660,3223140073917.948
Maharashtra,2025,2,Retail,2660636662,1017970066958.3237
Maharashtra,2025,2,Utility,241776924,218737420724.20288
Maharashtra,2025,3,P2P,1226322130,3213593268523.017
Maharashtra,2025,3,Utility,250631747,239413499237.1983
Maharashtra,2025,3,Retail,2829226611,1047203747624.8318
Maharashtra,2025,4,Retail,3052486746,1160360949368.364
Maharashtra,2025,4,Utility,254520674,260596238663.79968
Maharashtra,2025,4,P2P,1311097640,3535587711143.964
Maharashtra,2026,1,P2P,1363409161,3718724043286.4355
Maharashtra,2026,1,Retail,3200987799,1186858032146.0198
Maharashtra,2026,1,Utility,265080469,273894014955.52945
Maharashtra,2026,2,Utility,262324547,288368216966.1335
Maharashtra,2026,2,P2P,1389123843,3876458808788.0957
Maharashtra,2026,2,Retail,3413003601,1300349527402.3584
Manipur,2018,1,Retail,74310,14654416.729654565
Manipur,2018,1,Utility,200,461630.71471091616
Manipur,2018,1,P2P,30398,137401129.8530382
Manipur,2018,2,P2P,69535,272026547.87677455
Manipur,2018,2,Retail,113472,23008463.789306596
Manipur,2018,2,Utility,1923,1640846.4217567837
Manipur,2018,3,P2P,103214,407113525.5256405
Manipur,2018,3,Retail,113751,26876494.531989776
Manipur,2018,3,Utility,2817,2241915.3445818042
Manipur,2018,4,P2P,116349,640594072.7142899
Manipur,2018,4,Retail,164993,45751669.32127426
Manipur,2018,4,Utility,3952,3780020.1659896728
Manipur,2019,1,Retail,170783,43600145.02876641
Manipur,2019,1,Utility,5044,4929730.112626582
Manipur,2019,1,P2P,147093,741924571.2290529
Manipur,2019,2,P2P,161943,925621030.1286483
Manipur,2019,2,Retail,200970,54149546.91546019
Manipur,2019,2,Utility,4458,6223436.8722078595
Manipur,2019,3,P2P,191342,1083926859.4994905
Manipur,2019,3,Retail,204807,60238254.90901807
Manipur,2019,3,Utility,15944,11335925.53453511
Manipur,2019,4,Retail,209319,69250664.37125665
Manipur,2019,4,Utility,52049,20534642.706216108
Manipur,2019,4,P2P,250375,1366640709.641903
Manipur,2020,1,P2P,267095,1510268855.3844562
Manipur,2020,1,Retail,244184,87444294.00552452
Manipur,2020,1,Utility,95720,29568483.283885308
Manipur,2020,2,P2P,343823,1959800411.7397385
Manipur,2020,2,Retail,349701,145834472.24647805
Manipur,2020,2,Utility,185770,48985715.92366863
Manipur,2020,3,P2P,444736,2547814776.4825683
Manipur,2020,3,Retail,416199,195562439.18516403
Manipur,2020,3,Utility,182393,50779042.57684711
Manipur,2020,4,P2P,539549,3269509465.155344
Manipur,2020,4,Retail,420543,304928432.85955065
Manipur,2020,4,Utility,226110,69758716.12335724
Manipur,2021,1,Retail,220308,281999284.60083055
Manipur,2021,1,Utility,377533,98715920.55234031
Manipur,2021,1,P2P,553294,3500131714.370366
Manipur,2021,2,P2P,635650,3677779186.66175
Manipur,2021,2,Retail,250250,321276180.86606777
Manipur,2021,2,Utility,550077,129983823.81286731
Manipur,2021,3,P2P,835511,4777241545.953207
Manipur,2021,3,Retail,336219,501734349.9886097
Manipur,2021,3,Utility,600525,165191189.24782383
Manipur,2021,4,Retail,368527,552013355.9023898
Manipur,2021,4,Utility,558055,171387851.3507508
Manipur,2021,4,P2P,855988,4821768579.144505
Manipur,2022,1,P2P,1104469,5993076595.49044
Manipur,2022,1,Retail,509928,768193832.4402745
Manipur,2022,1,Utility,642874,203567576.57831466
Manipur,2022,2,P2P,1198080,6188181022.41522
Manipur,2022,2,Retail,645557,823897971.5596023
Manipur,2022,2,Utility,607690,196148931.0399133
Manipur,2022,3,P2P,1481055,6811189427.957539
Manipur,2022,3,Retail,837582,1070078981.2014359
Manipur,2022,3,Utility,657815,218921571.8720165
Manipur,2022,4,P2P,1609813,7091823227.381321
Manipur,2022,4,Retail,928790,1094634558.0441704
Manipur,2022,4,Utility,678547,217186102.08884835
Manipur,2023,1,Retail,1073657,1197938537.4966438
Manipur,2023,1,Utility,647485,220547108.6458903
Manipur,2023,1,P2P,1714135,7333054050.295577
Manipur,2023,2,P2P,815435,3785941001.004068
Manipur,2023,2,Retail,585926,637437822.9298607
Manipur,2023,2,Utility,298692,129197426.8177639
Manipur,2023,3,P2P,450302,3063959150.203924
Manipur,2023,3,Retail,250465,467508837.75560653
Manipur,2023,3,Utility,203970,139360700.61969483
Manipur,2023,4,Retail,688632,959087428.4335145
Manipur,2023,4,Utility,414045,232761837.35794407
Manipur,2023,4,P2P,1100791,5715195396.968554
Manipur,2024,1,Retail,1380355,1535761046.1072989
Manipur,2024,1,Utility,660502,295934191.50958014
Manipur,2024,1,P2P,1933165,7549948130.019974
Manipur,2024,2,P2P,2523049,8896322165.142174
Manipur,2024,2,Retail,2012748,1804008260.52135
Manipur,2024,2,Utility,732578,339787305.4589089
Manipur,2024,3,P2P,2962849,9406496945.20272
Manipur,2024,3,Retail,2087985,1963384287.6428576
Manipur,2024,3,Utility,755221,401879628.2365012
Manipur,2024,4,Retail,2123143,2003932951.1717005
Manipur,2024,4,Utility,660774,393796738.0994561
Manipur,2024,4,P2P,3014393,9741671649.093046
Manipur,2025,1,P2P,4012837,11520773756.149473
Manipur,2025,1,Retail,2888122,2306281181.0567245
Manipur,2025,1,Utility,874183,488083128.9625295
Manipur,2025,2,P2P,4212499,11865797207.446793
Manipur,2025,2,Retail,3542824,2498451524.0405755
Manipur,2025,2,Utility,845312,505502372.73263997
Manipur,2025,3,P2P,4683706,12731317172.199627
Manipur,2025,3,Retail,4269941,2932866171.996412
Manipur,2025,3,Utility,850824,560490107.6178644
Manipur,2025,4,P2P,4810704,12940333873.727993
Manipur,2025,4,Retail,4174837,2950414677.168601
Manipur,2025,4,Utility,829488,572000926.3118182
Manipur,2026,1,P2P,4986200,13362258518.10936
Manipur,2026,1,Retail,4367144,3026031356.950936
Manipur,2026,1,Utility,881023,615246125.609421
Manipur,2026,2,P2P,5042151,13303508278.268917
Manipur,2026,2,Retail,4552091,3030830762.1624036
Manipur,2026,2,Utility,865449,644820199.395371
Meghalaya,2018,1,P2P,14088,63861319.20273472
Meghalaya,2018,1,Retail,42995,10993533.283211894
Meghalaya,2018,1,Utility,655,1237983.7186157024
Meghalaya,2018,2,P2P,21522,112617695.90783414
Meghalaya,2018,2,Retail,56085,16026677.817567505
Meghalaya,2018,2,Utility,2068,2672100.735933321
Meghalaya,2018,3,P2P,38720,206920213.28400832
Meghalaya,2018,3,Retail,81832,22224939.112731066
Meghalaya,2018,3,Utility,3332,4022678.418205326
Meghalaya,2018,4,P2P,59703,327152291.80434555
Meghalaya,2018,4,Retail,118819,35885685.9431431
Meghalaya,2018,4,Utility,3834,5040572.247114645
Meghalaya,2019,1,P2P,92541,399716091.1732652
Meghalaya,2019,1,Retail,135938,39956165.14175424
Meghalaya,2019,1,Utility,5319,6706584.6984185465
Meghalaya,2019,2,P2P,107691,530975268.7597257
Meghalaya,2019,2,Retail,167684,49833752.21268352
Meghalaya,2019,2,Utility,4909,8795751.252607068
Meghalaya,2019,3,P2P,132605,651331351.4229603
Meghalaya,2019,3,Retail,175853,56544965.817955874
Meghalaya,2019,3,Utility,17725,17072336.002650116
Meghalaya,2019,4,P2P,159506,762278822.1134363
Meghalaya,2019,4,Retail,163554,54204057.54228297
Meghalaya,2019,4,Utility,50155,25234817.08335846
Meghalaya,2020,1,P2P,165934,881322605.5184281
Meghalaya,2020,1,Retail,189179,69139595.12751654
Meghalaya,2020,1,Utility,85118,34824697.94698556
Meghalaya,2020,2,P2P,176495,942440981.2658414
Meghalaya,2020,2,Retail,289723,111484551.24998271
Meghalaya,2020,2,Utility,162392,49880083.12076083
Meghalaya,2020,3,P2P,238589,1308122956.2268875
Meghalaya,2020,3,Retail,315322,152812087.35578007
Meghalaya,2020,3,Utility,138148,53022511.78689799
Meghalaya,2020,4,P2P,319172,1769042212.128305
Meghalaya,2020,4,Retail,321204,185899480.69333392
Meghalaya,2020,4,Utility,195985,71659615.95533201
Meghalaya,2021,1,P2P,374973,2048051414.7235286
Meghalaya,2021,1,Retail,170026,202138262.00609952
Meghalaya,2021,1,Utility,350046,117518851.94823785
Meghalaya,2021,2,P2P,422974,2156305089.4476595
Meghalaya,2021,2,Retail,193215,221568389.41804916
Meghalaya,2021,2,Utility,510243,156642370.9835583
Meghalaya,2021,3,P2P,544751,2691017154.5311894
Meghalaya,2021,3,Retail,261011,332389539.7072395
Meghalaya,2021,3,Utility,548454,180708084.26088798
Meghalaya,2021,4,P2P,686100,3293297260.348463
Meghalaya,2021,4,Retail,348960,463790234.5144209
Meghalaya,2021,4,Utility,523584,194963340.2264163
Meghalaya,2022,1,P2P,932731,4496098215.468949
Meghalaya,2022,1,Retail,522433,633464796.1195548
Meghalaya,2022,1,Utility,556173,236551443.99498066
Meghalaya,2022,2,P2P,1141224,5009572739.755018
Meghalaya,2022,2,Retail,740673,834803630.0664686
Meghalaya,2022,2,Utility,614032,257245439.8966221
Meghalaya,2022,3,P2P,1472843,5821645483.777059
Meghalaya,2022,3,Retail,1033414,1081784741.4960868
Meghalaya,2022,3,Utility,718391,303770860.91312903
Meghalaya,2022,4,P2P,1725693,6737687410.397097
Meghalaya,2022,4,Retail,1152974,1224135113.7653086
Meghalaya,2022,4,Utility,747069,318504460.1314995
Meghalaya,2023,1,P2P,2010002,7880656870.175055
Meghalaya,2023,1,Retail,1323801,1428258915.0697465
Meghalaya,2023,1,Utility,837947,363523677.74602914
Meghalaya,2023,2,P2P,2376705,8560145655.490799
Meghalaya,2023,2,Retail,1830555,1710074134.2143784
Meghalaya,2023,2,Utility,896548,410329181.7267857
Meghalaya,2023,3,P2P,2778556,8713516257.079037
Meghalaya,2023,3,Retail,2204934,1897064703.2270484
Meghalaya,2023,3,Utility,944086,424144831.7225916
Meghalaya,2023,4,P2P,3410871,10657081851.146084
Meghalaya,2023,4,Retail,2726364,2366382517.863888
Meghalaya,2023,4,Utility,982808,485608726.111284
Meghalaya,2024,1,P2P,3903641,11758239546.41294
Meghalaya,2024,1,Retail,3259975,2677677229.6181
Meghalaya,2024,1,Utility,1088583,519945918.85952264
Meghalaya,2024,2,P2P,4455087,12290917516.674932
Meghalaya,2024,2,Retail,5343544,3219873152.3995895
Meghalaya,2024,2,Utility,1191791,569130635.507214
Meghalaya,2024,3,P2P,5065670,12137273648.87331
Meghalaya,2024,3,Retail,5773240,3420627762.409601
Meghalaya,2024,3,Utility,1257525,629253067.669606
Meghalaya,2024,4,P2P,6057301,14849873782.763279
Meghalaya,2024,4,Retail,6601880,4001630000.242719
Meghalaya,2024,4,Utility,1333935,685510961.83055
Meghalaya,2025,1,P2P,6637505,16897913341.315205
Meghalaya,2025,1,Retail,7368816,4206551917.9509325
Meghalaya,2025,1,Utility,1560086,778027208.7275578
Meghalaya,2025,2,P2P,6819794,16571760376.625538
Meghalaya,2025,2,Retail,9006438,4574652916.930701
Meghalaya,2025,2,Utility,1478014,767315463.6818974
Meghalaya,2025,3,P2P,7936464,19699380796.48029
Meghalaya,2025,3,Retail,10342245,5065005986.955546
Meghalaya,2025,3,Utility,1597432,867373519.2851715
Meghalaya,2025,4,P2P,8577148,19516396255.299416
Meghalaya,2025,4,Retail,9681598,5472060502.481741
Meghalaya,2025,4,Utility,1578904,918717268.7317226
Meghalaya,2026,1,P2P,9546670,17491107878.29819
Meghalaya,2026,1,Retail,8839945,5031817874.325317
Meghalaya,2026,1,Utility,1539820,918930192.5071406
Meghalaya,2026,2,P2P,9973916,17600789826.168114
Meghalaya,2026,2,Retail,10836114,5720028376.281585
Meghalaya,2026,2,Utility,1590783,1012892306.1801142
Mizoram,2018,1,P2P,7725,48488440.29264373
Mizoram,2018,1,Retail,14367,4283153.309403698
Mizoram,2018,1,Utility,89,389141.85338013317
Mizoram,2018,2,P2P,12760,87181093.61134277
Mizoram,2018,2,Retail,18364,6705674.735994902
Mizoram,2018,2,Utility,436,413408.56396257854
Mizoram,2018,3,P2P,20289,120941485.51230544
Mizoram,2018,3,Retail,24604,8046159.739809571
Mizoram,2018,3,Utility,721,726976.8776386558
Mizoram,2018,4,P2P,28968,199510520.21313795
Mizoram,2018,4,Retail,36184,13169595.907770034
Mizoram,2018,4,Utility,1082,1159555.4027683036
Mizoram,2019,1,P2P,40318,240599158.37244833
Mizoram,2019,1,Retail,43515,15014192.833051061
Mizoram,2019,1,Utility,1386,1348172.014540596
Mizoram,2019,2,P2P,46960,303284651.5028503
Mizoram,2019,2,Retail,52540,16879044.637310557
Mizoram,2019,2,Utility,1458,1735694.3712748238
Mizoram,2019,3,P2P,52804,332143019.0311679
Mizoram,2019,3,Retail,55585,19901394.27405142
Mizoram,2019,3,Utility,5758,4685875.009024959
Mizoram,2019,4,Utility,18015,9167784.323894873
Mizoram,2019,4,P2P,69162,432645059.039711
Mizoram,2019,4,Retail,57139,21678731.33149251
Mizoram,2020,1,P2P,73986,470480151.8791255
Mizoram,2020,1,Retail,72242,27296492.817249823
Mizoram,2020,1,Utility,33309,14247150.17517097
Mizoram,2020,2,P2P,75529,516948427.7296549
Mizoram,2020,2,Retail,94994,41003209.904276505
Mizoram,2020,2,Utility,56635,19734439.27351783
Mizoram,2020,3,P2P,113045,734086046.8385271
Mizoram,2020,3,Retail,109236,60278140.503065586
Mizoram,2020,3,Utility,60332,22757201.98312122
Mizoram,2020,4,P2P,155391,984078179.4839346
Mizoram,2020,4,Retail,116071,83175760.19449408
Mizoram,2020,4,Utility,81393,28967500.597702947
Mizoram,2021,1,P2P,177585,1126181805.3477497
Mizoram,2021,1,Retail,67889,94306301.36778334
Mizoram,2021,1,Utility,138912,45156594.70930672
Mizoram,2021,2,Utility,196749,61992260.00667463
Mizoram,2021,2,P2P,198301,1145204685.484063
Mizoram,2021,2,Retail,74439,86202033.23183131
Mizoram,2021,3,P2P,249407,1454512260.9384155
Mizoram,2021,3,Retail,93972,136833078.2016335
Mizoram,2021,3,Utility,212555,75404826.72308266
Mizoram,2021,4,Utility,191265,67804964.34750739
Mizoram,2021,4,P2P,266273,1538159040.6922216
Mizoram,2021,4,Retail,107464,156814934.58019108
Mizoram,2022,1,P2P,333816,1888784790.8594036
Mizoram,2022,1,Retail,134652,196505652.84440064
Mizoram,2022,1,Utility,208246,78133773.31305079
Mizoram,2022,2,P2P,367719,1937928992.6732783
Mizoram,2022,2,Retail,166864,216398497.45157993
Mizoram,2022,2,Utility,201375,72915540.12865853
Mizoram,2022,3,P2P,441599,2068283032.7431428
Mizoram,2022,3,Retail,209057,268363777.42280486
Mizoram,2022,3,Utility,222267,84711348.73295793
Mizoram,2022,4,P2P,527741,2377109598.637416
Mizoram,2022,4,Retail,261186,315273309.38253266
Mizoram,2022,4,Utility,229803,85921984.22921452
Mizoram,2023,1,P2P,601454,2600416854.607725
Mizoram,2023,1,Retail,276865,334936970.69513154
Mizoram,2023,1,Utility,238353,91869246.69282472
Mizoram,2023,2,Utility,248570,101246705.38631012
Mizoram,2023,2,P2P,679572,2750916018.3824115
Mizoram,2023,2,Retail,358005,411689613.4282782
Mizoram,2023,3,P2P,734614,2651960620.5435658
Mizoram,2023,3,Retail,389679,412628975.4616865
Mizoram,2023,3,Utility,246931,102465804.83132756
Mizoram,2023,4,Utility,245116,118425713.83987689
Mizoram,2023,4,P2P,819882,2982371531.823569
Mizoram,2023,4,Retail,511251,520822126.46229553
Mizoram,2024,1,P2P,860994,2992729023.4134765
Mizoram,2024,1,Retail,577796,585322500.8287079
Mizoram,2024,1,Utility,250134,123384907.30402876
Mizoram,2024,2,Utility,257673,127094153.85431543
Mizoram,2024,2,P2P,960517,3050119794.6886435
Mizoram,2024,2,Retail,854085,693137906.4715497
Mizoram,2024,3,P2P,1088181,3030377385.2993145
Mizoram,2024,3,Retail,1032373,775202819.0671247
Mizoram,2024,3,Utility,274563,136717011.56319147
Mizoram,2024,4,Utility,276280,147202609.92831182
Mizoram,2024,4,P2P,1215748,3438078721.1967916
Mizoram,2024,4,Retail,1194828,884850910.723885
Mizoram,2025,1,P2P,1412817,3825323943.4428954
Mizoram,2025,1,Retail,1464155,995290330.8115951
Mizoram,2025,1,Utility,337939,167965583.24225402
Mizoram,2025,2,P2P,1393032,3603066855.4076424
Mizoram,2025,2,Retail,1693554,1009081782.3358778
Mizoram,2025,2,Utility,312219,166967572.54086813
Mizoram,2025,3,P2P,1589619,3785730524.3980246
Mizoram,2025,3,Retail,2025992,1132357213.5234075
Mizoram,2025,3,Utility,336226,183868217.2445462
Mizoram,2025,4,P2P,1786077,4231602723.570233
Mizoram,2025,4,Retail,1979390,1186003064.8173327
Mizoram,2025,4,Utility,337628,191033326.58342803
Mizoram,2026,1,P2P,1855867,4468165029.453964
Mizoram,2026,1,Retail,1959194,1189089396.2844965
Mizoram,2026,1,Utility,336079,190287749.36049807
Mizoram,2026,2,Utility,331711,197070347.22302598
Mizoram,2026,2,P2P,2067137,4658296203.56402
Mizoram,2026,2,Retail,2231778,1222652962.4773166
Nagaland,2018,1,Retail,39386,10178403.537566686
Nagaland,2018,1,Utility,219,382149.54974328587
Nagaland,2018,1,P2P,12854,82485259.09994261
Nagaland,2018,2,Retail,58079,16019195.634718135
Nagaland,2018,2,Utility,1114,1262476.8263557907
Nagaland,2018,2,P2P,23666,171002581.8978169
Nagaland,2018,3,P2P,38744,266749464.32575738
Nagaland,2018,3,Retail,77504,20911457.546441738
Nagaland,2018,3,Utility,1708,1792017.565813507
Nagaland,2018,4,P2P,61529,423053785.8213866
Nagaland,2018,4,Retail,109267,33071593.593479432
Nagaland,2018,4,Utility,2530,3453376.445598578
Nagaland,2019,1,Retail,124651,35230243.153764315
Nagaland,2019,1,Utility,3755,4445066.061310744
Nagaland,2019,1,P2P,85647,512898409.97227
Nagaland,2019,2,Retail,156958,40988027.58409222
Nagaland,2019,2,Utility,3776,5619375.060091958
Nagaland,2019,2,P2P,108986,678250200.2859279
Nagaland,2019,3,P2P,134567,826933054.3337904
Nagaland,2019,3,Retail,167265,48424141.852231994
Nagaland,2019,3,Utility,16442,10506712.093741795
Nagaland,2019,4,P2P,171822,1060562850.890923
Nagaland,2019,4,Retail,163700,49991990.98490614
Nagaland,2019,4,Utility,51480,19336165.2667893
Nagaland,2020,1,P2P,183413,1128741922.8568952
Nagaland,2020,1,Retail,184484,58830166.40398526
Nagaland,2020,1,Utility,89888,29068630.11243943
Nagaland,2020,2,Retail,239041,87576608.91943148
Nagaland,2020,2,Utility,154857,44870730.33083517
Nagaland,2020,2,P2P,219693,1361724630.978139
Nagaland,2020,3,P2P,326189,1903330706.505572
Nagaland,2020,3,Retail,292460,122170532.47867821
Nagaland,2020,3,Utility,148565,46478847.12253803
Nagaland,2020,4,P2P,396507,2544928210.177186
Nagaland,2020,4,Retail,266738,163319014.09858343
Nagaland,2020,4,Utility,188444,58586947.51759419
Nagaland,2021,1,Retail,127106,152486789.29349574
Nagaland,2021,1,Utility,330764,87322624.4049599
Nagaland,2021,1,P2P,419883,2666974270.307148
Nagaland,2021,2,P2P,512516,2896219605.383726
Nagaland,2021,2,Retail,130032,182296535.77460402
Nagaland,2021,2,Utility,464803,116956974.95370084
Nagaland,2021,3,P2P,649798,3647808804.9548798
Nagaland,2021,3,Retail,183947,308301964.7790236
Nagaland,2021,3,Utility,482981,135381184.59693465
Nagaland,2021,4,P2P,692273,3890645781.267926
Nagaland,2021,4,Retail,222754,366585708.38656694
Nagaland,2021,4,Utility,454766,139779578.0089162
Nagaland,2022,1,P2P,877525,4616885060.43807
Nagaland,2022,1,Retail,323423,490976996.27945244
Nagaland,2022,1,Utility,508927,168211822.76599523
Nagaland,2022,2,Retail,441412,615416044.9864085
Nagaland,2022,2,Utility,514039,169551198.50941712
Nagaland,2022,2,P2P,1018561,5124751558.938251
Nagaland,2022,3,P2P,1260750,5782023747.036064
Nagaland,2022,3,Retail,562207,807657649.1448228
Nagaland,2022,3,Utility,574188,189286764.46767157
Nagaland,2022,4,P2P,1392790,6309843024.202513
Nagaland,2022,4,Retail,603869,939998071.3647513
Nagaland,2022,4,Utility,583848,191770603.22398105
Nagaland,2023,1,Retail,680677,1013112657.0568291
Nagaland,2023,1,Utility,613668,208388237.92535448
Nagaland,2023,1,P2P,1539803,6829367465.074572
Nagaland,2023,2,P2P,1655450,6923813124.14897
Nagaland,2023,2,Retail,838501,1130915070.9166203
Nagaland,2023,2,Utility,597510,208737433.2055562
Nagaland,2023,3,P2P,1932631,7327696314.065245
Nagaland,2023,3,Retail,1024556,1305773190.7932048
Nagaland,2023,3,Utility,624443,225208472.77172726
Nagaland,2023,4,P2P,2151924,8082772691.70899
Nagaland,2023,4,Retail,1196265,1577850739.2436297
Nagaland,2023,4,Utility,605199,244731900.5290592
Nagaland,2024,1,Retail,1475125,1772091059.8318892
Nagaland,2024,1,Utility,640783,268743212.2585739
Nagaland,2024,1,P2P,2296558,8200900403.010618
Nagaland,2024,2,P2P,2698781,8906489767.694902
Nagaland,2024,2,Retail,2514000,2051140113.025539
Nagaland,2024,2,Utility,684389,294420278.4214099
Nagaland,2024,3,P2P,3223455,9584925158.74841
Nagaland,2024,3,Retail,3141143,2366986266.435226
Nagaland,2024,3,Utility,763284,350834911.6409408
Nagaland,2024,4,P2P,3646828,10824961105.177265
Nagaland,2024,4,Retail,3534185,2750081805.421515
Nagaland,2024,4,Utility,771268,377725923.0781062
Nagaland,2025,1,P2P,3745885,10689871548.450308
Nagaland,2025,1,Retail,3803438,2752775249.0149026
Nagaland,2025,1,Utility,868332,412283262.82565784
Nagaland,2025,2,Retail,4724132,2986105093.0699897
Nagaland,2025,2,Utility,835279,414303126.94403666
Nagaland,2025,2,P2P,3898002,10624388118.637703
Nagaland,2025,3,P2P,4458684,11250970512.304928
Nagaland,2025,3,Retail,5833318,3471235664.773766
Nagaland,2025,3,Utility,888870,473672427.2265897
Nagaland,2025,4,P2P,4922948,12239234944.06419
Nagaland,2025,4,Retail,5394902,3682160697.9884105
Nagaland,2025,4,Utility,854785,510966292.4359516
Nagaland,2026,1,P2P,5009814,12026866900.139084
Nagaland,2026,1,Retail,5145327,3467205124.354126
Nagaland,2026,1,Utility,874824,520323809.6582818
Nagaland,2026,2,P2P,5388614,12075582731.657005
Nagaland,2026,2,Retail,6083226,3742442924.3336344
Nagaland,2026,2,Utility,886486,553278648.89936
Odisha,2018,1,P2P,2693875,4807435386.038871
Odisha,2018,1,Retail,4336997,674713932.3801123
Odisha,2018,1,Utility,18114,50023537.90059741
Odisha,2018,2,P2P,4606791,8904859883.15007
Odisha,2018,2,Retail,4832463,893063866.2923915
Odisha,2018,2,Utility,108033,117865103.93229684
Odisha,2018,3,P2P,27474197,25228495728.41177
Odisha,2018,3,Retail,6109834,1042490428.6347709
Odisha,2018,3,Utility,189115,168188668.00785664
Odisha,2018,4,P2P,13840684,24787407606.22042
Odisha,2018,4,Retail,9660259,1617441474.9189034
Odisha,2018,4,Utility,229303,239957651.11520243
Odisha,2019,1,P2P,25934247,36014216912.06064
Odisha,2019,1,Retail,10887807,1962617785.0903811
Odisha,2019,1,Utility,371706,366398363.35934585
Odisha,2019,2,P2P,16396541,41313171764.2829
Odisha,2019,2,Retail,13345566,2948612870.766871
Odisha,2019,2,Utility,346179,471191509.51479137
Odisha,2019,3,P2P,18424210,51255271097.4825
Odisha,2019,3,Retail,21330371,4824234496.770006
Odisha,2019,3,Utility,1046265,908570409.4820487
Odisha,2019,4,P2P,43533987,73522526520.33868
Odisha,2019,4,Retail,19167186,5385364855.683814
Odisha,2019,4,Utility,2978391,1492485888.436336
Odisha,2020,1,P2P,27380806,83584667637.47638
Odisha,2020,1,Retail,21880811,7100615104.351967
Odisha,2020,1,Utility,5159960,2157898882.16122
Odisha,2020,2,P2P,24255361,80104239269.13107
Odisha,2020,2,Retail,18242091,8126182654.367682
Odisha,2020,2,Utility,7894700,2656533465.820876
Odisha,2020,3,P2P,35509492,111371637720.38235
Odisha,2020,3,Retail,25581574,12560380821.49289
Odisha,2020,3,Utility,7947529,3571869929.4243064
Odisha,2020,4,P2P,48735138,156954030873.23297
Odisha,2020,4,Retail,36795800,20944021091.22735
Odisha,2020,4,Utility,9342253,4857748376.547694
Odisha,2021,1,P2P,56168577,187708288055.39026
Odisha,2021,1,Retail,39886914,25681109207.23903
Odisha,2021,1,Utility,19039161,7352734168.051901
Odisha,2021,2,P2P,70199957,219493148161.3064
Odisha,2021,2,Retail,39885033,29310137354.91032
Odisha,2021,2,Utility,28140708,10251731077.385502
Odisha,2021,3,P2P,88531048,260454277901.22424
Odisha,2021,3,Retail,65021952,43301175565.71216
Odisha,2021,3,Utility,29812656,11494806875.724377
Odisha,2021,4,P2P,97365421,281923348261.47235
Odisha,2021,4,Retail,89306095,55823392363.745895
Odisha,2021,4,Utility,25597121,12214070706.48465
Odisha,2022,1,P2P,121543612,373711384373.13306
Odisha,2022,1,Retail,119389372,73335535217.65193
Odisha,2022,1,Utility,27978744,14555576303.93759
Odisha,2022,2,P2P,138799315,419515470331.66486
Odisha,2022,2,Retail,150198940,89425917193.49442
Odisha,2022,2,Utility,33379972,16935819708.142715
Odisha,2022,3,P2P,159103433,440884884500.0968
Odisha,2022,3,Retail,183017599,98433758514.76802
Odisha,2022,3,Utility,38473266,20511679266.979973
Odisha,2022,4,P2P,178318278,496591689166.7147
Odisha,2022,4,Retail,208414479,113206716437.40887
Odisha,2022,4,Utility,39048175,22525091272.11854
Odisha,2023,1,P2P,198718809,596510832737.4746
Odisha,2023,1,Retail,237800370,130926604514.60837
Odisha,2023,1,Utility,43529534,25919453282.084682
Odisha,2023,2,P2P,217465779,625857814861.2112
Odisha,2023,2,Retail,275129628,142485607764.44983
Odisha,2023,2,Utility,47971872,30269897684.891853
Odisha,2023,3,P2P,239483197,652214311523.2201
Odisha,2023,3,Retail,331120980,155535188932.00122
Odisha,2023,3,Utility,50250704,32650443925.725693
Odisha,2023,4,P2P,283368515,754811021081.9106
Odisha,2023,4,Retail,394216870,188103277364.12012
Odisha,2023,4,Utility,52426671,38707528934.3015
Odisha,2024,1,P2P,328186502,891445787060.0173
Odisha,2024,1,Retail,472041275,222137738306.10272
Odisha,2024,1,Utility,62179031,43664228167.748795
Odisha,2024,2,P2P,342454314,882530469971.0554
Odisha,2024,2,Retail,533463941,233107332106.85532
Odisha,2024,2,Utility,65817736,47904145443.569214
Odisha,2024,3,P2P,372510527,884778662660.9912
Odisha,2024,3,Retail,583139376,238230848839.66156
Odisha,2024,3,Utility,67338953,52743633110.20625
Odisha,2024,4,P2P,418474939,979036059417.1326
Odisha,2024,4,Retail,653769361,268173406944.9519
Odisha,2024,4,Utility,69451360,56902944771.99506
Odisha,2025,1,P2P,427880801,1074229348916.4417
Odisha,2025,1,Retail,672598864,279609143532.8333
Odisha,2025,1,Utility,73948513,60816787414.02794
Odisha,2025,2,P2P,429202554,1027772682736.2637
Odisha,2025,2,Retail,746112659,292375269885.6208
Odisha,2025,2,Utility,78154888,63139569101.06984
Odisha,2025,3,P2P,451228084,1018022829291.4746
Odisha,2025,3,Retail,785652801,301139429574.03424
Odisha,2025,3,Utility,77391433,68416619679.11077
Odisha,2025,4,P2P,486153705,1084708509012.4039
Odisha,2025,4,Retail,841861625,330347847409.9001
Odisha,2025,4,Utility,77443479,73702587719.68532
Odisha,2026,1,P2P,516558572,1248349914340.5762
Odisha,2026,1,Retail,889549627,367241083518.346
Odisha,2026,1,Utility,81743696,81908513746.30563
Odisha,2026,2,P2P,507336215,1199263266291.0273
Odisha,2026,2,Retail,932756499,382712112055.28827
Odisha,2026,2,Utility,83037296,84336761052.10901
Puducherry,2018,1,P2P,40064,149578713.01058304
Puducherry,2018,1,Retail,65486,14697861.41215079
Puducherry,2018,1,Utility,662,3296881.651806837
Puducherry,2018,2,P2P,56575,262828014.62284374
Puducherry,2018,2,Retail,68910,17852080.19109414
Puducherry,2018,2,Utility,2836,6637376.7644544495
Puducherry,2018,3,P2P,97296,379469455.2295567
Puducherry,2018,3,Retail,84545,23458146.165261094
Puducherry,2018,3,Utility,5028,13022061.055663262
Puducherry,2018,4,P2P,175338,576961092.4728422
Puducherry,2018,4,Retail,135865,37222365.77566674
Puducherry,2018,4,Utility,6133,15399726.421768483
Puducherry,2019,1,P2P,308499,820907354.1830873
Puducherry,2019,1,Retail,180367,50303657.624347456
Puducherry,2019,1,Utility,8863,19329055.705402263
Puducherry,2019,2,P2P,322762,1051273526.2156317
Puducherry,2019,2,Retail,246183,80516539.619268
Puducherry,2019,2,Utility,10136,24678361.566988483
Puducherry,2019,3,P2P,404050,1302263144.447332
Puducherry,2019,3,Retail,338785,117091229.7793644
Puducherry,2019,3,Utility,22196,42769988.60986286
Puducherry,2019,4,P2P,586080,1735546780.3424895
Puducherry,2019,4,Retail,451087,161555946.02155006
Puducherry,2019,4,Utility,55159,66074325.02479163
Puducherry,2020,1,P2P,637583,1983097587.7566283
Puducherry,2020,1,Retail,580921,224150931.0200153
Puducherry,2020,1,Utility,100933,92970644.26663539
Puducherry,2020,2,P2P,444724,1539661342.6903143
Puducherry,2020,2,Retail,455143,194410162.36873662
Puducherry,2020,2,Utility,140895,93353672.43521897
Puducherry,2020,3,P2P,679376,2419877670.6768956
Puducherry,2020,3,Retail,727619,342334958.0094306
Puducherry,2020,3,Utility,138596,122136623.18805674
Puducherry,2020,4,P2P,1047351,3520787112.825138
Puducherry,2020,4,Retail,1272494,643270629.7500182
Puducherry,2020,4,Utility,214590,192992619.3767537
Puducherry,2021,1,P2P,1252418,4218726522.849001
Puducherry,2021,1,Retail,1443581,837347113.3650453
Puducherry,2021,1,Utility,432222,260419714.02643153
Puducherry,2021,2,P2P,1279040,4241139392.7197776
Puducherry,2021,2,Retail,1385293,847992473.3552082
Puducherry,2021,2,Utility,571970,302974556.78646296
Puducherry,2021,3,P2P,1758454,5742892872.196791
Puducherry,2021,3,Retail,2208281,1336439879.338818
Puducherry,2021,3,Utility,623569,389527496.1403734
Puducherry,2021,4,P2P,1825625,5826176114.971703
Puducherry,2021,4,Retail,2550628,1500367793.0155149
Puducherry,2021,4,Utility,556670,392852516.9078938
Puducherry,2022,1,P2P,2317321,7488256038.880136
Puducherry,2022,1,Retail,3461076,1940435703.1345477
Puducherry,2022,1,Utility,576190,448427440.37967974
Puducherry,2022,2,P2P,2582879,8382844893.912123
Puducherry,2022,2,Retail,4265431,2392521201.4635077
Puducherry,2022,2,Utility,641663,520297288.3550544
Puducherry,2022,3,P2P,2958867,9355602295.083015
Puducherry,2022,3,Retail,5157180,2863812540.676669
Puducherry,2022,3,Utility,732350,614727009.2108144
Puducherry,2022,4,P2P,3142120,9760095859.803207
Puducherry,2022,4,Retail,5863846,3212187903.6773205
Puducherry,2022,4,Utility,742089,641358268.8858621
Puducherry,2023,1,P2P,3258866,10212779825.892694
Puducherry,2023,1,Retail,6224977,3346287629.830351
Puducherry,2023,1,Utility,733646,657335519.0281146
Puducherry,2023,2,P2P,3459724,10877648909.552794
Puducherry,2023,2,Retail,6931355,3688573131.181612
Puducherry,2023,2,Utility,802559,795601586.5349483
Puducherry,2023,3,P2P,3709860,11480302493.50171
Puducherry,2023,3,Retail,7920199,4104150648.070847
Puducherry,2023,3,Utility,834650,837192429.2872709
Puducherry,2023,4,P2P,3866931,11789954161.5083
Puducherry,2023,4,Retail,8377582,4329574327.703348
Puducherry,2023,4,Utility,830139,919984033.37218
Puducherry,2024,1,P2P,3982272,12160113351.486935
Puducherry,2024,1,Retail,8706366,4305627439.32638
Puducherry,2024,1,Utility,831332,934662332.0417774
Puducherry,2024,2,P2P,4169309,12630463098.315617
Puducherry,2024,2,Retail,9569219,4572109030.071827
Puducherry,2024,2,Utility,872339,1018442372.234462
Puducherry,2024,3,P2P,4543301,13339722169.200937
Puducherry,2024,3,Retail,10358162,4810829245.0285225
Puducherry,2024,3,Utility,919708,1156076489.178112
Puducherry,2024,4,P2P,4665679,13539005442.53947
Puducherry,2024,4,Retail,10781586,5021629068.0120125
Puducherry,2024,4,Utility,929550,1192016601.3895872
Puducherry,2025,1,P2P,5027320,14572698106.10854
Puducherry,2025,1,Retail,11618519,5311986219.110184
Puducherry,2025,1,Utility,966872,1283940409.5296438
Puducherry,2025,2,P2P,4859467,14078293377.09739
Puducherry,2025,2,Retail,11716317,5372125238.572502
Puducherry,2025,2,Utility,920231,1291063365.0774975
Puducherry,2025,3,P2P,5067996,14323889357.533936
Puducherry,2025,3,Retail,12400209,5585643949.098516
Puducherry,2025,3,Utility,933390,1371347273.7041545
Puducherry,2025,4,P2P,5170739,14666576142.210167
Puducherry,2025,4,Retail,12734340,5689102256.155001
Puducherry,2025,4,Utility,952014,1461980518.1067803
Puducherry,2026,1,P2P,5457257,15583814961.699333
Puducherry,2026,1,Retail,13385336,6073567101.072363
Puducherry,2026,1,Utility,948358,1543535822.109682
Puducherry,2026,2,P2P,5456184,15713366972.603334
Puducherry,2026,2,Retail,14273998,6564405219.616926
Puducherry,2026,2,Utility,941727,1629907939.4616244
Punjab,2018,1,P2P,762537,2725958204.1385937
Punjab,2018,1,Retail,1378870,363099135.3369651
Punjab,2018,1,Utility,11163,55226320.07769592
Punjab,2018,2,Retail,1731538,561184835.996989
Punjab,2018,2,Utility,81397,177210805.64900333
Punjab,2018,2,P2P,1119836,4508974790.474758
Punjab,2018,3,P2P,1801894,6769504021.631229
Punjab,2018,3,Utility,139167,345426102.74431634
Punjab,2018,3,Retail,1933346,672146024.839622
Punjab,2018,4,P2P,2460715,10323184749.048653
Punjab,2018,4,Retail,2824577,1042081423.0433449
Punjab,2018,4,Utility,205266,496669681.4923538
Punjab,2019,1,P2P,4274369,12831981768.835476
Punjab,2019,1,Retail,3247097,1106017944.3378818
Punjab,2019,1,Utility,308408,603052765.1209174
Punjab,2019,2,Retail,4325884,1653911106.9066133
Punjab,2019,2,Utility,372650,840696460.4785763
Punjab,2019,2,P2P,4208807,16424580985.87054
Punjab,2019,3,P2P,4737624,19142119611.441097
Punjab,2019,3,Utility,674942,1732282138.5531852
Punjab,2019,3,Retail,5622095,2144950169.050992
Punjab,2019,4,Retail,6254384,2176220244.506953
Punjab,2019,4,Utility,1404641,2376177362.0984917
Punjab,2019,4,P2P,6321702,25329646347.376846
Punjab,2020,1,P2P,6448799,26791757277.005135
Punjab,2020,1,Retail,7210325,2784985980.902099
Punjab,2020,1,Utility,2038824,2377677864.5597787
Punjab,2020,2,Retail,6014021,3016477090.220037
Punjab,2020,2,Utility,2687674,2282039492.9298
Punjab,2020,2,P2P,5501764,24538133602.390266
Punjab,2020,3,P2P,7525655,33136633276.668976
Punjab,2020,3,Retail,7823602,4379350907.23914
Punjab,2020,3,Utility,2538701,3526971539.2345576
Punjab,2020,4,P2P,9697447,43726392488.84065
Punjab,2020,4,Retail,10297838,6664529187.89292
Punjab,2020,4,Utility,3598416,4137022873.99037
Punjab,2021,1,P2P,11070488,47494300470.31009
Punjab,2021,1,Retail,10008900,7663908017.81102
Punjab,2021,1,Utility,6390774,4594984858.556509
Punjab,2021,2,P2P,13202084,55608250447.10545
Punjab,2021,2,Retail,11144498,9166102308.289711
Punjab,2021,2,Utility,8335415,5508631430.883668
Punjab,2021,3,P2P,16413165,64360488231.81946
Punjab,2021,3,Retail,16218466,13152051739.267681
Punjab,2021,3,Utility,9024573,6817028357.323643
Punjab,2021,4,Retail,19076362,17104884157.048012
Punjab,2021,4,Utility,8060225,6518514916.890647
Punjab,2021,4,P2P,17253838,70483920859.522
Punjab,2022,1,P2P,21331370,85408334904.3859
Punjab,2022,1,Retail,25097722,21221407187.61332
Punjab,2022,1,Utility,9159479,7208406389.780758
Punjab,2022,2,Retail,34194211,26023094393.652138
Punjab,2022,2,Utility,10670260,8388311508.114669
Punjab,2022,2,P2P,24605671,96827327509.96368
Punjab,2022,3,P2P,29796417,108383842636.84692
Punjab,2022,3,Retail,43028061,33154916811.654617
Punjab,2022,3,Utility,12523896,10469925170.277534
Punjab,2022,4,P2P,32553199,121993736816.0094
Punjab,2022,4,Retail,49331250,39172833281.088684
Punjab,2022,4,Utility,12821570,10859819349.371344
Punjab,2023,1,P2P,33559001,125974371831.89532
Punjab,2023,1,Retail,51451166,39565511665.28131
Punjab,2023,1,Utility,13143670,10324774319.77528
Punjab,2023,2,P2P,39137930,139767293520.09256
Punjab,2023,2,Retail,65508285,42801188098.07071
Punjab,2023,2,Utility,14366193,11935698377.729792
Punjab,2023,3,P2P,43206798,144870862839.24875
Punjab,2023,3,Utility,14957827,13065781843.223583
Punjab,2023,3,Retail,74686189,47394116683.02636
Punjab,2023,4,Retail,81488251,56021917108.988815
Punjab,2023,4,Utility,14745378,14406944544.581417
Punjab,2023,4,P2P,47207197,161418214555.73892
Punjab,2024,1,P2P,46625283,153710491715.1056
Punjab,2024,1,Retail,81707832,56863094144.6902
Punjab,2024,1,Utility,14840154,13565463801.901295
Punjab,2024,2,P2P,53076867,166876950698.30676
Punjab,2024,2,Retail,103791454,62937750059.55783
Punjab,2024,2,Utility,15990098,14948869840.191872
Punjab,2024,3,P2P,58951692,173909237069.39886
Punjab,2024,3,Utility,16691176,17738169624.832516
Punjab,2024,3,Retail,112671341,65442295566.63887
Punjab,2024,4,Retail,119043043,74116671896.01282
Punjab,2024,4,Utility,16909420,18707510704.124977
Punjab,2024,4,P2P,64059597,197045485732.41962
Punjab,2025,1,P2P,68035690,207887525977.96075
Punjab,2025,1,Retail,127552368,75972100537.1831
Punjab,2025,1,Utility,19112840,19722017630.683147
Punjab,2025,2,Retail,135349462,75102844981.66306
Punjab,2025,2,Utility,17550075,19717084859.556744
Punjab,2025,2,P2P,66681507,201809629336.50824
Punjab,2025,3,P2P,72569615,202820842459.01678
Punjab,2025,3,Utility,18471295,22483582425.194412
Punjab,2025,3,Retail,147253055,79003323509.18784
Punjab,2025,4,P2P,78882931,231017621946.63556
Punjab,2025,4,Retail,152709681,90380237947.84503
Punjab,2025,4,Utility,18984611,25081829270.54038
Punjab,2026,1,P2P,80997955,231472570075.94357
Punjab,2026,1,Retail,156323287,92489436448.35294
Punjab,2026,1,Utility,19640341,25816637527.306908
Punjab,2026,2,P2P,86235320,244675165175.23608
Punjab,2026,2,Retail,176968809,98137725177.93954
Punjab,2026,2,Utility,19159944,26816844333.664066
Rajasthan,2018,1,P2P,2918332,8885778005.6146
Rajasthan,2018,1,Retail,6171468,1372057918.7831912
Rajasthan,2018,1,Utility,182637,335335232.120625
Rajasthan,2018,2,P2P,4284208,15409718957.188889
Rajasthan,2018,2,Retail,7030908,1925876094.8623612
Rajasthan,2018,2,Utility,567897,754605516.2065157
Rajasthan,2018,3,P2P,7866935,23765364599.2303
Rajasthan,2018,3,Retail,7654080,2255867112.679395
Rajasthan,2018,3,Utility,943933,1293317128.290366
Rajasthan,2018,4,P2P,11980655,37907100401.64123
Rajasthan,2018,4,Utility,1214114,1662892326.3607254
Rajasthan,2018,4,Retail,11168140,3417743896.6942673
Rajasthan,2019,1,P2P,29406151,58857913774.07618
Rajasthan,2019,1,Retail,16759749,4382608337.0455475
Rajasthan,2019,1,Utility,1977666,2258888407.198079
Rajasthan,2019,2,P2P,24738172,77028577146.21002
Rajasthan,2019,2,Retail,23387217,6689125972.969138
Rajasthan,2019,2,Utility,1961199,2921048204.650339
Rajasthan,2019,3,P2P,28826157,93710146425.2273
Rajasthan,2019,3,Retail,33642559,9368105710.603312
Rajasthan,2019,3,Utility,3460585,5463149549.686538
Rajasthan,2019,4,P2P,42028213,134902140259.27444
Rajasthan,2019,4,Retail,33945223,10964451469.994375
Rajasthan,2019,4,Utility,7317684,7514827022.901459
Rajasthan,2020,1,P2P,46351996,159148768222.19995
Rajasthan,2020,1,Utility,11320295,8604711217.751036
Rajasthan,2020,1,Retail,42140703,15706146449.957516
Rajasthan,2020,2,P2P,46162638,157712406423.57526
Rajasthan,2020,2,Retail,36961229,17341012647.965153
Rajasthan,2020,2,Utility,15181393,9345037248.245802
Rajasthan,2020,3,P2P,69523816,237533755752.48553
Rajasthan,2020,3,Retail,57900495,28146660971.366623
Rajasthan,2020,3,Utility,15584292,14553842933.43127
Rajasthan,2020,4,P2P,85199155,308493238154.44385
Rajasthan,2020,4,Utility,20367929,18198624219.524197
Rajasthan,2020,4,Retail,79104977,44125243950.84855
Rajasthan,2021,1,P2P,111107699,389356353786.1696
Rajasthan,2021,1,Retail,91152365,55617984065.688965
Rajasthan,2021,1,Utility,38694713,23497028490.45188
Rajasthan,2021,2,P2P,132454889,446640961464.5996
Rajasthan,2021,2,Retail,90192431,62176224282.428474
Rajasthan,2021,2,Utility,51789864,27490675346.062893
Rajasthan,2021,3,P2P,175069182,557572140356.7367
Rajasthan,2021,3,Retail,155512206,95199071584.4447
Rajasthan,2021,3,Utility,53490251,34000878173.325146
Rajasthan,2021,4,P2P,179543868,608592201190.1
Rajasthan,2021,4,Retail,182274484,122399978116.00719
Rajasthan,2021,4,Utility,48371763,34497594753.67006
Rajasthan,2022,1,P2P,230002464,777682174082.8374
Rajasthan,2022,1,Utility,56318976,40187887123.301315
Rajasthan,2022,1,Retail,249207437,154019828753.32623
Rajasthan,2022,2,P2P,248313762,856881787824.0721
Rajasthan,2022,2,Retail,309286081,185696135153.66168
Rajasthan,2022,2,Utility,63079382,43287057548.97304
Rajasthan,2022,3,P2P,289727149,931465115313.1274
Rajasthan,2022,3,Retail,374499257,213574127971.03088
Rajasthan,2022,3,Utility,72804376,52657808607.232605
Rajasthan,2022,4,P2P,317940780,1072991252418.4116
Rajasthan,2022,4,Utility,76699563,58306596014.51637
Rajasthan,2022,4,Retail,426355884,250279179694.83136
Rajasthan,2023,1,P2P,353143283,1216304257848.7102
Rajasthan,2023,1,Retail,478301186,272854866976.7351
Rajasthan,2023,1,Utility,87654297,62628364788.087715
Rajasthan,2023,2,P2P,389689144,1320838006950.7446
Rajasthan,2023,2,Retail,586137559,300468672839.6393
Rajasthan,2023,2,Utility,97266041,73250105399.77365
Rajasthan,2023,3,P2P,438636047,1385349527066.4614
Rajasthan,2023,3,Retail,696907330,333052331969.5913
Rajasthan,2023,3,Utility,101501052,80368290198.97678
Rajasthan,2023,4,P2P,484389540,1587558670209.73
Rajasthan,2023,4,Retail,760169113,388816396700.8862
Rajasthan,2023,4,Utility,106407366,93683284817.80493
Rajasthan,2024,1,P2P,566598111,1796649112943.0537
Rajasthan,2024,1,Retail,910181233,453364031337.5751
Rajasthan,2024,1,Utility,123778868,102693368371.04709
Rajasthan,2024,2,P2P,603687650,1878817919148.1792
Rajasthan,2024,2,Retail,1080979751,497602411496.18713
Rajasthan,2024,2,Utility,134036249,117115016606.87685
Rajasthan,2024,3,P2P,638890431,1829888143795.0515
Rajasthan,2024,3,Retail,1159471272,505972802743.32263
Rajasthan,2024,3,Utility,134482860,134973847418.75644
Rajasthan,2024,4,P2P,672386566,2073554684226.187
Rajasthan,2024,4,Retail,1233463293,572508820739.6886
Rajasthan,2024,4,Utility,134791141,145258143416.05234
Rajasthan,2025,1,P2P,665402771,2053189406477.934
Rajasthan,2025,1,Utility,143752639,146394293977.1007
Rajasthan,2025,1,Retail,1225941832,547455692237.5456
Rajasthan,2025,2,P2P,674572899,2083540820747.571
Rajasthan,2025,2,Retail,1361793084,594185008574.2501
Rajasthan,2025,2,Utility,144038201,153914784853.21082
Rajasthan,2025,3,P2P,706351073,1986862855925.9
Rajasthan,2025,3,Retail,1471559131,623412535441.0137
Rajasthan,2025,3,Utility,145697952,167928428557.28268
Rajasthan,2025,4,P2P,731137692,2187278611276.553
Rajasthan,2025,4,Utility,145740845,183112188444.0957
Rajasthan,2025,4,Retail,1482912609,692007966379.2545
Rajasthan,2026,1,P2P,751360343,2217137086266.0674
Rajasthan,2026,1,Utility,153879554,183713597091.5824
Rajasthan,2026,1,Retail,1529887412,690792083371.6877
Rajasthan,2026,2,P2P,762303898,2258793597210.0557
Rajasthan,2026,2,Retail,1639275785,737008735503.4113
Rajasthan,2026,2,Utility,151848846,193710479556.99695
Sikkim,2018,1,P2P,15233,66093008.17618766
Sikkim,2018,1,Retail,37037,10025384.408270871
Sikkim,2018,1,Utility,152,435001.8856134153
Sikkim,2018,2,P2P,27106,145936615.15177527
Sikkim,2018,2,Retail,59274,17695178.276072778
Sikkim,2018,2,Utility,968,1739628.2459005015
Sikkim,2018,3,P2P,46387,241294832.95036188
Sikkim,2018,3,Retail,75943,20729391.05840729
Sikkim,2018,3,Utility,1704,2283114.551538514
Sikkim,2018,4,Retail,108280,33285769.30826584
Sikkim,2018,4,Utility,2170,3852652.3020351613
Sikkim,2018,4,P2P,71395,394562886.4212607
Sikkim,2019,1,P2P,107340,442152475.07275254
Sikkim,2019,1,Retail,122550,32670006.07559294
Sikkim,2019,1,Utility,3141,4919087.353032504
Sikkim,2019,2,P2P,130037,653537356.8513823
Sikkim,2019,2,Retail,165212,48303133.023233786
Sikkim,2019,2,Utility,3183,6556707.426822832
Sikkim,2019,3,P2P,148858,728684372.0871565
Sikkim,2019,3,Retail,168555,51550810.80853837
Sikkim,2019,3,Utility,16288,11079786.37040665
Sikkim,2019,4,P2P,195405,928687032.3295316
Sikkim,2019,4,Retail,161964,54465099.50482026
Sikkim,2019,4,Utility,51718,21203030.92945511
Sikkim,2020,1,P2P,200232,968699085.3588933
Sikkim,2020,1,Retail,180421,64468435.35287748
Sikkim,2020,1,Utility,78924,27080228.506059445
Sikkim,2020,2,P2P,203950,1085512986.2285562
Sikkim,2020,2,Retail,221971,85610793.34037137
Sikkim,2020,2,Utility,121448,35280245.1435785
Sikkim,2020,3,P2P,264230,1385937712.3937476
Sikkim,2020,3,Retail,256031,120049410.47269785
Sikkim,2020,3,Utility,119316,37374366.65132688
Sikkim,2020,4,Retail,273203,173307727.47761595
Sikkim,2020,4,Utility,152036,53725417.51414898
Sikkim,2020,4,P2P,353096,1858924914.26326
Sikkim,2021,1,P2P,436996,2160719813.60437
Sikkim,2021,1,Retail,153480,195762388.99000686
Sikkim,2021,1,Utility,289217,84331917.59327225
Sikkim,2021,2,Retail,160006,219743279.7521869
Sikkim,2021,2,Utility,408180,103873376.75277984
Sikkim,2021,2,P2P,496633,2284284292.5285473
Sikkim,2021,3,P2P,641409,2826149716.258697
Sikkim,2021,3,Retail,234862,343651197.45822304
Sikkim,2021,3,Utility,418872,115377038.26957431
Sikkim,2021,4,P2P,766037,3298868313.712458
Sikkim,2021,4,Retail,347103,498126630.7184079
Sikkim,2021,4,Utility,384951,132714801.81277326
Sikkim,2022,1,P2P,946961,3775519170.48781
Sikkim,2022,1,Retail,483455,615331014.9297271
Sikkim,2022,1,Utility,404118,136780480.8489868
Sikkim,2022,2,P2P,1270954,4866185751.557163
Sikkim,2022,2,Retail,766320,934618859.8759933
Sikkim,2022,2,Utility,474966,166160346.19972554
Sikkim,2022,3,P2P,1454342,4875222196.164858
Sikkim,2022,3,Retail,918215,1010457427.7179368
Sikkim,2022,3,Utility,531908,178610029.60546988
Sikkim,2022,4,Retail,1044864,1167051934.213043
Sikkim,2022,4,Utility,549517,187444321.1499581
Sikkim,2022,4,P2P,1598547,5257077919.462416
Sikkim,2023,1,P2P,1725226,5348759522.7538805
Sikkim,2023,1,Retail,1136164,1168673496.1544535
Sikkim,2023,1,Utility,540109,190928109.33153093
Sikkim,2023,2,Retail,1696647,1607247353.4284844
Sikkim,2023,2,Utility,596642,246102843.71920463
Sikkim,2023,2,P2P,2144313,6693985957.47983
Sikkim,2023,3,P2P,2132175,6127031966.50907
Sikkim,2023,3,Retail,2004746,1641029718.5267706
Sikkim,2023,3,Utility,603240,235060504.7914191
Sikkim,2023,4,P2P,2130107,6388769210.325094
Sikkim,2023,4,Retail,2139471,1914203040.13664
Sikkim,2023,4,Utility,572923,254455034.62655684
Sikkim,2024,1,P2P,2446211,6863532846.961853
Sikkim,2024,1,Retail,2665840,2197663503.72295
Sikkim,2024,1,Utility,623826,285796464.96609336
Sikkim,2024,2,Retail,3596853,2752713219.1047883
Sikkim,2024,2,Utility,666213,343151531.5111357
Sikkim,2024,2,P2P,2862938,8068187527.409076
Sikkim,2024,3,P2P,3059339,7536002567.901677
Sikkim,2024,3,Retail,4040039,2760800336.0804076
Sikkim,2024,3,Utility,738457,351311648.7812564
Sikkim,2024,4,P2P,3463436,8950472814.439768
Sikkim,2024,4,Retail,4792790,3359629499.482387
Sikkim,2024,4,Utility,765750,403717598.9841714
Sikkim,2025,1,P2P,3649693,8830937494.53429
Sikkim,2025,1,Retail,5355602,3423627479.374304
Sikkim,2025,1,Utility,847175,425902300.9005053
Sikkim,2025,2,P2P,3900931,9565314310.861593
Sikkim,2025,2,Retail,6402735,4166402973.38558
Sikkim,2025,2,Utility,853169,467828372.9641411
Sikkim,2025,3,P2P,4192100,9318622896.694172
Sikkim,2025,3,Retail,6777789,4061482902.7070093
Sikkim,2025,3,Utility,911937,492555318.1197452
Sikkim,2025,4,Retail,6862025,4372018990.55571
Sikkim,2025,4,Utility,920936,550566284.2679479
Sikkim,2025,4,P2P,4339229,9619852936.28011
Sikkim,2026,1,P2P,4721228,10461597071.043785
Sikkim,2026,1,Retail,7607696,4888226546.891243
Sikkim,2026,1,Utility,958880,617517391.5740582
Sikkim,2026,2,Retail,8719037,5639655887.7434435
Sikkim,2026,2,Utility,970777,735492408.3597246
Sikkim,2026,2,P2P,5266430,11879485154.353392
Tamil Nadu,2018,1,P2P,2011437,7820270673.002471
Tamil Nadu,2018,1,Retail,2877514,775786901.4529727
Tamil Nadu,2018,1,Utility,34940,159784787.01395154
Tamil Nadu,2018,2,P2P,3227447,13603391651.991997
Tamil Nadu,2018,2,Retail,3673579,1145876704.3647156
Tamil Nadu,2018,2,Utility,228225,403675172.57059
Tamil Nadu,2018,3,P2P,5632565,20384167420.608696
Tamil Nadu,2018,3,Retail,4759711,1388964282.6679444
Tamil Nadu,2018,3,Utility,419825,588816746.9998128
Tamil Nadu,2018,4,P2P,8650679,30419612893.53309
Tamil Nadu,2018,4,Retail,7901767,2360306573.480562
Tamil Nadu,2018,4,Utility,570827,872704583.3236806
Tamil Nadu,2019,1,P2P,14460181,42021625038.37033
Tamil Nadu,2019,1,Retail,9953421,2856450204.6193867
Tamil Nadu,2019,1,Utility,764913,1187483992.4267585
Tamil Nadu,2019,2,P2P,15910165,54367509183.54697
Tamil Nadu,2019,2,Retail,14143783,4553800603.751009
Tamil Nadu,2019,2,Utility,850224,1668416007.110484
Tamil Nadu,2019,3,P2P,20175934,66691385067.056854
Tamil Nadu,2019,3,Retail,18733358,5410331527.432514
Tamil Nadu,2019,3,Utility,1705873,3011331339.3768215
Tamil Nadu,2019,4,P2P,26891922,84592540847.90417
Tamil Nadu,2019,4,Retail,23550229,6923792236.809929
Tamil Nadu,2019,4,Utility,3831224,4386056505.334708
Tamil Nadu,2020,1,P2P,29210450,96028911809.95132
Tamil Nadu,2020,1,Retail,29894565,9491915924.783707
Tamil Nadu,2020,1,Utility,6013364,5177339140.994316
Tamil Nadu,2020,2,P2P,19796701,74555844036.41754
Tamil Nadu,2020,2,Retail,22003787,8372582724.493982
Tamil Nadu,2020,2,Utility,8584890,5004012549.854483
Tamil Nadu,2020,3,P2P,30434012,117745860926.56848
Tamil Nadu,2020,3,Retail,31747599,14292550827.705067
Tamil Nadu,2020,3,Utility,8348187,6499711631.452433
Tamil Nadu,2020,4,P2P,46846688,168605320526.09393
Tamil Nadu,2020,4,Retail,52957176,26090565386.000893
Tamil Nadu,2020,4,Utility,12315930,9496061204.733479
Tamil Nadu,2021,1,P2P,56209553,202314422175.67444
Tamil Nadu,2021,1,Retail,55184006,29819782859.304306
Tamil Nadu,2021,1,Utility,24308721,13159377856.267248
Tamil Nadu,2021,2,Retail,50846255,31531043535.377983
Tamil Nadu,2021,2,Utility,33606899,16066386815.962757
Tamil Nadu,2021,2,P2P,58488704,208096074120.6173
Tamil Nadu,2021,3,P2P,80872706,286237931595.271
Tamil Nadu,2021,3,Retail,83456564,50429758137.33414
Tamil Nadu,2021,3,Utility,36222902,19540625515.812508
Tamil Nadu,2021,4,P2P,86906217,295037255751.92316
Tamil Nadu,2021,4,Retail,99367500,59413720684.0082
Tamil Nadu,2021,4,Utility,32518385,19968437890.782814
Tamil Nadu,2022,1,P2P,111499213,384701436475.59216
Tamil Nadu,2022,1,Retail,133533757,75275191246.74313
Tamil Nadu,2022,1,Utility,33014685,23144920260.22531
Tamil Nadu,2022,2,P2P,128465769,439879819448.2068
Tamil Nadu,2022,2,Retail,170116252,93236250525.09148
Tamil Nadu,2022,2,Utility,39544405,27652449748.450058
Tamil Nadu,2022,3,P2P,150895801,501139991410.00635
Tamil Nadu,2022,3,Retail,206948312,113306550720.82523
Tamil Nadu,2022,3,Utility,45832819,32680575544.035248
Tamil Nadu,2022,4,P2P,160182520,519947723633.1219
Tamil Nadu,2022,4,Retail,227776260,120197012260.56296
Tamil Nadu,2022,4,Utility,47329274,34806191901.540215
Tamil Nadu,2023,1,P2P,169078610,554061542867.6825
Tamil Nadu,2023,1,Retail,252046397,129807459290.97186
Tamil Nadu,2023,1,Utility,46919825,36533612462.683075
Tamil Nadu,2023,2,Retail,271653945,135701093179.60844
Tamil Nadu,2023,2,Utility,51542857,43274055354.29386
Tamil Nadu,2023,2,P2P,180963627,602385316888.7815
Tamil Nadu,2023,3,P2P,198443890,640871448049.5564
Tamil Nadu,2023,3,Retail,307301051,148082915891.10593
Tamil Nadu,2023,3,Utility,52970605,46755700051.33452
Tamil Nadu,2023,4,P2P,208447240,662120744347.6
Tamil Nadu,2023,4,Retail,336363862,165231775169.36227
Tamil Nadu,2023,4,Utility,53010030,50820128624.30105
Tamil Nadu,2024,1,P2P,219014310,688262540343.62
Tamil Nadu,2024,1,Retail,370440883,176265329719.35828
Tamil Nadu,2024,1,Utility,53629398,52931892253.276306
Tamil Nadu,2024,2,Retail,417547691,192748966919.74872
Tamil Nadu,2024,2,Utility,57183613,59681915568.40393
Tamil Nadu,2024,2,P2P,232646050,734785382559.2427
Tamil Nadu,2024,3,P2P,261752730,784471251607.5933
Tamil Nadu,2024,3,Retail,458580459,202823138127.37915
Tamil Nadu,2024,3,Utility,61174987,66540217929.45436
Tamil Nadu,2024,4,P2P,272558373,807796181686.3564
Tamil Nadu,2024,4,Retail,488070607,214423798003.24924
Tamil Nadu,2024,4,Utility,62311789,69190292305.47217
Tamil Nadu,2025,1,P2P,286554114,840526789986.4423
Tamil Nadu,2025,1,Retail,524381598,220363297120.24695
Tamil Nadu,2025,1,Utility,64768769,72818819269.21487
Tamil Nadu,2025,2,P2P,277697186,829079675015.9103
Tamil Nadu,2025,2,Retail,540167131,229391363851.10114
Tamil Nadu,2025,2,Utility,62179306,74782023558.89085
Tamil Nadu,2025,3,P2P,301171264,863520956731.7437
Tamil Nadu,2025,3,Retail,589397918,243069774917.73154
Tamil Nadu,2025,3,Utility,63869623,80642654989.58861
Tamil Nadu,2025,4,P2P,310141970,890138493792.19
Tamil Nadu,2025,4,Retail,606536327,252907294131.02087
Tamil Nadu,2025,4,Utility,65358581,86037051412.34727
Tamil Nadu,2026,1,P2P,321088498,936525207357.9678
Tamil Nadu,2026,1,Retail,630192289,265130932133.1607
Tamil Nadu,2026,1,Utility,63942573,89621157220.28961
Tamil Nadu,2026,2,Retail,667642639,284788943434.0261
Tamil Nadu,2026,2,Utility,62934777,93999283994.46033
Tamil Nadu,2026,2,P2P,318715551,937916167838.1294
Telangana,2018,1,P2P,3466488,12423399491.243776
Telangana,2018,1,Retail,5817357,1316445636.2138917
Telangana,2018,1,Utility,57129,319178533.1659571
Telangana,2018,2,P2P,5011318,22075517649.658665
Telangana,2018,2,Retail,6332946,1694490577.5530658
Telangana,2018,2,Utility,200012,631317441.5697474
Telangana,2018,3,P2P,11838453,30365700862.472122
Telangana,2018,3,Retail,7792425,1978413062.5479784
Telangana,2018,3,Utility,324907,836249250.1312712
Telangana,2018,4,P2P,16046190,46081440035.47229
Telangana,2018,4,Utility,437924,1228666410.0002105
Telangana,2018,4,Retail,13909469,3848274917.6846843
Telangana,2019,1,P2P,39258819,85319540455.10503
Telangana,2019,1,Retail,24788513,6164985124.373475
Telangana,2019,1,Utility,766073,2026823297.6075563
Telangana,2019,2,P2P,41264830,124335864879.21597
Telangana,2019,2,Retail,39189406,10353177191.952589
Telangana,2019,2,Utility,1000749,2993760421.3468103
Telangana,2019,3,P2P,52781429,157634477767.56183
Telangana,2019,3,Retail,58293457,14419160483.876091
Telangana,2019,3,Utility,3037163,6061095345.363766
Telangana,2019,4,P2P,73588551,220372592609.8759
Telangana,2019,4,Retail,70715723,19253524363.049934
Telangana,2019,4,Utility,8205780,10257048661.68765
Telangana,2020,1,Utility,13251013,13352169351.886293
Telangana,2020,1,P2P,80752201,278613502500.96564
Telangana,2020,1,Retail,83326336,26165921472.546375
Telangana,2020,2,P2P,67182596,246873669219.42123
Telangana,2020,2,Retail,54016206,25696632652.104332
Telangana,2020,2,Utility,17127927,13256909348.194078
Telangana,2020,3,P2P,97545501,367127681647.09753
Telangana,2020,3,Retail,91185733,43984574129.58855
Telangana,2020,3,Utility,18741092,17669426403.28238
Telangana,2020,4,P2P,146516443,541619060957.63605
Telangana,2020,4,Utility,25104426,24949245748.98179
Telangana,2020,4,Retail,150218614,74049862780.52893
Telangana,2021,1,P2P,166657150,628599935154.7805
Telangana,2021,1,Retail,181674390,84750001746.74103
Telangana,2021,1,Utility,44128809,32325539480.42288
Telangana,2021,2,Retail,193360174,106469152135.32986
Telangana,2021,2,P2P,209768440,796671454814.8999
Telangana,2021,2,Utility,57938162,39949756097.35822
Telangana,2021,3,P2P,252405062,915020718063.9187
Telangana,2021,3,Retail,276644191,141160746201.711
Telangana,2021,3,Utility,63692205,46465968656.7891
Telangana,2021,4,P2P,268871846,988843323341.8317
Telangana,2021,4,Retail,316270714,170008683532.33478
Telangana,2021,4,Utility,57265743,47979012420.584
Telangana,2022,1,Utility,64419623,57151375462.197914
Telangana,2022,1,P2P,333860206,1260996266544.6206
Telangana,2022,1,Retail,422012965,211460696611.1499
Telangana,2022,2,P2P,385083123,1452935935003.293
Telangana,2022,2,Retail,533356769,270089764704.24182
Telangana,2022,2,Utility,74769332,69451111782.40771
Telangana,2022,3,P2P,437894151,1593003221296.6406
Telangana,2022,3,Retail,638075219,327422910299.6183
Telangana,2022,3,Utility,85263291,83168602672.25273
Telangana,2022,4,P2P,483151075,1736196198729.0193
Telangana,2022,4,Utility,88183985,89158272083.51419
Telangana,2022,4,Retail,727397449,357455673967.45654
Telangana,2023,1,P2P,522531494,1897536122945.9717
Telangana,2023,1,Retail,807980480,378155849852.9837
Telangana,2023,1,Utility,94109699,96023768579.53613
Telangana,2023,2,Retail,945635928,426203455991.6583
Telangana,2023,2,P2P,592921662,2154504317228.9219
Telangana,2023,2,Utility,105486872,115898990615.76514
Telangana,2023,3,P2P,646881028,2270601054225.1577
Telangana,2023,3,Retail,1103013563,469469718130.1089
Telangana,2023,3,Utility,111964832,125742828624.49983
Telangana,2023,4,P2P,695650059,2453024924963.2
Telangana,2023,4,Retail,1197673180,528265459033.3901
Telangana,2023,4,Utility,112690584,140335565374.5022
Telangana,2024,1,P2P,734914725,2515341808958.9707
Telangana,2024,1,Retail,1318718383,551637212441.384
Telangana,2024,1,Utility,116600513,140030315642.12573
Telangana,2024,2,Retail,1500188080,614390231757.3098
Telangana,2024,2,P2P,782308152,2694489780560.953
Telangana,2024,2,Utility,121387058,153027710274.055
Telangana,2024,3,P2P,841561320,2740575303938.576
Telangana,2024,3,Retail,1637882726,636667952162.2289
Telangana,2024,3,Utility,128384944,172304775357.61182
Telangana,2024,4,P2P,905792395,2978364157661.4985
Telangana,2024,4,Retail,1785244498,695686216804.9426
Telangana,2024,4,Utility,133221680,185461769757.36212
Telangana,2025,1,Utility,143755048,204161345380.19858
Telangana,2025,1,P2P,958239626,3106162446357.0947
Telangana,2025,1,Retail,1855676564,701503784213.8406
Telangana,2025,2,P2P,962138565,3206185482855.754
Telangana,2025,2,Retail,1937172444,753375688787.3877
Telangana,2025,2,Utility,145148278,217575720576.669
Telangana,2025,3,P2P,1003412650,3161804777164.1587
Telangana,2025,3,Retail,2078091958,788245239067.9331
Telangana,2025,3,Utility,147360477,238662475799.42722
Telangana,2025,4,P2P,1062691144,3416100281646.537
Telangana,2025,4,Utility,153727384,262278926121.95862
Telangana,2025,4,Retail,2268697781,863546356690.6409
Telangana,2026,1,Utility,164767985,288288320241.09924
Telangana,2026,1,P2P,1085668689,3525336117851.279
Telangana,2026,1,Retail,2320751024,900239213824.5024
Telangana,2026,2,Retail,2560637907,1012378680044.0645
Telangana,2026,2,P2P,1143923545,3802953114082.1084
Telangana,2026,2,Utility,173670988,312713949965.91516
Tripura,2018,1,Retail,127863,28594349.267880432
Tripura,2018,1,Utility,3813,3018251.5447109267
Tripura,2018,1,P2P,52393,134421469.7887414
Tripura,2018,2,P2P,85672,234823711.2926422
Tripura,2018,2,Retail,166739,39795180.750681534
Tripura,2018,2,Utility,10572,7098205.466822536
Tripura,2018,3,P2P,209683,462622108.7983402
Tripura,2018,3,Retail,221767,53528153.65399282
Tripura,2018,3,Utility,15295,11628930.066378605
Tripura,2018,4,P2P,203650,636102982.8223121
Tripura,2018,4,Retail,319338,77316200.24774538
Tripura,2018,4,Utility,15376,12879216.807753189
Tripura,2019,1,Retail,343127,80684749.28930724
Tripura,2019,1,Utility,19000,14835627.718742775
Tripura,2019,1,P2P,360490,835430897.7767484
Tripura,2019,2,P2P,338442,1064655143.0154159
Tripura,2019,2,Retail,428388,108657863.84835309
Tripura,2019,2,Utility,20351,19732258.122727152
Tripura,2019,3,P2P,382672,1265594643.273656
Tripura,2019,3,Retail,452124,124539861.09818189
Tripura,2019,3,Utility,45479,36531274.737003945
Tripura,2019,4,P2P,504103,1505788066.8313568
Tripura,2019,4,Retail,405722,126969321.11140788
Tripura,2019,4,Utility,107837,51982054.108680606
Tripura,2020,1,P2P,487025,1831956802.9914818
Tripura,2020,1,Retail,467518,162400289.51873952
Tripura,2020,1,Utility,175447,63620709.42686123
Tripura,2020,2,P2P,444122,1889815503.7170544
Tripura,2020,2,Retail,537656,240794850.23150808
Tripura,2020,2,Utility,271589,84402827.28886497
Tripura,2020,3,P2P,656697,2672490831.144614
Tripura,2020,3,Utility,268938,104569062.47761649
Tripura,2020,3,Retail,751363,388228047.1312779
Tripura,2020,4,P2P,792607,3280786960.4051666
Tripura,2020,4,Retail,835017,462547067.77304935
Tripura,2020,4,Utility,340143,134293401.36861244
Tripura,2021,1,Retail,548634,491872668.24625933
Tripura,2021,1,Utility,622318,192478860.01588684
Tripura,2021,1,P2P,841592,3682810853.416312
Tripura,2021,2,P2P,953822,3837789667.9570208
Tripura,2021,2,Retail,628463,568476415.6842147
Tripura,2021,2,Utility,846661,254093339.71344012
Tripura,2021,3,P2P,1152547,4600632223.041059
Tripura,2021,3,Utility,900667,302298171.2746465
Tripura,2021,3,Retail,823202,899870389.9314712
Tripura,2021,4,P2P,1220840,5002477605.98305
Tripura,2021,4,Retail,944059,1019700029.9353135
Tripura,2021,4,Utility,832667,314812714.0911961
Tripura,2022,1,P2P,1605926,6443770643.332241
Tripura,2022,1,Retail,1401056,1369022464.871479
Tripura,2022,1,Utility,834523,354228495.6467906
Tripura,2022,2,P2P,1895868,6962693904.413734
Tripura,2022,2,Retail,1782176,1613454209.6802697
Tripura,2022,2,Utility,919982,387533235.4173299
Tripura,2022,3,P2P,2395190,8420933875.964836
Tripura,2022,3,Utility,1080703,483985911.9537748
Tripura,2022,3,Retail,2338359,2104092279.6662133
Tripura,2022,4,P2P,2557126,8821033758.202938
Tripura,2022,4,Retail,2695646,2288692992.4149723
Tripura,2022,4,Utility,1108002,513311484.10871565
Tripura,2023,1,Retail,3266101,2742674970.230193
Tripura,2023,1,Utility,1246464,581379212.7343385
Tripura,2023,1,P2P,3052408,10545295627.277016
Tripura,2023,2,P2P,3251151,10786215603.027615
Tripura,2023,2,Retail,3992703,3072128972.8487115
Tripura,2023,2,Utility,1274385,674710309.036011
Tripura,2023,3,P2P,3675914,11695896993.254982
Tripura,2023,3,Retail,4601060,3414024032.3417635
Tripura,2023,3,Utility,1354567,752170633.869936
Tripura,2023,4,P2P,3991339,12663132875.340992
Tripura,2023,4,Retail,5363050,4061621923.279481
Tripura,2023,4,Utility,1353229,813508698.432836
Tripura,2024,1,Retail,5904516,4392266548.5399065
Tripura,2024,1,Utility,1432777,867414459.4611719
Tripura,2024,1,P2P,4244206,13275760018.606487
Tripura,2024,2,P2P,4532604,13080179254.861387
Tripura,2024,2,Retail,7412685,4818454956.449345
Tripura,2024,2,Utility,1547478,948947899.0045413
Tripura,2024,3,P2P,5092683,13873685073.52222
Tripura,2024,3,Retail,7914763,5098592905.158588
Tripura,2024,3,Utility,1567960,1071814226.36081
Tripura,2024,4,P2P,5671226,15574695669.12185
Tripura,2024,4,Retail,8800063,5773405042.708102
Tripura,2024,4,Utility,1563293,1151763359.6888337
Tripura,2025,1,P2P,6475520,17464159855.708107
Tripura,2025,1,Retail,10267509,6260585074.515974
Tripura,2025,1,Utility,1879048,1292142075.6082501
Tripura,2025,2,P2P,6198843,15758688222.700031
Tripura,2025,2,Retail,10787436,6147123462.053575
Tripura,2025,2,Utility,1766947,1245707761.80565
Tripura,2025,3,P2P,7108559,17272132604.130512
Tripura,2025,3,Retail,11889161,6810445088.5727215
Tripura,2025,3,Utility,1794173,1379027723.8039324
Tripura,2025,4,P2P,7390643,17441409359.38092
Tripura,2025,4,Retail,11726652,6857660893.889088
Tripura,2025,4,Utility,1796441,1445075529.367408
Tripura,2026,1,P2P,7907062,18750566648.781574
Tripura,2026,1,Retail,12274659,7350825480.065079
Tripura,2026,1,Utility,1915529,1575026532.6397154
Tripura,2026,2,P2P,7972133,17723168398.892212
Tripura,2026,2,Retail,12958118,7413864418.371696
Tripura,2026,2,Utility,1932743,1606077513.4726696
Uttar Pradesh,2018,1,P2P,4606138,13355083925.762901
Uttar Pradesh,2018,1,Retail,10010877,2109100995.8170123
Uttar Pradesh,2018,1,Utility,169451,377582599.1326531
Uttar Pradesh,2018,2,Retail,12691830,3182570096.313618
Uttar Pradesh,2018,2,Utility,489580,834623865.8777964
Uttar Pradesh,2018,2,P2P,7156556,24748604242.232025
Uttar Pradesh,2018,3,Retail,13655861,3348576002.4056916
Uttar Pradesh,2018,3,Utility,728215,1192597470.0804255
Uttar Pradesh,2018,3,P2P,14943458,36152589648.27175
Uttar Pradesh,2018,4,P2P,17252893,53773946471.20892
Uttar Pradesh,2018,4,Retail,22044677,5422548664.73405
Uttar Pradesh,2018,4,Utility,1015326,1557541329.7683384
Uttar Pradesh,2019,1,P2P,35228045,75435955645.05594
Uttar Pradesh,2019,1,Retail,27231898,6747825842.384065
Uttar Pradesh,2019,1,Utility,1586430,2246388169.435621
Uttar Pradesh,2019,2,Retail,35244958,9936465853.186134
Uttar Pradesh,2019,2,Utility,1984103,3144338553.531819
Uttar Pradesh,2019,2,P2P,30351047,97212215614.03157
Uttar Pradesh,2019,3,Retail,42320219,11929123210.265785
Uttar Pradesh,2019,3,Utility,3901349,5696233644.456751
Uttar Pradesh,2019,3,P2P,30451139,106203485667.85178
Uttar Pradesh,2019,4,P2P,45757525,142031675828.91815
Uttar Pradesh,2019,4,Retail,43340537,13154763063.346153
Uttar Pradesh,2019,4,Utility,8287127,7690995047.733709
Uttar Pradesh,2020,1,P2P,44357141,163816874026.46387
Uttar Pradesh,2020,1,Retail,51336077,18161512878.25786
Uttar Pradesh,2020,1,Utility,12419671,8885077278.944054
Uttar Pradesh,2020,2,Retail,47549454,21027452519.482277
Uttar Pradesh,2020,2,Utility,18994344,9878572709.372543
Uttar Pradesh,2020,2,P2P,43762763,164498429070.71915
Uttar Pradesh,2020,3,P2P,60795727,228961014450.9387
Uttar Pradesh,2020,3,Retail,63325777,31245847521.42512
Uttar Pradesh,2020,3,Utility,17443753,13534584042.900803
Uttar Pradesh,2020,4,P2P,81130686,313973784173.3403
Uttar Pradesh,2020,4,Retail,86963902,48783545831.56669
Uttar Pradesh,2020,4,Utility,23503808,17684862610.935112
Uttar Pradesh,2021,1,P2P,94609938,351716296139.5026
Uttar Pradesh,2021,1,Retail,89939335,58953002371.6373
Uttar Pradesh,2021,1,Utility,42868220,23211529892.894226
Uttar Pradesh,2021,2,P2P,116290503,433921574862.84375
Uttar Pradesh,2021,2,Retail,93709752,72559814390.95123
Uttar Pradesh,2021,2,Utility,63727920,30473770281.913498
Uttar Pradesh,2021,3,P2P,145996374,497630965965.4977
Uttar Pradesh,2021,3,Retail,141458681,95706873410.85835
Uttar Pradesh,2021,3,Utility,63220283,34307910200.392715
Uttar Pradesh,2021,4,P2P,164806510,585855457423.0571
Uttar Pradesh,2021,4,Retail,177938209,130513273154.08374
Uttar Pradesh,2021,4,Utility,57980385,35690822373.205025
Uttar Pradesh,2022,1,P2P,215231907,746851048546.8452
Uttar Pradesh,2022,1,Retail,241296678,167114098930.99405
Uttar Pradesh,2022,1,Utility,64840860,41359129132.80317
Uttar Pradesh,2022,2,Retail,322162022,217006314819.0974
Uttar Pradesh,2022,2,Utility,78286836,49430563999.042404
Uttar Pradesh,2022,2,P2P,254989934,883634507671.5525
Uttar Pradesh,2022,3,P2P,295516731,929697831546.5962
Uttar Pradesh,2022,3,Retail,391962498,238496619969.63855
Uttar Pradesh,2022,3,Utility,88282275,56601563458.07566
Uttar Pradesh,2022,4,P2P,337143421,1091519708166.5157
Uttar Pradesh,2022,4,Retail,459462505,293516673652.5006
Uttar Pradesh,2022,4,Utility,93491829,61891002082.74872
Uttar Pradesh,2023,1,P2P,384567010,1248414149539.0254
Uttar Pradesh,2023,1,Retail,521134716,320071314089.5349
Uttar Pradesh,2023,1,Utility,105358613,67394574776.597435
Uttar Pradesh,2023,2,P2P,447701272,1392460935062.545
Uttar Pradesh,2023,2,Retail,651507954,361293576146.0055
Uttar Pradesh,2023,2,Utility,121634782,81342963183.65498
Uttar Pradesh,2023,3,Retail,747622088,378807099230.86346
Uttar Pradesh,2023,3,Utility,124423634,87637416281.07538
Uttar Pradesh,2023,3,P2P,489387714,1396786099966.482
Uttar Pradesh,2023,4,P2P,576483752,1681679844480.74
Uttar Pradesh,2023,4,Retail,869392341,478356221654.21387
Uttar Pradesh,2023,4,Utility,131389408,104854526773.55301
Uttar Pradesh,2024,1,P2P,653033237,1839522667733.1445
Uttar Pradesh,2024,1,Retail,989186934,529965669667.925
Uttar Pradesh,2024,1,Utility,152046359,114473269425.2955
Uttar Pradesh,2024,2,P2P,736075778,1968011476969.917
Uttar Pradesh,2024,2,Retail,1238837502,605811752801.5775
Uttar Pradesh,2024,2,Utility,169222802,132013713243.27641
Uttar Pradesh,2024,3,Retail,1332554852,612640350181.4207
Uttar Pradesh,2024,3,Utility,168343616,150344671360.403
Uttar Pradesh,2024,3,P2P,784233917,1952340142179.016
Uttar Pradesh,2024,4,P2P,880393026,2306195044072.6855
Uttar Pradesh,2024,4,Retail,1489948667,737774383034.4095
Uttar Pradesh,2024,4,Utility,172595131,166909477472.0299
Uttar Pradesh,2025,1,P2P,904244198,2376713571070.225
Uttar Pradesh,2025,1,Retail,1524087525,733606161018.6299
Uttar Pradesh,2025,1,Utility,190002269,178281259325.64594
Uttar Pradesh,2025,2,Retail,1740462455,784682037304.9282
Uttar Pradesh,2025,2,Utility,187420104,185258728323.4563
Uttar Pradesh,2025,2,P2P,946221765,2395027482089.085
Uttar Pradesh,2025,3,Retail,1840145039,771618444738.2542
Uttar Pradesh,2025,3,Utility,187247305,200099793181.10016
Uttar Pradesh,2025,3,P2P,968602273,2248697341090.5166
Uttar Pradesh,2025,4,P2P,1056307689,2563667095326.3823
Uttar Pradesh,2025,4,Retail,1955108328,908674782469.4216
Uttar Pradesh,2025,4,Utility,194854047,224180468510.9749
Uttar Pradesh,2026,1,P2P,1088285716,2604866676165.1934
Uttar Pradesh,2026,1,Retail,2003989823,924541371690.3687
Uttar Pradesh,2026,1,Utility,202202501,231970382242.1432
Uttar Pradesh,2026,2,P2P,1167703027,2690239782810.8555
Uttar Pradesh,2026,2,Retail,2293024606,1005488472749.8022
Uttar Pradesh,2026,2,Utility,204578607,242977206013.3307
Uttarakhand,2018,1,P2P,441316,1462769440.472188
Uttarakhand,2018,1,Retail,992270,216641496.92161477
Uttarakhand,2018,1,Utility,17527,31778239.822997823
Uttarakhand,2018,2,P2P,683917,2653053846.7497587
Uttarakhand,2018,2,Retail,1238396,307655434.81581306
Uttarakhand,2018,2,Utility,41154,62346595.11836988
Uttarakhand,2018,3,P2P,1129789,3697926050.9304247
Uttarakhand,2018,3,Retail,1333958,332233891.26774776
Uttarakhand,2018,3,Utility,59779,89157525.77785479
Uttarakhand,2018,4,P2P,1703009,5617534969.014796
Uttarakhand,2018,4,Retail,1847664,531592285.4610245
Uttarakhand,2018,4,Utility,75025,119779346.04112902
Uttarakhand,2019,1,P2P,4072170,7564319671.293369
Uttarakhand,2019,1,Retail,2334030,602799357.2895596
Uttarakhand,2019,1,Utility,113508,175572111.00730336
Uttarakhand,2019,2,P2P,3080481,9931074743.678814
Uttarakhand,2019,2,Retail,3147703,846826379.6150594
Uttarakhand,2019,2,Utility,116912,218559229.63857365
Uttarakhand,2019,3,P2P,2917737,10726673392.334972
Uttarakhand,2019,3,Retail,3479573,975061088.2604833
Uttarakhand,2019,3,Utility,293706,391775494.9071051
Uttarakhand,2019,4,P2P,3960592,13494113135.614656
Uttarakhand,2019,4,Retail,3887718,1158127633.241281
Uttarakhand,2019,4,Utility,741841,581672775.7079766
Uttarakhand,2020,1,P2P,4002557,14449409667.93557
Uttarakhand,2020,1,Retail,4599548,1557356422.8648908
Uttarakhand,2020,1,Utility,1124736,691830068.8829079
Uttarakhand,2020,2,P2P,3531631,13107033390.203093
Uttarakhand,2020,2,Retail,4009760,1812801498.9970412
Uttarakhand,2020,2,Utility,1612644,741437377.7211168
Uttarakhand,2020,3,P2P,5220599,19632860143.18273
Uttarakhand,2020,3,Retail,6069189,2993679713.067266
Uttarakhand,2020,3,Utility,1610633,1005238867.8725135
Uttarakhand,2020,4,P2P,7078394,26756965895.968494
Uttarakhand,2020,4,Retail,9591103,4963292262.88559
Uttarakhand,2020,4,Utility,2249445,1414710326.5902374
Uttarakhand,2021,1,P2P,8249581,29657690353.420197
Uttarakhand,2021,1,Retail,9483409,5577061615.559372
Uttarakhand,2021,1,Utility,4247882,1821031011.046025
Uttarakhand,2021,2,P2P,9520718,32669370290.190002
Uttarakhand,2021,2,Retail,9938227,6405336341.740593
Uttarakhand,2021,2,Utility,5917433,2223393017.802124
Uttarakhand,2021,3,P2P,12313894,40293785570.54443
Uttarakhand,2021,3,Retail,14740374,9291004206.639498
Uttarakhand,2021,3,Utility,6126336,2579790291.960248
Uttarakhand,2021,4,P2P,13030803,43359419483.69867
Uttarakhand,2021,4,Retail,18480818,11948440143.680595
Uttarakhand,2021,4,Utility,5402025,2641193112.578334
Uttarakhand,2022,1,P2P,15762028,51878372736.00059
Uttarakhand,2022,1,Retail,23662761,14354915246.715397
Uttarakhand,2022,1,Utility,5840799,3014812046.287325
Uttarakhand,2022,2,P2P,19583241,65280816871.05847
Uttarakhand,2022,2,Retail,34095311,19273713114.879646
Uttarakhand,2022,2,Utility,6981950,3665282515.822317
Uttarakhand,2022,3,P2P,21811880,67452365190.43675
Uttarakhand,2022,3,Retail,38433164,21009815497.300537
Uttarakhand,2022,3,Utility,7764248,4065096074.860195
Uttarakhand,2022,4,P2P,23524459,73601206046.04071
Uttarakhand,2022,4,Retail,43930404,24061733579.63743
Uttarakhand,2022,4,Utility,7847037,4349922860.844107
Uttarakhand,2023,1,P2P,25042420,78027650710.79749
Uttarakhand,2023,1,Retail,46907377,24289618171.183014
Uttarakhand,2023,1,Utility,8366841,4596875203.779652
Uttarakhand,2023,2,P2P,31621034,97245269489.92119
Uttarakhand,2023,2,Retail,62644014,30668591846.624287
Uttarakhand,2023,2,Utility,9854273,5762630056.843037
Uttarakhand,2023,3,P2P,32160873,91814881893.88148
Uttarakhand,2023,3,Retail,64961081,30817116881.929146
Uttarakhand,2023,3,Utility,9662996,5883386448.912888
Uttarakhand,2023,4,P2P,36002854,104699069355.22476
Uttarakhand,2023,4,Retail,73541105,36777535917.69063
Uttarakhand,2023,4,Utility,9563661,6728777836.322964
Uttarakhand,2024,1,P2P,37475805,105873583413.32202
Uttarakhand,2024,1,Retail,76012656,37287837596.219986
Uttarakhand,2024,1,Utility,10391543,7154115361.668196
Uttarakhand,2024,2,P2P,46074342,124823589774.9772
Uttarakhand,2024,2,Retail,101329050,46891186821.48316
Uttarakhand,2024,2,Utility,11957468,8546180649.733288
Uttarakhand,2024,3,P2P,46985206,118773529712.82721
Uttarakhand,2024,3,Retail,100726911,45253279391.78373
Uttarakhand,2024,3,Utility,11785368,9388794050.761044
Uttarakhand,2024,4,P2P,50703178,132966091699.80385
Uttarakhand,2024,4,Retail,108904701,51735775862.29909
Uttarakhand,2024,4,Utility,11604501,10095028157.41001
Uttarakhand,2025,1,P2P,51173488,133288194540.69507
Uttarakhand,2025,1,Retail,111485158,49294301042.70413
Uttarakhand,2025,1,Utility,12696604,10719574786.37984
Uttarakhand,2025,2,P2P,56901615,146755237645.08243
Uttarakhand,2025,2,Retail,132692694,57454550649.6799
Uttarakhand,2025,2,Utility,12983865,11727977329.173485
Uttarakhand,2025,3,P2P,55559813,132585848850.99255
Uttarakhand,2025,3,Retail,129419380,53580216761.2345
Uttarakhand,2025,3,Utility,12732437,12084337308.197208
Uttarakhand,2025,4,P2P,58829901,146363951939.1096
Uttarakhand,2025,4,Retail,132326331,60509173858.93759
Uttarakhand,2025,4,Utility,12588948,13206168375.780941
Uttarakhand,2026,1,P2P,59360705,144945431868.5817
Uttarakhand,2026,1,Retail,132495130,58852337789.636826
Uttarakhand,2026,1,Utility,12883179,13805193139.634434
Uttarakhand,2026,2,P2P,69429535,167693683641.83484
Uttarakhand,2026,2,Retail,163964261,71763489371.60446
Uttarakhand,2026,2,Utility,13632986,15777429763.077404
West Bengal,2018,1,P2P,3872380,6238258302.925767
West Bengal,2018,1,Retail,5952060,1109548065.590602
West Bengal,2018,1,Utility,327081,275845708.1847661
West Bengal,2018,2,P2P,7871746,12160539864.99687
West Bengal,2018,2,Retail,8205192,1719436697.4420261
West Bengal,2018,2,Utility,706759,546463785.2360734
West Bengal,2018,3,P2P,43410545,35722819705.76487
West Bengal,2018,3,Retail,9636974,2074413986.2528338
West Bengal,2018,3,Utility,983932,870803041.9845203
West Bengal,2018,4,P2P,16024961,29218222752.069386
West Bengal,2018,4,Retail,16379853,3370640825.9916806
West Bengal,2018,4,Utility,1150258,1162405647.8517892
West Bengal,2019,1,P2P,24963489,37686475350.66948
West Bengal,2019,1,Retail,16502874,3836114346.355336
West Bengal,2019,1,Utility,1634979,1398791837.91248
West Bengal,2019,2,P2P,19337897,46400816059.134155
West Bengal,2019,2,Retail,23489670,6332504322.419497
West Bengal,2019,2,Utility,1753333,1985524827.9912548
West Bengal,2019,3,P2P,20140625,53876800796.96941
West Bengal,2019,3,Retail,37079581,9104602664.208382
West Bengal,2019,3,Utility,2823745,3442385571.5644846
West Bengal,2019,4,P2P,61838956,71533571698.40764
West Bengal,2019,4,Retail,24001204,7291553887.882013
West Bengal,2019,4,Utility,5108751,4105712844.7064667
West Bengal,2020,1,P2P,26827077,77844336113.54482
West Bengal,2020,1,Retail,29827673,9445739816.197874
West Bengal,2020,1,Utility,7338804,4276450058.6044693
West Bengal,2020,2,P2P,24627758,83784498314.53636
West Bengal,2020,2,Retail,23778596,10697319489.337654
West Bengal,2020,2,Utility,10356741,4796559420.703645
West Bengal,2020,3,P2P,35010257,123763472270.57347
West Bengal,2020,3,Retail,33531712,17080032575.633093
West Bengal,2020,3,Utility,10225685,6581445445.767563
West Bengal,2020,4,P2P,45232541,160715495554.84338
West Bengal,2020,4,Retail,42774024,24435764568.810993
West Bengal,2020,4,Utility,13258584,9096892842.76675
West Bengal,2021,1,P2P,51079144,190737993369.13483
West Bengal,2021,1,Retail,38286845,28161041602.89664
West Bengal,2021,1,Utility,25635970,12230190967.156412
West Bengal,2021,2,P2P,61512765,218182728500.98743
West Bengal,2021,2,Retail,41133183,32455434148.456184
West Bengal,2021,2,Utility,36102795,16033512672.080395
West Bengal,2021,3,P2P,79783224,277566204179.3601
West Bengal,2021,3,Retail,57001307,47345317744.911835
West Bengal,2021,3,Utility,39116796,19565196455.042103
West Bengal,2021,4,P2P,87580931,308619824875.14575
West Bengal,2021,4,Retail,67551823,57757202146.956894
West Bengal,2021,4,Utility,34629128,19474669648.787018
West Bengal,2022,1,P2P,115561007,413027484108.9732
West Bengal,2022,1,Retail,92376770,77443695864.56656
West Bengal,2022,1,Utility,36139836,21705101469.77173
West Bengal,2022,2,P2P,135617157,483634278400.1205
West Bengal,2022,2,Retail,119264274,96574772357.72359
West Bengal,2022,2,Utility,43931757,25497984812.052967
West Bengal,2022,3,P2P,164053490,546268394655.63385
West Bengal,2022,3,Retail,147555161,117184443773.71979
West Bengal,2022,3,Utility,52520673,32212377068.94464
West Bengal,2022,4,P2P,177653143,586495685971.9928
West Bengal,2022,4,Retail,168668806,129026831532.86917
West Bengal,2022,4,Utility,54136987,34223849498.718464
West Bengal,2023,1,P2P,209283878,711500100260.1025
West Bengal,2023,1,Retail,200591201,150507863313.188
West Bengal,2023,1,Utility,59058589,36854497131.77785
West Bengal,2023,2,P2P,240193606,796345798781.7795
West Bengal,2023,2,Retail,249804214,172127707905.6635
West Bengal,2023,2,Utility,67203833,43380087291.69417
West Bengal,2023,3,P2P,270924969,830359347243.5255
West Bengal,2023,3,Retail,298345848,193756385887.3784
West Bengal,2023,3,Utility,72883447,49391496681.3703
West Bengal,2023,4,P2P,317862227,963858233914.0239
West Bengal,2023,4,Retail,354140336,231321591400.55017
West Bengal,2023,4,Utility,75785796,58389504348.63153
West Bengal,2024,1,P2P,355342023,1099859510197.5376
West Bengal,2024,1,Retail,403108218,261472890042.75714
West Bengal,2024,1,Utility,84631995,61633769764.9934
West Bengal,2024,2,P2P,393501626,1180677392601.6338
West Bengal,2024,2,Retail,499564293,293647271664.3669
West Bengal,2024,2,Utility,95733729,71673328842.29364
West Bengal,2024,3,P2P,436505032,1208592247507.6711
West Bengal,2024,3,Retail,554209559,314472902449.71216
West Bengal,2024,3,Utility,100285771,84988296989.72052
West Bengal,2024,4,P2P,493207369,1361827278820.301
West Bengal,2024,4,Retail,636340603,357194100819.6271
West Bengal,2024,4,Utility,100854212,91726162370.75008
West Bengal,2025,1,P2P,517424510,1447673088364.3677
West Bengal,2025,1,Retail,677544402,370151979608.3955
West Bengal,2025,1,Utility,109081452,96022270950.04193
West Bengal,2025,2,P2P,534561791,1440793308249.4573
West Bengal,2025,2,Retail,764023386,393773758084.7512
West Bengal,2025,2,Utility,111962112,100409443769.78806
West Bengal,2025,3,P2P,575352040,1444480288399.4023
West Bengal,2025,3,Retail,845070081,424514402665.9608
West Bengal,2025,3,Utility,114519341,112777258232.7218
West Bengal,2025,4,P2P,603154869,1507019236673.537
West Bengal,2025,4,Retail,878593910,453284513011.4431
West Bengal,2025,4,Utility,113921300,122466116790.08768
West Bengal,2026,1,P2P,643075471,1657761131911.3848
West Bengal,2026,1,Retail,929319640,494861726116.8507
West Bengal,2026,1,Utility,119448284,128146981420.12091
West Bengal,2026,2,P2P,653298215,1577573871700.4841
West Bengal,2026,2,Retail,1005841996,502117923105.22217
West Bengal,2026,2,Utility,123212798,132146318894.60046
