State,Year,Quarter,Entity_Type,Entity_Name,Transaction_Count,Transaction_Amount
Andaman & Nicobar Islands,2018,1,Districts,south andaman district,7856,15963528.52727173
Andaman & Nicobar Islands,2018,1,Districts,nicobar district,696,1455284.3919340018
Andaman & Nicobar Islands,2018,1,Districts,north and middle andaman district,537,1150313.2852460896
Andaman & Nicobar Islands,2018,2,Districts,south andaman district,12505,30134503.87536049
Andaman & Nicobar Islands,2018,2,Districts,nicobar district,1480,3781103.3068816382
Andaman & Nicobar Islands,2018,2,Districts,north and middle andaman district,1077,1601668.6821066425
Andaman & Nicobar Islands,2018,3,Districts,south andaman district,17655,54092409.64111014
Andaman & Nicobar Islands,2018,3,Districts,nicobar district,1870,7560956.9597359225
Andaman & Nicobar Islands,2018,3,Districts,north and middle andaman district,1629,5690058.111625673
Andaman & Nicobar Islands,2018,4,Districts,south andaman district,26512,90420984.26139997
Andaman & Nicobar Islands,2018,4,Districts,north and middle andaman district,2767,9185662.901026566
Andaman & Nicobar Islands,2018,4,Districts,nicobar district,1860,8376410.358232589
Andaman & Nicobar Islands,2019,1,Districts,south andaman district,34266,105942992.0528665
Andaman & Nicobar Islands,2019,1,Districts,north and middle andaman district,4475,11664508.27869298
Andaman & Nicobar Islands,2019,1,Districts,nicobar district,1985,8745229.692520771
Andaman & Nicobar Islands,2019,2,Districts,south andaman district,38594,138112792.58357844
Andaman & Nicobar Islands,2019,2,Districts,north and middle andaman district,5401,12314190.168304607
Andaman & Nicobar Islands,2019,2,Districts,nicobar district,2769,12927813.290471084
Andaman & Nicobar Islands,2019,3,Districts,south andaman district,32303,118485702.87763233
Andaman & Nicobar Islands,2019,3,Districts,north and middle andaman district,5217,16517168.124453712
Andaman & Nicobar Islands,2019,3,Districts,nicobar district,3103,16425425.950133696
Andaman & Nicobar Islands,2019,4,Districts,south andaman district,31582,134069114.05064557
Andaman & Nicobar Islands,2019,4,Districts,north and middle andaman district,6442,19210234.10844691
Andaman & Nicobar Islands,2019,4,Districts,nicobar district,3641,17561315.73679584
Andaman & Nicobar Islands,2020,1,Districts,south andaman district,37256,142858940.37021932
Andaman & Nicobar Islands,2020,1,Districts,north and middle andaman district,7786,20949469.0518823
Andaman & Nicobar Islands,2020,1,Districts,nicobar district,4062,17218939.23969346
Andaman & Nicobar Islands,2020,2,Districts,south andaman district,58888,147692524.2823298
Andaman & Nicobar Islands,2020,2,Districts,north and middle andaman district,14624,30441142.025830574
Andaman & Nicobar Islands,2020,2,Districts,nicobar district,5173,19118891.012682706
Andaman & Nicobar Islands,2020,3,Districts,south andaman district,115755,316290983.9233926
Andaman & Nicobar Islands,2020,3,Districts,north and middle andaman district,21235,45524401.636429265
Andaman & Nicobar Islands,2020,3,Districts,nicobar district,6999,30268456.155840646
Andaman & Nicobar Islands,2020,4,Districts,south andaman district,225909,604885203.456435
Andaman & Nicobar Islands,2020,4,Districts,north and middle andaman district,35624,83988364.55532306
Andaman & Nicobar Islands,2020,4,Districts,nicobar district,10472,43285754.49148509
Andaman & Nicobar Islands,2021,1,Districts,south andaman district,264309,809046310.8944216
Andaman & Nicobar Islands,2021,1,Districts,north and middle andaman district,37769,101073766.52258408
Andaman & Nicobar Islands,2021,1,Districts,nicobar district,14192,52327795.95115583
Andaman & Nicobar Islands,2021,2,Districts,south andaman district,376673,913110489.9326307
Andaman & Nicobar Islands,2021,2,Districts,north and middle andaman district,58910,126125811.30673876
Andaman & Nicobar Islands,2021,2,Districts,nicobar district,22389,66494725.936738394
Andaman & Nicobar Islands,2021,3,Districts,south andaman district,486039,1264593066.9854102
Andaman & Nicobar Islands,2021,3,Districts,north and middle andaman district,70736,163200919.26389474
Andaman & Nicobar Islands,2021,3,Districts,nicobar district,30653,103011207.60528868
Andaman & Nicobar Islands,2021,4,Districts,south andaman district,623101,1730059610.7300625
Andaman & Nicobar Islands,2021,4,Districts,north and middle andaman district,69156,188810340.09018275
Andaman & Nicobar Islands,2021,4,Districts,nicobar district,30484,93324727.86981949
Andaman & Nicobar Islands,2022,1,Districts,south andaman district,870912,2111247231.397351
Andaman & Nicobar Islands,2022,1,Districts,north and middle andaman district,86322,217254062.41694564
Andaman & Nicobar Islands,2022,1,Districts,nicobar district,41261,124917985.77118734
Andaman & Nicobar Islands,2022,2,Districts,south andaman district,1250648,2783890970.497587
Andaman & Nicobar Islands,2022,2,Districts,north and middle andaman district,106052,267837449.97210306
Andaman & Nicobar Islands,2022,2,Districts,nicobar district,62856,177739744.43920964
Andaman & Nicobar Islands,2022,3,Districts,south andaman district,1660476,3214668843.4893517
Andaman & Nicobar Islands,2022,3,Districts,north and middle andaman district,132171,309818720.20306593
Andaman & Nicobar Islands,2022,3,Districts,nicobar district,84324,202744751.4116695
Andaman & Nicobar Islands,2022,4,Districts,south andaman district,2007262,3733794415.7143764
Andaman & Nicobar Islands,2022,4,Districts,north and middle andaman district,156287,360014875.255292
Andaman & Nicobar Islands,2022,4,Districts,nicobar district,99606,219802765.43140632
Andaman & Nicobar Islands,2023,1,Districts,south andaman district,2175865,4034862158.396229
Andaman & Nicobar Islands,2023,1,Districts,north and middle andaman district,169440,409858640.03638774
Andaman & Nicobar Islands,2023,1,Districts,nicobar district,104592,211584981.23877203
Andaman & Nicobar Islands,2023,2,Districts,south andaman district,2613370,4513171448.23246
Andaman & Nicobar Islands,2023,2,Districts,north and middle andaman district,203278,481346109.69705003
Andaman & Nicobar Islands,2023,2,Districts,nicobar district,122520,242166223.05250442
Andaman & Nicobar Islands,2023,3,Districts,south andaman district,2939635,4651123232.5427685
Andaman & Nicobar Islands,2023,3,Districts,north and middle andaman district,217009,513893931.4366777
Andaman & Nicobar Islands,2023,3,Districts,nicobar district,137369,264566063.23214144
Andaman & Nicobar Islands,2023,4,Districts,south andaman district,3508682,5653309774.486908
Andaman & Nicobar Islands,2023,4,Districts,north and middle andaman district,250039,561538834.3650013
Andaman & Nicobar Islands,2023,4,Districts,nicobar district,162492,323873852.6657955
Andaman & Nicobar Islands,2024,1,Districts,south andaman district,3874282,6135770727.40441
Andaman & Nicobar Islands,2024,1,Districts,north and middle andaman district,280960,619810451.0221277
Andaman & Nicobar Islands,2024,1,Districts,nicobar district,173104,317503854.3125706
Andaman & Nicobar Islands,2024,2,Districts,south andaman district,4271742,6450947672.11367
Andaman & Nicobar Islands,2024,2,Districts,north and middle andaman district,329894,697195645.0147521
Andaman & Nicobar Islands,2024,2,Districts,nicobar district,193954,347119892.9916517
Andaman & Nicobar Islands,2024,3,Districts,south andaman district,4715525,6567783531.056631
Andaman & Nicobar Islands,2024,3,Districts,north and middle andaman district,367086,723733031.5643303
Andaman & Nicobar Islands,2024,3,Districts,nicobar district,211895,374690079.0370774
Andaman & Nicobar Islands,2024,4,Districts,south andaman district,5432911,7769560763.162053
Andaman & Nicobar Islands,2024,4,Districts,north and middle andaman district,412987,760946675.6419402
Andaman & Nicobar Islands,2024,4,Districts,nicobar district,233903,404225286.54022944
Andaman & Nicobar Islands,2025,1,Districts,south andaman district,5631610,7924108214.092496
Andaman & Nicobar Islands,2025,1,Districts,north and middle andaman district,465796,852076523.6403015
Andaman & Nicobar Islands,2025,1,Districts,nicobar district,234676,385957865.216424
Andaman & Nicobar Islands,2025,2,Districts,south andaman district,5641663,7626317723.610065
Andaman & Nicobar Islands,2025,2,Districts,north and middle andaman district,479878,845171998.6243607
Andaman & Nicobar Islands,2025,2,Districts,nicobar district,253728,421965716.1753805
Andaman & Nicobar Islands,2025,3,Districts,south andaman district,5964985,7532357609.215436
Andaman & Nicobar Islands,2025,3,Districts,north and middle andaman district,508199,826403999.3666801
Andaman & Nicobar Islands,2025,3,Districts,nicobar district,258638,431576380.3889894
Andaman & Nicobar Islands,2025,4,Districts,south andaman district,6840092,9096405417.435642
Andaman & Nicobar Islands,2025,4,Districts,north and middle andaman district,531089,858455975.5462668
Andaman & Nicobar Islands,2025,4,Districts,nicobar district,238354,422836415.6753081
Andaman & Nicobar Islands,2026,1,Districts,south andaman district,7088684,9484503181.430899
Andaman & Nicobar Islands,2026,1,Districts,north and middle andaman district,592094,989711661.3057247
Andaman & Nicobar Islands,2026,1,Districts,nicobar district,283723,453291546.9093505
Andaman & Nicobar Islands,2026,2,Districts,south andaman district,6820738,8937260921.360212
Andaman & Nicobar Islands,2026,2,Districts,north and middle andaman district,632360,1018554643.5334858
Andaman & Nicobar Islands,2026,2,Districts,nicobar district,299997,486479477.9336041
Andhra Pradesh,2018,1,Districts,visakhapatnam district,1100789,1575671555.8980691
Andhra Pradesh,2018,1,Districts,tirupati district,708058,837206068.1913958
Andhra Pradesh,2018,1,Districts,ntr district,662108,1022237717.2659075
Andhra Pradesh,2018,1,Districts,sri potti sriramulu nellore district,563237,714051827.2781703
Andhra Pradesh,2018,1,Districts,guntur district,556778,759491963.7014838
Andhra Pradesh,2018,1,Districts,kakinada district,546143,646114247.8947423
Andhra Pradesh,2018,1,Districts,ananthapuramu district,519650,629659116.4654719
Andhra Pradesh,2018,1,Districts,srikakulam district,485051,590019411.9893982
Andhra Pradesh,2018,1,Districts,vizianagaram district,481437,560703283.991643
Andhra Pradesh,2018,1,Districts,ysr kadapa district,462351,637011235.8255043
Andhra Pradesh,2018,2,Districts,visakhapatnam district,1404079,2641895970.574607
Andhra Pradesh,2018,2,Districts,tirupati district,986116,1634331843.0410848
Andhra Pradesh,2018,2,Districts,ntr district,942770,1925187799.109925
Andhra Pradesh,2018,2,Districts,sri potti sriramulu nellore district,817855,1576526120.1915147
Andhra Pradesh,2018,2,Districts,guntur district,742594,1407626091.868168
Andhra Pradesh,2018,2,Districts,ananthapuramu district,735610,1328289806.8045878
Andhra Pradesh,2018,2,Districts,kakinada district,686813,1095780702.1403868
Andhra Pradesh,2018,2,Districts,ysr kadapa district,658249,1303401504.0324652
Andhra Pradesh,2018,2,Districts,prakasam district,625108,1392381396.481994
Andhra Pradesh,2018,2,Districts,nandyal district,621832,917608912.4298656
Andhra Pradesh,2018,3,Districts,visakhapatnam district,2825221,4187446871.2203503
Andhra Pradesh,2018,3,Districts,nandyal district,2405920,2002476382.1120179
Andhra Pradesh,2018,3,Districts,kakinada district,1902622,1907809882.984363
Andhra Pradesh,2018,3,Districts,tirupati district,1869906,2612930191.4361424
Andhra Pradesh,2018,3,Districts,ntr district,1774907,2934155516.6509156
Andhra Pradesh,2018,3,Districts,ysr kadapa district,1456445,2036163938.718553
Andhra Pradesh,2018,3,Districts,ananthapuramu district,1443186,2066916673.207838
Andhra Pradesh,2018,3,Districts,sri potti sriramulu nellore district,1316258,2207942931.8319893
Andhra Pradesh,2018,3,Districts,guntur district,1291308,2102628726.0930057
Andhra Pradesh,2018,3,Districts,east godavari district,1280269,1515771349.0189283
Andhra Pradesh,2018,4,Districts,visakhapatnam district,4195568,6345508531.481102
Andhra Pradesh,2018,4,Districts,tirupati district,2578141,3925971540.583509
Andhra Pradesh,2018,4,Districts,ntr district,2198836,4290541220.493945
Andhra Pradesh,2018,4,Districts,sri potti sriramulu nellore district,1810657,3215016511.3030357
Andhra Pradesh,2018,4,Districts,ananthapuramu district,1791542,3054048321.0540195
Andhra Pradesh,2018,4,Districts,kakinada district,1769614,2396441133.6286964
Andhra Pradesh,2018,4,Districts,guntur district,1720050,3158953777.64441
Andhra Pradesh,2018,4,Districts,nandyal district,1648685,2102835120.496632
Andhra Pradesh,2018,4,Districts,ysr kadapa district,1604047,2953432316.6155787
Andhra Pradesh,2018,4,Districts,vizianagaram district,1549899,1928424300.2565918
Andhra Pradesh,2019,1,Districts,visakhapatnam district,8382005,11300229984.38348
Andhra Pradesh,2019,1,Districts,tirupati district,5699467,6950151396.22958
Andhra Pradesh,2019,1,Districts,ntr district,4242041,7156832719.007949
Andhra Pradesh,2019,1,Districts,guntur district,3428706,5471888845.536947
Andhra Pradesh,2019,1,Districts,sri potti sriramulu nellore district,3391347,5294632374.484514
Andhra Pradesh,2019,1,Districts,kakinada district,3364566,4146621359.331879
Andhra Pradesh,2019,1,Districts,vizianagaram district,3243425,3739846687.64906
Andhra Pradesh,2019,1,Districts,ananthapuramu district,3228901,4948648251.604151
Andhra Pradesh,2019,1,Districts,ysr kadapa district,2725500,4737437525.279347
Andhra Pradesh,2019,1,Districts,nandyal district,2675298,3306358362.373829
Andhra Pradesh,2019,2,Districts,visakhapatnam district,10232842,16865909521.471777
Andhra Pradesh,2019,2,Districts,tirupati district,5924756,10479229323.08953
Andhra Pradesh,2019,2,Districts,ntr district,5056930,10555641963.884254
Andhra Pradesh,2019,2,Districts,guntur district,3977049,7902122454.968379
Andhra Pradesh,2019,2,Districts,sri potti sriramulu nellore district,3643756,7851919972.644347
Andhra Pradesh,2019,2,Districts,ananthapuramu district,3373619,7332650455.790795
Andhra Pradesh,2019,2,Districts,kakinada district,3214153,5807223213.222093
Andhra Pradesh,2019,2,Districts,vizianagaram district,2953977,5571194369.907303
Andhra Pradesh,2019,2,Districts,ysr kadapa district,2883856,7009710087.804227
Andhra Pradesh,2019,2,Districts,kurnool district,2839902,5266041849.701012
Andhra Pradesh,2019,3,Districts,visakhapatnam district,15100182,22134909463.09517
Andhra Pradesh,2019,3,Districts,tirupati district,7626783,13108656841.61405
Andhra Pradesh,2019,3,Districts,ntr district,6771684,13339836528.400433
Andhra Pradesh,2019,3,Districts,guntur district,5568709,10203710981.357449
Andhra Pradesh,2019,3,Districts,sri potti sriramulu nellore district,4489124,9408269175.455868
Andhra Pradesh,2019,3,Districts,ananthapuramu district,4298762,9087001908.963615
Andhra Pradesh,2019,3,Districts,kakinada district,4160200,7246934268.729842
Andhra Pradesh,2019,3,Districts,kurnool district,3611379,6668886886.936074
Andhra Pradesh,2019,3,Districts,vizianagaram district,3455161,6255822236.661537
Andhra Pradesh,2019,3,Districts,ysr kadapa district,3323411,8165595027.508369
Andhra Pradesh,2019,4,Districts,visakhapatnam district,20344804,30857912953.23691
Andhra Pradesh,2019,4,Districts,tirupati district,10344539,17816775166.24728
Andhra Pradesh,2019,4,Districts,ntr district,9453647,18738718901.372555
Andhra Pradesh,2019,4,Districts,guntur district,7861036,14475014650.487928
Andhra Pradesh,2019,4,Districts,sri potti sriramulu nellore district,6351620,13373879690.591763
Andhra Pradesh,2019,4,Districts,kakinada district,5990924,10648045304.847267
Andhra Pradesh,2019,4,Districts,ananthapuramu district,5951769,13027173867.713295
Andhra Pradesh,2019,4,Districts,kurnool district,4954136,9743974990.20726
Andhra Pradesh,2019,4,Districts,ysr kadapa district,4914294,11825760985.623703
Andhra Pradesh,2019,4,Districts,vizianagaram district,4859427,9071280858.672497
Andhra Pradesh,2020,1,Districts,visakhapatnam district,22272596,36241949926.48002
Andhra Pradesh,2020,1,Districts,tirupati district,12108925,21784791435.828487
Andhra Pradesh,2020,1,Districts,ntr district,11341078,23402413752.54123
Andhra Pradesh,2020,1,Districts,guntur district,9519636,18385341007.197113
Andhra Pradesh,2020,1,Districts,sri potti sriramulu nellore district,7950271,17326480987.75881
Andhra Pradesh,2020,1,Districts,ananthapuramu district,7294702,16675096270.811436
Andhra Pradesh,2020,1,Districts,kakinada district,7221999,13889607691.819298
Andhra Pradesh,2020,1,Districts,ysr kadapa district,6119234,15378929818.757587
Andhra Pradesh,2020,1,Districts,vizianagaram district,6063514,12356029458.236967
Andhra Pradesh,2020,1,Districts,prakasam district,6060843,14574030563.464804
Andhra Pradesh,2020,2,Districts,visakhapatnam district,19091810,33682437325.386917
Andhra Pradesh,2020,2,Districts,tirupati district,11520979,22308036325.299294
Andhra Pradesh,2020,2,Districts,sri potti sriramulu nellore district,9703273,22052160463.800446
Andhra Pradesh,2020,2,Districts,ntr district,9544422,21359811953.707134
Andhra Pradesh,2020,2,Districts,prakasam district,8157645,19428284938.623154
Andhra Pradesh,2020,2,Districts,guntur district,8140930,17766680718.69939
Andhra Pradesh,2020,2,Districts,ananthapuramu district,8057810,19418440510.37427
Andhra Pradesh,2020,2,Districts,kakinada district,7764685,15646534511.270107
Andhra Pradesh,2020,2,Districts,ysr kadapa district,7602228,19921785382.783794
Andhra Pradesh,2020,2,Districts,vizianagaram district,7475524,14978259478.366766
Andhra Pradesh,2020,3,Districts,visakhapatnam district,30261780,56673431131.5663
Andhra Pradesh,2020,3,Districts,tirupati district,16876827,35477088881.910706
Andhra Pradesh,2020,3,Districts,ntr district,15482961,35995863623.15885
Andhra Pradesh,2020,3,Districts,sri potti sriramulu nellore district,14051750,33505610583.567245
Andhra Pradesh,2020,3,Districts,guntur district,12589308,29425894975.33971
Andhra Pradesh,2020,3,Districts,ananthapuramu district,11679197,30123420970.389668
Andhra Pradesh,2020,3,Districts,prakasam district,11516045,30487575165.09517
Andhra Pradesh,2020,3,Districts,kakinada district,10877716,23549272333.98063
Andhra Pradesh,2020,3,Districts,ysr kadapa district,10546251,29935466516.241066
Andhra Pradesh,2020,3,Districts,anakapalli district,9997426,21550537453.715645
Andhra Pradesh,2020,4,Districts,visakhapatnam district,39157734,74130594654.86139
Andhra Pradesh,2020,4,Districts,tirupati district,23091830,47106464658.911156
Andhra Pradesh,2020,4,Districts,ntr district,22229850,50653451227.570564
Andhra Pradesh,2020,4,Districts,guntur district,18126019,40338534252.3607
Andhra Pradesh,2020,4,Districts,sri potti sriramulu nellore district,17680742,42530240714.72121
Andhra Pradesh,2020,4,Districts,ananthapuramu district,15461127,38719899802.00595
Andhra Pradesh,2020,4,Districts,kakinada district,14240840,31268922710.59288
Andhra Pradesh,2020,4,Districts,prakasam district,13675173,36436742445.91586
Andhra Pradesh,2020,4,Districts,ysr kadapa district,12914941,36779228317.543495
Andhra Pradesh,2020,4,Districts,kurnool district,12031964,28195548442.19166
Andhra Pradesh,2021,1,Districts,visakhapatnam district,44251130,79847954389.25119
Andhra Pradesh,2021,1,Districts,tirupati district,26372164,52103571206.69917
Andhra Pradesh,2021,1,Districts,ntr district,25071549,55266708618.50986
Andhra Pradesh,2021,1,Districts,guntur district,21153847,45307052211.572296
Andhra Pradesh,2021,1,Districts,sri potti sriramulu nellore district,18683906,44232515853.179695
Andhra Pradesh,2021,1,Districts,ananthapuramu district,16595471,40743924561.16626
Andhra Pradesh,2021,1,Districts,kakinada district,15916726,33904739131.48397
Andhra Pradesh,2021,1,Districts,ysr kadapa district,14345722,40632841984.09983
Andhra Pradesh,2021,1,Districts,prakasam district,14131160,38668672966.11551
Andhra Pradesh,2021,1,Districts,east godavari district,13014709,30350610917.780228
Andhra Pradesh,2021,2,Districts,visakhapatnam district,48454823,93661440479.54752
Andhra Pradesh,2021,2,Districts,tirupati district,30980505,63832011586.41158
Andhra Pradesh,2021,2,Districts,ntr district,29689187,68711845996.012794
Andhra Pradesh,2021,2,Districts,guntur district,24747647,56745278416.56762
Andhra Pradesh,2021,2,Districts,sri potti sriramulu nellore district,24530930,60658664269.386734
Andhra Pradesh,2021,2,Districts,ananthapuramu district,21057300,52614323762.10713
Andhra Pradesh,2021,2,Districts,kakinada district,19741064,43103609162.51383
Andhra Pradesh,2021,2,Districts,prakasam district,19250933,52241986746.93471
Andhra Pradesh,2021,2,Districts,ysr kadapa district,18439325,52701239792.05085
Andhra Pradesh,2021,2,Districts,kurnool district,16410073,39828053285.24623
Andhra Pradesh,2021,3,Districts,visakhapatnam district,63039715,114846729915.38611
Andhra Pradesh,2021,3,Districts,tirupati district,38846695,76372796604.25818
Andhra Pradesh,2021,3,Districts,ntr district,38458766,82914084937.16779
Andhra Pradesh,2021,3,Districts,guntur district,32106421,67967765276.3768
Andhra Pradesh,2021,3,Districts,sri potti sriramulu nellore district,30057781,70491572605.5676
Andhra Pradesh,2021,3,Districts,ananthapuramu district,25568844,59570939793.666016
Andhra Pradesh,2021,3,Districts,kakinada district,24195152,49877584621.359566
Andhra Pradesh,2021,3,Districts,prakasam district,22974745,59017780181.23851
Andhra Pradesh,2021,3,Districts,ysr kadapa district,22072562,59425093738.99568
Andhra Pradesh,2021,3,Districts,east godavari district,20457292,47156807396.80225
Andhra Pradesh,2021,4,Districts,visakhapatnam district,66906832,117942388185.7269
Andhra Pradesh,2021,4,Districts,ntr district,41842381,87719263417.47876
Andhra Pradesh,2021,4,Districts,tirupati district,40076285,76003068458.86293
Andhra Pradesh,2021,4,Districts,guntur district,34544771,71421784249.87703
Andhra Pradesh,2021,4,Districts,sri potti sriramulu nellore district,30117139,68243895293.82597
Andhra Pradesh,2021,4,Districts,ananthapuramu district,26364698,58941460393.5852
Andhra Pradesh,2021,4,Districts,kakinada district,25694303,51098124936.969376
Andhra Pradesh,2021,4,Districts,prakasam district,22731436,56393976436.550865
Andhra Pradesh,2021,4,Districts,ysr kadapa district,22458765,58351595500.65454
Andhra Pradesh,2021,4,Districts,east godavari district,21899548,48689977216.3878
Andhra Pradesh,2022,1,Districts,visakhapatnam district,81109511,142476903570.3141
Andhra Pradesh,2022,1,Districts,ntr district,52027287,108436242350.05853
Andhra Pradesh,2022,1,Districts,tirupati district,51842696,97965274916.58827
Andhra Pradesh,2022,1,Districts,guntur district,43199918,88359385967.19525
Andhra Pradesh,2022,1,Districts,sri potti sriramulu nellore district,38330221,85995884065.9117
Andhra Pradesh,2022,1,Districts,ananthapuramu district,33168908,73331469216.90086
Andhra Pradesh,2022,1,Districts,kakinada district,32037788,64781718092.06582
Andhra Pradesh,2022,1,Districts,prakasam district,28917667,71300830769.78606
Andhra Pradesh,2022,1,Districts,ysr kadapa district,28481338,74308376107.01198
Andhra Pradesh,2022,1,Districts,east godavari district,27335566,61166335807.690704
Andhra Pradesh,2022,2,Districts,visakhapatnam district,93926790,162113743096.3637
Andhra Pradesh,2022,2,Districts,ntr district,61548989,126917983114.01266
Andhra Pradesh,2022,2,Districts,tirupati district,60039785,113167623526.93497
Andhra Pradesh,2022,2,Districts,guntur district,50903979,101987962302.62213
Andhra Pradesh,2022,2,Districts,sri potti sriramulu nellore district,44027676,100705583147.23178
Andhra Pradesh,2022,2,Districts,ananthapuramu district,37745097,82760963881.1185
Andhra Pradesh,2022,2,Districts,kakinada district,37470828,74450057144.3125
Andhra Pradesh,2022,2,Districts,prakasam district,33525083,81323792753.56427
Andhra Pradesh,2022,2,Districts,ysr kadapa district,31952976,83154944821.2744
Andhra Pradesh,2022,2,Districts,east godavari district,31897031,69959592313.04672
Andhra Pradesh,2022,3,Districts,visakhapatnam district,107714630,181438551178.04443
Andhra Pradesh,2022,3,Districts,ntr district,70833077,140689076094.80417
Andhra Pradesh,2022,3,Districts,tirupati district,68885179,126882839966.29102
Andhra Pradesh,2022,3,Districts,guntur district,58325107,115011319893.50443
Andhra Pradesh,2022,3,Districts,sri potti sriramulu nellore district,50534408,111428938566.94356
Andhra Pradesh,2022,3,Districts,ananthapuramu district,43285476,91301145442.92174
Andhra Pradesh,2022,3,Districts,kakinada district,42364852,80803582585.41235
Andhra Pradesh,2022,3,Districts,prakasam district,38203795,90136205869.5387
Andhra Pradesh,2022,3,Districts,ysr kadapa district,36875702,92319945099.46086
Andhra Pradesh,2022,3,Districts,east godavari district,36682313,77033177470.81262
Andhra Pradesh,2022,4,Districts,visakhapatnam district,115165923,186979609546.14783
Andhra Pradesh,2022,4,Districts,ntr district,77334285,147565996343.2663
Andhra Pradesh,2022,4,Districts,tirupati district,73372606,129232053443.99687
Andhra Pradesh,2022,4,Districts,guntur district,63465288,120368636712.59644
Andhra Pradesh,2022,4,Districts,sri potti sriramulu nellore district,52452186,110924537358.51736
Andhra Pradesh,2022,4,Districts,kakinada district,46494159,84883965091.4924
Andhra Pradesh,2022,4,Districts,ananthapuramu district,46114169,94150942959.23897
Andhra Pradesh,2022,4,Districts,east godavari district,40449813,81407131208.99396
Andhra Pradesh,2022,4,Districts,prakasam district,39772884,89993054982.78363
Andhra Pradesh,2022,4,Districts,ysr kadapa district,39476958,94867772667.8349
Andhra Pradesh,2023,1,Districts,visakhapatnam district,124278749,203615260378.23044
Andhra Pradesh,2023,1,Districts,ntr district,84119568,160644703645.09476
Andhra Pradesh,2023,1,Districts,tirupati district,81849394,142242483954.18967
Andhra Pradesh,2023,1,Districts,guntur district,69143035,131114379828.48578
Andhra Pradesh,2023,1,Districts,sri potti sriramulu nellore district,58408964,122257559405.38036
Andhra Pradesh,2023,1,Districts,kakinada district,51312184,95201655964.75813
Andhra Pradesh,2023,1,Districts,ananthapuramu district,50713530,102190116511.60172
Andhra Pradesh,2023,1,Districts,prakasam district,44647293,100005184317.5284
Andhra Pradesh,2023,1,Districts,east godavari district,44570126,90327650213.64429
Andhra Pradesh,2023,1,Districts,ysr kadapa district,43691505,104770838729.04608
Andhra Pradesh,2023,2,Districts,visakhapatnam district,139827288,223673205713.29523
Andhra Pradesh,2023,2,Districts,ntr district,96758533,179979341715.94965
Andhra Pradesh,2023,2,Districts,tirupati district,92593052,159258923285.246
Andhra Pradesh,2023,2,Districts,guntur district,79429843,147355299114.98862
Andhra Pradesh,2023,2,Districts,sri potti sriramulu nellore district,67096855,140842557979.87006
Andhra Pradesh,2023,2,Districts,kakinada district,57988086,104689321127.95361
Andhra Pradesh,2023,2,Districts,ananthapuramu district,56759923,113545877426.63347
Andhra Pradesh,2023,2,Districts,prakasam district,51202929,111078603348.61734
Andhra Pradesh,2023,2,Districts,east godavari district,51141450,100026354756.84354
Andhra Pradesh,2023,2,Districts,eluru district,49086201,98103223277.21495
Andhra Pradesh,2023,3,Districts,visakhapatnam district,159437793,242548984701.8773
Andhra Pradesh,2023,3,Districts,ntr district,109897358,190679112876.84717
Andhra Pradesh,2023,3,Districts,tirupati district,106117476,173195124711.59552
Andhra Pradesh,2023,3,Districts,guntur district,91207290,158979638160.98483
Andhra Pradesh,2023,3,Districts,sri potti sriramulu nellore district,76928501,150184710577.61642
Andhra Pradesh,2023,3,Districts,kakinada district,65785990,111489606774.56703
Andhra Pradesh,2023,3,Districts,ananthapuramu district,65327732,121649778854.6745
Andhra Pradesh,2023,3,Districts,prakasam district,59162933,120542339040.17557
Andhra Pradesh,2023,3,Districts,east godavari district,58325311,106228328898.52751
Andhra Pradesh,2023,3,Districts,ysr kadapa district,55549825,124389073539.05724
Andhra Pradesh,2023,4,Districts,visakhapatnam district,167724123,253905771533.5429
Andhra Pradesh,2023,4,Districts,ntr district,118127215,202334443098.87805
Andhra Pradesh,2023,4,Districts,tirupati district,111396042,177777194396.5028
Andhra Pradesh,2023,4,Districts,guntur district,97298223,165365386449.24207
Andhra Pradesh,2023,4,Districts,sri potti sriramulu nellore district,79782668,152712280031.8501
Andhra Pradesh,2023,4,Districts,kakinada district,71398891,120095909090.43564
Andhra Pradesh,2023,4,Districts,ananthapuramu district,71005920,128620561694.48538
Andhra Pradesh,2023,4,Districts,east godavari district,63886670,115537912555.1903
Andhra Pradesh,2023,4,Districts,prakasam district,62817426,123321428794.2072
Andhra Pradesh,2023,4,Districts,ysr kadapa district,61528003,132000555582.97052
Andhra Pradesh,2024,1,Districts,visakhapatnam district,175655650,261202855600.91016
Andhra Pradesh,2024,1,Districts,ntr district,124830332,209391394393.48502
Andhra Pradesh,2024,1,Districts,tirupati district,123906950,189823991814.4631
Andhra Pradesh,2024,1,Districts,guntur district,104129208,172366450800.1533
Andhra Pradesh,2024,1,Districts,sri potti sriramulu nellore district,87979993,160459721284.97867
Andhra Pradesh,2024,1,Districts,kakinada district,78780857,130086792680.11761
Andhra Pradesh,2024,1,Districts,ananthapuramu district,77881728,134097495258.8226
Andhra Pradesh,2024,1,Districts,east godavari district,69848775,123320536585.60558
Andhra Pradesh,2024,1,Districts,prakasam district,69776429,131967184429.49567
Andhra Pradesh,2024,1,Districts,ysr kadapa district,69482367,142596248214.63898
Andhra Pradesh,2024,2,Districts,visakhapatnam district,191834047,272399616128.85883
Andhra Pradesh,2024,2,Districts,ntr district,137782795,220939737492.7482
Andhra Pradesh,2024,2,Districts,tirupati district,134099726,200662174064.95074
Andhra Pradesh,2024,2,Districts,guntur district,114157678,181703271756.3335
Andhra Pradesh,2024,2,Districts,sri potti sriramulu nellore district,98046996,176127808587.0227
Andhra Pradesh,2024,2,Districts,kakinada district,87154247,136709099917.28465
Andhra Pradesh,2024,2,Districts,ananthapuramu district,84870983,141657878528.98196
Andhra Pradesh,2024,2,Districts,prakasam district,78136541,141347788352.96198
Andhra Pradesh,2024,2,Districts,east godavari district,77598352,131714261279.67316
Andhra Pradesh,2024,2,Districts,eluru district,76244738,131846910526.4614
Andhra Pradesh,2024,3,Districts,visakhapatnam district,212356668,289907870410.5459
Andhra Pradesh,2024,3,Districts,ntr district,151258035,224083812906.44446
Andhra Pradesh,2024,3,Districts,tirupati district,149572873,211531538955.008
Andhra Pradesh,2024,3,Districts,guntur district,127614104,190909516588.96533
Andhra Pradesh,2024,3,Districts,sri potti sriramulu nellore district,106651831,175907885940.1474
Andhra Pradesh,2024,3,Districts,kakinada district,95401620,138296857930.285
Andhra Pradesh,2024,3,Districts,ananthapuramu district,91661636,143135747587.50778
Andhra Pradesh,2024,3,Districts,prakasam district,85091416,143892574721.47467
Andhra Pradesh,2024,3,Districts,east godavari district,85013782,133694027471.79407
Andhra Pradesh,2024,3,Districts,eluru district,81038219,126277002364.91624
Andhra Pradesh,2024,4,Districts,visakhapatnam district,229118289,302501330856.4265
Andhra Pradesh,2024,4,Districts,ntr district,170796186,246708947951.65314
Andhra Pradesh,2024,4,Districts,tirupati district,159342786,217316446637.7697
Andhra Pradesh,2024,4,Districts,guntur district,139494995,202809187680.44852
Andhra Pradesh,2024,4,Districts,sri potti sriramulu nellore district,114132012,182668370929.42242
Andhra Pradesh,2024,4,Districts,kakinada district,106810416,150563246189.10797
Andhra Pradesh,2024,4,Districts,ananthapuramu district,100555237,152191976239.85037
Andhra Pradesh,2024,4,Districts,east godavari district,96263748,147563974036.70874
Andhra Pradesh,2024,4,Districts,eluru district,91959692,140554428866.50177
Andhra Pradesh,2024,4,Districts,prakasam district,90848572,149282722967.21304
Andhra Pradesh,2025,1,Districts,visakhapatnam district,238452436,316588030323.54486
Andhra Pradesh,2025,1,Districts,ntr district,179009546,259312094915.01367
Andhra Pradesh,2025,1,Districts,tirupati district,171149431,230239385587.4711
Andhra Pradesh,2025,1,Districts,guntur district,146274049,213829337031.74323
Andhra Pradesh,2025,1,Districts,sri potti sriramulu nellore district,123309690,195619870032.91568
Andhra Pradesh,2025,1,Districts,kakinada district,111624699,159663484874.5283
Andhra Pradesh,2025,1,Districts,ananthapuramu district,108493610,164325986359.831
Andhra Pradesh,2025,1,Districts,east godavari district,99201321,151882716307.9392
Andhra Pradesh,2025,1,Districts,prakasam district,96538927,159260108028.2465
Andhra Pradesh,2025,1,Districts,eluru district,94862633,147791855070.83847
Andhra Pradesh,2025,2,Districts,visakhapatnam district,243457106,321824011029.6582
Andhra Pradesh,2025,2,Districts,ntr district,184409022,264577221426.52463
Andhra Pradesh,2025,2,Districts,tirupati district,175797928,237731870323.43958
Andhra Pradesh,2025,2,Districts,guntur district,151081138,218339660002.4839
Andhra Pradesh,2025,2,Districts,sri potti sriramulu nellore district,128216651,205517826118.1164
Andhra Pradesh,2025,2,Districts,kakinada district,116595186,164375962564.21878
Andhra Pradesh,2025,2,Districts,ananthapuramu district,111821009,168849861506.389
Andhra Pradesh,2025,2,Districts,east godavari district,104245067,158591274346.53638
Andhra Pradesh,2025,2,Districts,prakasam district,102193627,164786821527.7361
Andhra Pradesh,2025,2,Districts,eluru district,102175380,155306116644.75345
Andhra Pradesh,2025,3,Districts,visakhapatnam district,267361679,339494662305.58014
Andhra Pradesh,2025,3,Districts,ntr district,198876470,267971168606.64346
Andhra Pradesh,2025,3,Districts,tirupati district,189971325,247777578752.07053
Andhra Pradesh,2025,3,Districts,guntur district,164387603,225393089260.0837
Andhra Pradesh,2025,3,Districts,sri potti sriramulu nellore district,138098043,208105417490.60233
Andhra Pradesh,2025,3,Districts,kakinada district,124013010,165725854363.91245
Andhra Pradesh,2025,3,Districts,ananthapuramu district,119699526,170192575255.2671
Andhra Pradesh,2025,3,Districts,east godavari district,111790848,160139206681.85104
Andhra Pradesh,2025,3,Districts,prakasam district,109720281,168986515219.70407
Andhra Pradesh,2025,3,Districts,eluru district,106253328,150447251700.54407
Andhra Pradesh,2025,4,Districts,visakhapatnam district,279278830,347306071448.1468
Andhra Pradesh,2025,4,Districts,ntr district,216404261,286268303810.5808
Andhra Pradesh,2025,4,Districts,tirupati district,199211940,254604603449.4862
Andhra Pradesh,2025,4,Districts,guntur district,179388355,239149992498.3128
Andhra Pradesh,2025,4,Districts,sri potti sriramulu nellore district,141872623,214307822919.82367
Andhra Pradesh,2025,4,Districts,kakinada district,131986483,174520274643.66232
Andhra Pradesh,2025,4,Districts,ananthapuramu district,127054190,178495794357.15128
Andhra Pradesh,2025,4,Districts,east godavari district,121737303,173410300681.11798
Andhra Pradesh,2025,4,Districts,eluru district,114865568,162849096393.6655
Andhra Pradesh,2025,4,Districts,prakasam district,112353406,172669779517.53558
Andhra Pradesh,2026,1,Districts,visakhapatnam district,286270738,365217670842.9208
Andhra Pradesh,2026,1,Districts,ntr district,222832715,303109157908.4966
Andhra Pradesh,2026,1,Districts,tirupati district,211434880,274980725705.7288
Andhra Pradesh,2026,1,Districts,guntur district,187148603,253980691397.49066
Andhra Pradesh,2026,1,Districts,sri potti sriramulu nellore district,152707700,228558571072.331
Andhra Pradesh,2026,1,Districts,kakinada district,139653754,189527094448.69406
Andhra Pradesh,2026,1,Districts,ananthapuramu district,134752991,192433842365.95197
Andhra Pradesh,2026,1,Districts,east godavari district,127045400,183870485589.44998
Andhra Pradesh,2026,1,Districts,prakasam district,121369372,188218668059.91257
Andhra Pradesh,2026,1,Districts,eluru district,121039764,175237412785.23804
Andhra Pradesh,2026,2,Districts,visakhapatnam district,304675634,382678787292.2217
Andhra Pradesh,2026,2,Districts,ntr district,237905762,322775184105.8538
Andhra Pradesh,2026,2,Districts,tirupati district,225322514,296625059979.7168
Andhra Pradesh,2026,2,Districts,guntur district,198471270,269685684581.66483
Andhra Pradesh,2026,2,Districts,sri potti sriramulu nellore district,167305685,260563771098.71768
Andhra Pradesh,2026,2,Districts,kakinada district,150675340,202569584371.67105
Andhra Pradesh,2026,2,Districts,ananthapuramu district,140056538,199801031290.99323
Andhra Pradesh,2026,2,Districts,east godavari district,137797638,199632453172.0641
Andhra Pradesh,2026,2,Districts,eluru district,131965615,190892439048.94632
Andhra Pradesh,2026,2,Districts,prakasam district,128930871,197524532200.3947
Arunachal Pradesh,2018,1,Districts,itanagar capital complex district,12160,31260361.161979206
Arunachal Pradesh,2018,1,Districts,west kameng district,7926,12306054.184980066
Arunachal Pradesh,2018,1,Districts,papum pare district,4718,7082679.870053795
Arunachal Pradesh,2018,1,Districts,east siang district,4416,7523408.770305831
Arunachal Pradesh,2018,1,Districts,namsai district,3947,13304556.09965454
Arunachal Pradesh,2018,1,Districts,changlang district,3777,5848153.329686636
Arunachal Pradesh,2018,1,Districts,longding district,3081,5487282.866445411
Arunachal Pradesh,2018,1,Districts,tawang district,2996,6350285.501692443
Arunachal Pradesh,2018,1,Districts,lohit district,2695,3817296.0120003903
Arunachal Pradesh,2018,1,Districts,west siang district,2424,5930312.649841538
Arunachal Pradesh,2018,2,Districts,itanagar capital complex district,22491,59314186.71304116
Arunachal Pradesh,2018,2,Districts,west kameng district,13939,31788722.183204893
Arunachal Pradesh,2018,2,Districts,namsai district,8298,23619753.45306395
Arunachal Pradesh,2018,2,Districts,east siang district,8186,18895095.172099367
Arunachal Pradesh,2018,2,Districts,papum pare district,7826,18736602.542409368
Arunachal Pradesh,2018,2,Districts,changlang district,7019,14615084.098867211
Arunachal Pradesh,2018,2,Districts,tawang district,6874,16534712.835931037
Arunachal Pradesh,2018,2,Districts,longding district,5785,12430129.673927648
Arunachal Pradesh,2018,2,Districts,lohit district,4405,8648305.154964263
Arunachal Pradesh,2018,2,Districts,west siang district,3221,9103341.484228637
Arunachal Pradesh,2018,3,Districts,itanagar capital complex district,34125,86436363.45018865
Arunachal Pradesh,2018,3,Districts,west kameng district,21949,58128164.25383704
Arunachal Pradesh,2018,3,Districts,papum pare district,17224,29856653.914984453
Arunachal Pradesh,2018,3,Districts,east siang district,12861,31078448.962705538
Arunachal Pradesh,2018,3,Districts,namsai district,12205,30736504.853303395
Arunachal Pradesh,2018,3,Districts,tawang district,11569,30303848.879156183
Arunachal Pradesh,2018,3,Districts,changlang district,11129,20015154.24278993
Arunachal Pradesh,2018,3,Districts,lohit district,8351,20013994.655218314
Arunachal Pradesh,2018,3,Districts,longding district,6524,21748403.151783496
Arunachal Pradesh,2018,3,Districts,west siang district,4273,15086970.416144148
Arunachal Pradesh,2018,4,Districts,itanagar capital complex district,49616,138072898.4417732
Arunachal Pradesh,2018,4,Districts,west kameng district,33967,108205846.34591293
Arunachal Pradesh,2018,4,Districts,papum pare district,17129,39176256.65468135
Arunachal Pradesh,2018,4,Districts,namsai district,16647,43707095.65210301
Arunachal Pradesh,2018,4,Districts,east siang district,16606,45342285.81288252
Arunachal Pradesh,2018,4,Districts,changlang district,16096,33159071.550732635
Arunachal Pradesh,2018,4,Districts,tawang district,14875,42305514.19884599
Arunachal Pradesh,2018,4,Districts,lohit district,10588,23977294.703806784
Arunachal Pradesh,2018,4,Districts,longding district,8380,26567364.80962122
Arunachal Pradesh,2018,4,Districts,tirap district,7210,12483253.116212757
Arunachal Pradesh,2019,1,Districts,itanagar capital complex district,63047,173330726.40535888
Arunachal Pradesh,2019,1,Districts,west kameng district,46620,132639019.61364555
Arunachal Pradesh,2019,1,Districts,papum pare district,24933,53883699.71702934
Arunachal Pradesh,2019,1,Districts,east siang district,21561,54056502.22836528
Arunachal Pradesh,2019,1,Districts,changlang district,20436,45005101.54517584
Arunachal Pradesh,2019,1,Districts,namsai district,17782,44679495.39495872
Arunachal Pradesh,2019,1,Districts,tawang district,17608,49010369.33179603
Arunachal Pradesh,2019,1,Districts,lohit district,13565,32978082.584878262
Arunachal Pradesh,2019,1,Districts,longding district,9624,31647766.76323515
Arunachal Pradesh,2019,1,Districts,tirap district,9046,17219967.524292793
Arunachal Pradesh,2019,2,Districts,itanagar capital complex district,87869,258576445.28358573
Arunachal Pradesh,2019,2,Districts,west kameng district,60013,183027493.2604636
Arunachal Pradesh,2019,2,Districts,papum pare district,30046,67950157.39651929
Arunachal Pradesh,2019,2,Districts,east siang district,27239,74149443.0119946
Arunachal Pradesh,2019,2,Districts,changlang district,25840,62051788.98623857
Arunachal Pradesh,2019,2,Districts,tawang district,24969,79897494.22610165
Arunachal Pradesh,2019,2,Districts,namsai district,24371,56765859.12283908
Arunachal Pradesh,2019,2,Districts,lohit district,18746,45151337.8785596
Arunachal Pradesh,2019,2,Districts,west siang district,12574,35120055.59025978
Arunachal Pradesh,2019,2,Districts,tirap district,10493,26292547.504068207
Arunachal Pradesh,2019,3,Districts,itanagar capital complex district,107275,319919487.05888456
Arunachal Pradesh,2019,3,Districts,west kameng district,70085,218327120.7565288
Arunachal Pradesh,2019,3,Districts,papum pare district,33781,74548292.58620276
Arunachal Pradesh,2019,3,Districts,changlang district,32315,76615437.37862024
Arunachal Pradesh,2019,3,Districts,east siang district,30991,92348735.74013306
Arunachal Pradesh,2019,3,Districts,tawang district,29958,102853250.12977254
Arunachal Pradesh,2019,3,Districts,namsai district,25161,60599281.71002693
Arunachal Pradesh,2019,3,Districts,lohit district,20941,52843006.74354522
Arunachal Pradesh,2019,3,Districts,west siang district,14531,42382350.34936509
Arunachal Pradesh,2019,3,Districts,tirap district,13297,29934731.922233652
Arunachal Pradesh,2019,4,Districts,itanagar capital complex district,131929,398221527.6915431
Arunachal Pradesh,2019,4,Districts,west kameng district,87399,287792903.8364663
Arunachal Pradesh,2019,4,Districts,papum pare district,41830,94363856.57051243
Arunachal Pradesh,2019,4,Districts,changlang district,37982,92887199.0426181
Arunachal Pradesh,2019,4,Districts,tawang district,37212,129288777.67038679
Arunachal Pradesh,2019,4,Districts,east siang district,36930,113657497.01818049
Arunachal Pradesh,2019,4,Districts,namsai district,34054,79158769.0745024
Arunachal Pradesh,2019,4,Districts,lohit district,24740,62267408.65468557
Arunachal Pradesh,2019,4,Districts,tirap district,19738,53661824.15088337
Arunachal Pradesh,2019,4,Districts,west siang district,18370,55678537.53468804
Arunachal Pradesh,2020,1,Districts,itanagar capital complex district,161382,460071916.01583225
Arunachal Pradesh,2020,1,Districts,west kameng district,98998,296480263.07834446
Arunachal Pradesh,2020,1,Districts,papum pare district,53273,125244727.19388378
Arunachal Pradesh,2020,1,Districts,changlang district,49138,124007678.56556325
Arunachal Pradesh,2020,1,Districts,east siang district,45834,129529488.83386984
Arunachal Pradesh,2020,1,Districts,namsai district,42499,101910600.57099853
Arunachal Pradesh,2020,1,Districts,tawang district,39456,119193889.93335928
Arunachal Pradesh,2020,1,Districts,lohit district,31331,82951549.94536556
Arunachal Pradesh,2020,1,Districts,west siang district,24497,68418371.78986779
Arunachal Pradesh,2020,1,Districts,tirap district,21657,56854151.42961405
Arunachal Pradesh,2020,2,Districts,itanagar capital complex district,208246,545954618.4902887
Arunachal Pradesh,2020,2,Districts,west kameng district,123323,363873224.64847165
Arunachal Pradesh,2020,2,Districts,changlang district,76440,161829314.9172136
Arunachal Pradesh,2020,2,Districts,east siang district,71100,168265107.21156448
Arunachal Pradesh,2020,2,Districts,namsai district,62696,120617347.0267691
Arunachal Pradesh,2020,2,Districts,papum pare district,55562,138548495.89466876
Arunachal Pradesh,2020,2,Districts,tawang district,53986,166120427.6761791
Arunachal Pradesh,2020,2,Districts,lohit district,46201,108975628.890547
Arunachal Pradesh,2020,2,Districts,west siang district,39863,98225681.6357186
Arunachal Pradesh,2020,2,Districts,tirap district,34159,85801140.80010454
Arunachal Pradesh,2020,3,Districts,itanagar capital complex district,259802,739033228.2149316
Arunachal Pradesh,2020,3,Districts,west kameng district,146418,473678189.1968396
Arunachal Pradesh,2020,3,Districts,east siang district,92878,260083854.01943353
Arunachal Pradesh,2020,3,Districts,changlang district,84179,196019768.3565048
Arunachal Pradesh,2020,3,Districts,papum pare district,70683,189903414.34137177
Arunachal Pradesh,2020,3,Districts,tawang district,69610,248169871.12213624
Arunachal Pradesh,2020,3,Districts,namsai district,67929,162344214.61876255
Arunachal Pradesh,2020,3,Districts,lohit district,59204,155037610.48460954
Arunachal Pradesh,2020,3,Districts,west siang district,42036,122846474.04444532
Arunachal Pradesh,2020,3,Districts,tirap district,36389,109706963.1183378
Arunachal Pradesh,2020,4,Districts,itanagar capital complex district,332191,989609877.5621345
Arunachal Pradesh,2020,4,Districts,west kameng district,163322,508324451.0296891
Arunachal Pradesh,2020,4,Districts,east siang district,112057,329410763.43292856
Arunachal Pradesh,2020,4,Districts,changlang district,92718,226109953.71580026
Arunachal Pradesh,2020,4,Districts,papum pare district,87659,260357128.76836237
Arunachal Pradesh,2020,4,Districts,namsai district,79881,208736530.20817465
Arunachal Pradesh,2020,4,Districts,tawang district,79032,294822618.2792792
Arunachal Pradesh,2020,4,Districts,lohit district,68678,169923601.50250724
Arunachal Pradesh,2020,4,Districts,west siang district,53233,151639769.87223694
Arunachal Pradesh,2020,4,Districts,tirap district,41299,126193680.92202401
Arunachal Pradesh,2021,1,Districts,itanagar capital complex district,359834,1172027905.7249517
Arunachal Pradesh,2021,1,Districts,west kameng district,174102,541712748.073708
Arunachal Pradesh,2021,1,Districts,east siang district,119264,361865641.28878474
Arunachal Pradesh,2021,1,Districts,papum pare district,109967,363076871.312713
Arunachal Pradesh,2021,1,Districts,changlang district,99456,269528194.0508442
Arunachal Pradesh,2021,1,Districts,namsai district,86541,229772664.47656077
Arunachal Pradesh,2021,1,Districts,tawang district,73545,276132373.20413846
Arunachal Pradesh,2021,1,Districts,lohit district,72998,189889714.2814001
Arunachal Pradesh,2021,1,Districts,west siang district,57765,184707840.9431824
Arunachal Pradesh,2021,1,Districts,tirap district,42731,146413533.9916795
Arunachal Pradesh,2021,2,Districts,itanagar capital complex district,509811,1341872827.3716917
Arunachal Pradesh,2021,2,Districts,west kameng district,247571,705647256.8701538
Arunachal Pradesh,2021,2,Districts,east siang district,162149,431733438.0436751
Arunachal Pradesh,2021,2,Districts,papum pare district,145577,390949003.45735806
Arunachal Pradesh,2021,2,Districts,changlang district,140516,331025547.11900854
Arunachal Pradesh,2021,2,Districts,namsai district,131297,295688865.08198905
Arunachal Pradesh,2021,2,Districts,lohit district,102252,224537387.34594715
Arunachal Pradesh,2021,2,Districts,tawang district,100927,346901247.55089664
Arunachal Pradesh,2021,2,Districts,west siang district,84593,246863559.6940868
Arunachal Pradesh,2021,2,Districts,tirap district,65346,196713273.98362142
Arunachal Pradesh,2021,3,Districts,itanagar capital complex district,641792,1737576444.742542
Arunachal Pradesh,2021,3,Districts,west kameng district,311780,946582859.2414101
Arunachal Pradesh,2021,3,Districts,east siang district,198933,559105777.1580487
Arunachal Pradesh,2021,3,Districts,papum pare district,178672,501236404.7945675
Arunachal Pradesh,2021,3,Districts,changlang district,157628,393758985.17126393
Arunachal Pradesh,2021,3,Districts,namsai district,152920,346755393.8410749
Arunachal Pradesh,2021,3,Districts,tawang district,127254,497659587.8120441
Arunachal Pradesh,2021,3,Districts,lohit district,126411,269512912.67479646
Arunachal Pradesh,2021,3,Districts,west siang district,94887,298512981.6691212
Arunachal Pradesh,2021,3,Districts,upper subansiri district,65983,259867149.72167918
Arunachal Pradesh,2021,4,Districts,itanagar capital complex district,733017,1856509516.4657469
Arunachal Pradesh,2021,4,Districts,west kameng district,315970,938182219.894104
Arunachal Pradesh,2021,4,Districts,east siang district,222511,579914878.1428857
Arunachal Pradesh,2021,4,Districts,papum pare district,219501,548005035.2183867
Arunachal Pradesh,2021,4,Districts,namsai district,168767,362358688.3504345
Arunachal Pradesh,2021,4,Districts,changlang district,168089,439187860.3490062
Arunachal Pradesh,2021,4,Districts,lohit district,132660,274928788.9429755
Arunachal Pradesh,2021,4,Districts,tawang district,119858,474621710.66380346
Arunachal Pradesh,2021,4,Districts,west siang district,99001,319782064.7075029
Arunachal Pradesh,2021,4,Districts,lower dibang valley district,70633,179135920.5523888
Arunachal Pradesh,2022,1,Districts,itanagar capital complex district,1038103,2526758463.849161
Arunachal Pradesh,2022,1,Districts,west kameng district,353217,999312507.1446537
Arunachal Pradesh,2022,1,Districts,papum pare district,323399,762996138.015652
Arunachal Pradesh,2022,1,Districts,east siang district,292026,722523681.2322291
Arunachal Pradesh,2022,1,Districts,changlang district,216407,592128730.3302724
Arunachal Pradesh,2022,1,Districts,namsai district,213271,478522469.31228673
Arunachal Pradesh,2022,1,Districts,lohit district,177199,376422645.72200775
Arunachal Pradesh,2022,1,Districts,west siang district,128395,423688252.8699686
Arunachal Pradesh,2022,1,Districts,tawang district,118687,463117054.4734989
Arunachal Pradesh,2022,1,Districts,lower dibang valley district,100337,273775249.2844583
Arunachal Pradesh,2022,2,Districts,itanagar capital complex district,1466391,3213614432.3272896
Arunachal Pradesh,2022,2,Districts,west kameng district,488727,1257438629.579056
Arunachal Pradesh,2022,2,Districts,papum pare district,459111,963640749.7451624
Arunachal Pradesh,2022,2,Districts,east siang district,379122,857329609.2856326
Arunachal Pradesh,2022,2,Districts,namsai district,276436,563083426.3403026
Arunachal Pradesh,2022,2,Districts,changlang district,262377,624246463.8861178
Arunachal Pradesh,2022,2,Districts,lohit district,243304,489428181.55276567
Arunachal Pradesh,2022,2,Districts,tawang district,185294,659387187.4761975
Arunachal Pradesh,2022,2,Districts,west siang district,171539,504949781.1436502
Arunachal Pradesh,2022,2,Districts,lower dibang valley district,126587,315845106.547563
Arunachal Pradesh,2022,3,Districts,itanagar capital complex district,1946165,3612336870.304599
Arunachal Pradesh,2022,3,Districts,west kameng district,646014,1522875767.2256203
Arunachal Pradesh,2022,3,Districts,papum pare district,605750,1049465275.1887636
Arunachal Pradesh,2022,3,Districts,east siang district,491961,978115502.1837485
Arunachal Pradesh,2022,3,Districts,changlang district,324448,681575138.3922262
Arunachal Pradesh,2022,3,Districts,namsai district,319419,612811468.6093156
Arunachal Pradesh,2022,3,Districts,lohit district,300401,502371808.72359294
Arunachal Pradesh,2022,3,Districts,tawang district,227319,792166236.4722389
Arunachal Pradesh,2022,3,Districts,west siang district,226269,609783068.319896
Arunachal Pradesh,2022,3,Districts,lower dibang valley district,160700,364943579.00771534
Arunachal Pradesh,2022,4,Districts,itanagar capital complex district,2282739,3882121650.9679074
Arunachal Pradesh,2022,4,Districts,papum pare district,731967,1184854106.6623116
Arunachal Pradesh,2022,4,Districts,west kameng district,723152,1513297958.0536785
Arunachal Pradesh,2022,4,Districts,east siang district,561824,1031195573.1596172
Arunachal Pradesh,2022,4,Districts,namsai district,390698,682177064.2050116
Arunachal Pradesh,2022,4,Districts,changlang district,381458,786740695.1990682
Arunachal Pradesh,2022,4,Districts,lohit district,349855,538877193.4595164
Arunachal Pradesh,2022,4,Districts,west siang district,293382,690486431.9112585
Arunachal Pradesh,2022,4,Districts,tawang district,256856,791399174.9507012
Arunachal Pradesh,2022,4,Districts,lower dibang valley district,194199,412008408.9479289
Arunachal Pradesh,2023,1,Districts,itanagar capital complex district,2565021,4532814507.749395
Arunachal Pradesh,2023,1,Districts,papum pare district,840988,1420243461.1667817
Arunachal Pradesh,2023,1,Districts,west kameng district,743048,1549260422.1610782
Arunachal Pradesh,2023,1,Districts,east siang district,587460,1102071246.316925
Arunachal Pradesh,2023,1,Districts,changlang district,480065,1033462057.2758245
Arunachal Pradesh,2023,1,Districts,namsai district,434747,764400987.5515306
Arunachal Pradesh,2023,1,Districts,lohit district,397539,644290470.1312804
Arunachal Pradesh,2023,1,Districts,west siang district,344267,792416821.6185625
Arunachal Pradesh,2023,1,Districts,tawang district,254718,743517006.4903541
Arunachal Pradesh,2023,1,Districts,lower dibang valley district,232076,470152705.01280314
Arunachal Pradesh,2023,2,Districts,itanagar capital complex district,3324727,5537347723.331482
Arunachal Pradesh,2023,2,Districts,papum pare district,1070283,1699261915.8242807
Arunachal Pradesh,2023,2,Districts,west kameng district,979155,1973844928.3857076
Arunachal Pradesh,2023,2,Districts,east siang district,760305,1313541783.247522
Arunachal Pradesh,2023,2,Districts,changlang district,601032,1174485758.437242
Arunachal Pradesh,2023,2,Districts,namsai district,554174,923933258.4073675
Arunachal Pradesh,2023,2,Districts,west siang district,489787,1011718964.9438372
Arunachal Pradesh,2023,2,Districts,lohit district,485077,703933178.4784558
Arunachal Pradesh,2023,2,Districts,tawang district,363898,1032156625.9951202
Arunachal Pradesh,2023,2,Districts,lower dibang valley district,295817,567395794.9912686
Arunachal Pradesh,2023,3,Districts,itanagar capital complex district,4182394,5855077337.142167
Arunachal Pradesh,2023,3,Districts,papum pare district,1301119,1768174470.7534447
Arunachal Pradesh,2023,3,Districts,west kameng district,1150518,2099322002.4197292
Arunachal Pradesh,2023,3,Districts,east siang district,883745,1380613647.5556083
Arunachal Pradesh,2023,3,Districts,changlang district,679255,1125757069.5692415
Arunachal Pradesh,2023,3,Districts,namsai district,634502,973109230.61345
Arunachal Pradesh,2023,3,Districts,west siang district,587961,1070526375.6186193
Arunachal Pradesh,2023,3,Districts,lohit district,559391,738574206.2285521
Arunachal Pradesh,2023,3,Districts,tawang district,442920,1237307154.1246338
Arunachal Pradesh,2023,3,Districts,lower subansiri district,367275,629754559.2038403
Arunachal Pradesh,2023,4,Districts,itanagar capital complex district,4564117,6476161312.327942
Arunachal Pradesh,2023,4,Districts,papum pare district,1451433,1969933369.6903625
Arunachal Pradesh,2023,4,Districts,west kameng district,1322119,2359578782.9870877
Arunachal Pradesh,2023,4,Districts,east siang district,1016208,1579081147.5806031
Arunachal Pradesh,2023,4,Districts,changlang district,768301,1327067884.2410376
Arunachal Pradesh,2023,4,Districts,west siang district,722702,1301631859.7146528
Arunachal Pradesh,2023,4,Districts,namsai district,710237,1142531021.109304
Arunachal Pradesh,2023,4,Districts,lohit district,621657,834904147.5794749
Arunachal Pradesh,2023,4,Districts,tawang district,532104,1339375193.5356517
Arunachal Pradesh,2023,4,Districts,lower subansiri district,426574,735574983.5228958
Arunachal Pradesh,2024,1,Districts,itanagar capital complex district,5054573,7000932635.172012
Arunachal Pradesh,2024,1,Districts,papum pare district,1635366,2202010580.733007
Arunachal Pradesh,2024,1,Districts,west kameng district,1387894,2340728678.7464843
Arunachal Pradesh,2024,1,Districts,east siang district,1107179,1694902078.906534
Arunachal Pradesh,2024,1,Districts,changlang district,873362,1451463410.85788
Arunachal Pradesh,2024,1,Districts,west siang district,829382,1438587068.4414303
Arunachal Pradesh,2024,1,Districts,namsai district,794773,1223001074.391025
Arunachal Pradesh,2024,1,Districts,lohit district,672667,928444945.3879253
Arunachal Pradesh,2024,1,Districts,lower dibang valley district,493502,813033836.82499
Arunachal Pradesh,2024,1,Districts,tawang district,492079,1144888834.095129
Arunachal Pradesh,2024,2,Districts,itanagar capital complex district,5925713,7923539537.34142
Arunachal Pradesh,2024,2,Districts,papum pare district,1941133,2470942957.6805835
Arunachal Pradesh,2024,2,Districts,west kameng district,1694772,2755885536.5678773
Arunachal Pradesh,2024,2,Districts,east siang district,1341041,1975444817.7567542
Arunachal Pradesh,2024,2,Districts,west siang district,1011378,1721675467.0269783
Arunachal Pradesh,2024,2,Districts,changlang district,1007429,1517362483.0733752
Arunachal Pradesh,2024,2,Districts,namsai district,953387,1283346856.680035
Arunachal Pradesh,2024,2,Districts,lohit district,800980,1016808472.596271
Arunachal Pradesh,2024,2,Districts,tawang district,673546,1483496173.5689719
Arunachal Pradesh,2024,2,Districts,upper subansiri district,587033,1205795578.496308
Arunachal Pradesh,2024,3,Districts,itanagar capital complex district,7475850,8357235611.5745945
Arunachal Pradesh,2024,3,Districts,papum pare district,2361191,2472065895.132128
Arunachal Pradesh,2024,3,Districts,west kameng district,1976790,2937800617.017848
Arunachal Pradesh,2024,3,Districts,east siang district,1602729,2027279844.8040056
Arunachal Pradesh,2024,3,Districts,west siang district,1233205,1667551563.575763
Arunachal Pradesh,2024,3,Districts,namsai district,1182778,1412005088.135297
Arunachal Pradesh,2024,3,Districts,changlang district,1151307,1487247166.8925984
Arunachal Pradesh,2024,3,Districts,lohit district,933930,1072266145.6903939
Arunachal Pradesh,2024,3,Districts,tawang district,822050,1734016936.6787524
Arunachal Pradesh,2024,3,Districts,lower subansiri district,740999,970242951.1848541
Arunachal Pradesh,2024,4,Districts,itanagar capital complex district,7936470,8901495583.637169
Arunachal Pradesh,2024,4,Districts,papum pare district,2419032,2631127903.5689383
Arunachal Pradesh,2024,4,Districts,west kameng district,2065083,3140087764.9191327
Arunachal Pradesh,2024,4,Districts,east siang district,1807972,2267120520.7932386
Arunachal Pradesh,2024,4,Districts,west siang district,1416410,1934482935.3284361
Arunachal Pradesh,2024,4,Districts,namsai district,1333169,1650208960.2357817
Arunachal Pradesh,2024,4,Districts,changlang district,1275811,1733671714.3901598
Arunachal Pradesh,2024,4,Districts,lohit district,1024996,1231100033.8713405
Arunachal Pradesh,2024,4,Districts,tawang district,919164,1959080010.0749264
Arunachal Pradesh,2024,4,Districts,lower dibang valley district,784878,1032385998.8202348
Arunachal Pradesh,2025,1,Districts,itanagar capital complex district,8246307,9341011200.44318
Arunachal Pradesh,2025,1,Districts,papum pare district,2574928,2899345140.14014
Arunachal Pradesh,2025,1,Districts,west kameng district,2144225,2987457089.4951553
Arunachal Pradesh,2025,1,Districts,east siang district,1963188,2436616448.6234856
Arunachal Pradesh,2025,1,Districts,namsai district,1487847,1770830898.0219278
Arunachal Pradesh,2025,1,Districts,west siang district,1486604,1968505688.6744902
Arunachal Pradesh,2025,1,Districts,changlang district,1436097,1902758932.4867282
Arunachal Pradesh,2025,1,Districts,lohit district,1074170,1296180720.890257
Arunachal Pradesh,2025,1,Districts,lower dibang valley district,876800,1166457938.1690226
Arunachal Pradesh,2025,1,Districts,upper subansiri district,828169,1269567564.93883
Arunachal Pradesh,2025,2,Districts,itanagar capital complex district,9032092,10119888972.70604
Arunachal Pradesh,2025,2,Districts,papum pare district,2825280,3061879563.7567263
Arunachal Pradesh,2025,2,Districts,west kameng district,2491357,3422916392.1856174
Arunachal Pradesh,2025,2,Districts,east siang district,2131855,2499996735.7925425
Arunachal Pradesh,2025,2,Districts,west siang district,1671854,2143781556.7302167
Arunachal Pradesh,2025,2,Districts,namsai district,1579770,1786201241.2924194
Arunachal Pradesh,2025,2,Districts,changlang district,1464248,1833433794.2339215
Arunachal Pradesh,2025,2,Districts,lohit district,1163477,1343741582.335018
Arunachal Pradesh,2025,2,Districts,tawang district,1113845,2105749227.0267067
Arunachal Pradesh,2025,2,Districts,lower dibang valley district,936754,1195482500.4259229
Arunachal Pradesh,2025,3,Districts,itanagar capital complex district,10520042,11008328471.119041
Arunachal Pradesh,2025,3,Districts,papum pare district,3236534,3262261912.8991237
Arunachal Pradesh,2025,3,Districts,west kameng district,2867050,3824945384.1957836
Arunachal Pradesh,2025,3,Districts,east siang district,2485403,2717693070.6666694
Arunachal Pradesh,2025,3,Districts,west siang district,1882799,2257973050.616144
Arunachal Pradesh,2025,3,Districts,namsai district,1810638,1869600879.0693154
Arunachal Pradesh,2025,3,Districts,changlang district,1629467,1854024155.7642345
Arunachal Pradesh,2025,3,Districts,lohit district,1341433,1444593660.8703449
Arunachal Pradesh,2025,3,Districts,tawang district,1291858,2392812650.961808
Arunachal Pradesh,2025,3,Districts,lower subansiri district,1091778,1268058348.0039928
Arunachal Pradesh,2025,4,Districts,itanagar capital complex district,10063605,10860449979.015614
Arunachal Pradesh,2025,4,Districts,papum pare district,3167079,3336567744.9577513
Arunachal Pradesh,2025,4,Districts,west kameng district,2890864,3944839772.1515193
Arunachal Pradesh,2025,4,Districts,east siang district,2503709,2761554833.3265114
Arunachal Pradesh,2025,4,Districts,west siang district,1896024,2403104212.9323564
Arunachal Pradesh,2025,4,Districts,namsai district,1763826,1918868010.992468
Arunachal Pradesh,2025,4,Districts,changlang district,1714886,2094886320.8767633
Arunachal Pradesh,2025,4,Districts,tawang district,1346709,2561392862.00998
Arunachal Pradesh,2025,4,Districts,lohit district,1326505,1444549908.0025392
Arunachal Pradesh,2025,4,Districts,upper subansiri district,1121571,1722260664.476217
Arunachal Pradesh,2026,1,Districts,itanagar capital complex district,10396670,11439887001.345364
Arunachal Pradesh,2026,1,Districts,papum pare district,3237657,3677992525.3720083
Arunachal Pradesh,2026,1,Districts,west kameng district,2731722,3609551312.935191
Arunachal Pradesh,2026,1,Districts,east siang district,2478078,2785927427.122507
Arunachal Pradesh,2026,1,Districts,west siang district,1876394,2411115365.641524
Arunachal Pradesh,2026,1,Districts,namsai district,1836115,2061920297.0453074
Arunachal Pradesh,2026,1,Districts,changlang district,1753962,2129947562.3316934
Arunachal Pradesh,2026,1,Districts,lohit district,1400144,1654532768.4532921
Arunachal Pradesh,2026,1,Districts,lower dibang valley district,1139528,1394931185.7008874
Arunachal Pradesh,2026,1,Districts,tawang district,1133263,2104205046.747016
Arunachal Pradesh,2026,2,Districts,itanagar capital complex district,11925439,12990219734.28034
Arunachal Pradesh,2026,2,Districts,papum pare district,3663025,3937389799.696656
Arunachal Pradesh,2026,2,Districts,west kameng district,3063367,4014888614.371666
Arunachal Pradesh,2026,2,Districts,east siang district,2793491,3013539459.009072
Arunachal Pradesh,2026,2,Districts,west siang district,2057515,2468223924.85897
Arunachal Pradesh,2026,2,Districts,namsai district,1998330,2171403863.594589
Arunachal Pradesh,2026,2,Districts,changlang district,1881575,2171780706.7298155
Arunachal Pradesh,2026,2,Districts,lohit district,1510531,1623625514.1184323
Arunachal Pradesh,2026,2,Districts,tawang district,1396678,2554193104.784104
Arunachal Pradesh,2026,2,Districts,lower dibang valley district,1257423,1410648740.3031263
Assam,2018,1,Districts,kamrup metropolitan district,217801,324954903.5354565
Assam,2018,1,Districts,morigaon district,95235,127955818.57874253
Assam,2018,1,Districts,nagaon district,73496,63873542.17309883
Assam,2018,1,Districts,cachar district,68896,67226661.3546213
Assam,2018,1,Districts,kamrup district,66181,55303407.88157135
Assam,2018,1,Districts,barpeta district,63239,57602913.02878532
Assam,2018,1,Districts,sonitpur district,61354,84562266.2171795
Assam,2018,1,Districts,dibrugarh district,54728,64327715.25542332
Assam,2018,1,Districts,tinsukia district,52768,57273393.463505045
Assam,2018,1,Districts,jorhat district,41647,49743037.80604735
Assam,2018,2,Districts,kamrup metropolitan district,351389,611791750.2591662
Assam,2018,2,Districts,morigaon district,128672,243879024.57789168
Assam,2018,2,Districts,nagaon district,115963,144907863.79043627
Assam,2018,2,Districts,cachar district,101754,122397790.85300526
Assam,2018,2,Districts,kamrup district,99895,108137955.30890429
Assam,2018,2,Districts,barpeta district,98256,110821455.69995452
Assam,2018,2,Districts,sonitpur district,95073,172589971.71214813
Assam,2018,2,Districts,dibrugarh district,84348,129850843.3621825
Assam,2018,2,Districts,tinsukia district,83256,122179678.43339202
Assam,2018,2,Districts,jorhat district,66201,84552613.76632205
Assam,2018,3,Districts,kamrup metropolitan district,494917,950473151.4490535
Assam,2018,3,Districts,kamrup district,145739,190048083.76914626
Assam,2018,3,Districts,nagaon district,145682,224905731.51288253
Assam,2018,3,Districts,cachar district,144777,215737894.1625381
Assam,2018,3,Districts,barpeta district,139668,226763701.97476795
Assam,2018,3,Districts,sonitpur district,130287,281058553.9059649
Assam,2018,3,Districts,morigaon district,117846,220021240.0592431
Assam,2018,3,Districts,dibrugarh district,115716,196993653.34030074
Assam,2018,3,Districts,tinsukia district,112454,184878716.98240408
Assam,2018,3,Districts,jorhat district,97029,139189938.92465514
Assam,2018,4,Districts,kamrup metropolitan district,754552,1458818203.1797493
Assam,2018,4,Districts,nagaon district,380462,332328554.9583739
Assam,2018,4,Districts,barpeta district,221592,346449184.9809542
Assam,2018,4,Districts,kamrup district,213749,297133024.95754486
Assam,2018,4,Districts,cachar district,211521,308511352.1753613
Assam,2018,4,Districts,morigaon district,209655,244945692.33751786
Assam,2018,4,Districts,sonitpur district,190280,399045690.2968812
Assam,2018,4,Districts,dibrugarh district,174384,300217902.1748884
Assam,2018,4,Districts,tinsukia district,160420,300152242.5511896
Assam,2018,4,Districts,dhubri district,145794,227380656.11003
Assam,2019,1,Districts,kamrup metropolitan district,983320,1864315618.830114
Assam,2019,1,Districts,nagaon district,283603,424955995.11066556
Assam,2019,1,Districts,kamrup district,276892,428975370.9567844
Assam,2019,1,Districts,barpeta district,267454,431876293.1627862
Assam,2019,1,Districts,cachar district,251773,401309130.9121816
Assam,2019,1,Districts,sonitpur district,232033,475163186.61032915
Assam,2019,1,Districts,dibrugarh district,219910,371629312.20740443
Assam,2019,1,Districts,tinsukia district,188754,366210963.8062555
Assam,2019,1,Districts,morigaon district,187329,280018984.05222684
Assam,2019,1,Districts,dhubri district,171795,244983317.78790927
Assam,2019,2,Districts,kamrup metropolitan district,1215010,2400820676.0297785
Assam,2019,2,Districts,nagaon district,301447,534929438.9156895
Assam,2019,2,Districts,kamrup district,285344,512417331.16088593
Assam,2019,2,Districts,barpeta district,277574,558725483.9976833
Assam,2019,2,Districts,sonitpur district,268546,603882588.5225457
Assam,2019,2,Districts,cachar district,261458,466524749.5638349
Assam,2019,2,Districts,dibrugarh district,243662,491091615.5226115
Assam,2019,2,Districts,tinsukia district,226943,473803816.0638687
Assam,2019,2,Districts,jorhat district,191624,325662720.4226071
Assam,2019,2,Districts,morigaon district,187650,345815233.6251057
Assam,2019,3,Districts,kamrup metropolitan district,1495271,2978877183.450117
Assam,2019,3,Districts,sonitpur district,299273,715464906.0523266
Assam,2019,3,Districts,cachar district,299006,586607381.3047875
Assam,2019,3,Districts,kamrup district,293544,581645374.151334
Assam,2019,3,Districts,nagaon district,288792,623064949.3313307
Assam,2019,3,Districts,dibrugarh district,271834,577314370.9217813
Assam,2019,3,Districts,barpeta district,264575,597409578.7154056
Assam,2019,3,Districts,tinsukia district,242548,513759926.9270556
Assam,2019,3,Districts,jorhat district,205420,378832978.372008
Assam,2019,3,Districts,dhubri district,157546,378712022.18428844
Assam,2019,4,Districts,kamrup metropolitan district,1670675,3406314179.0576305
Assam,2019,4,Districts,sonitpur district,351518,816401349.8802651
Assam,2019,4,Districts,cachar district,340992,661243657.3435091
Assam,2019,4,Districts,kamrup district,334380,696161402.9222938
Assam,2019,4,Districts,nagaon district,327125,696002567.4271936
Assam,2019,4,Districts,dibrugarh district,305813,633389469.6083802
Assam,2019,4,Districts,barpeta district,298215,710318309.3257626
Assam,2019,4,Districts,tinsukia district,279514,607662175.9833529
Assam,2019,4,Districts,jorhat district,229175,424637178.20979977
Assam,2019,4,Districts,dhubri district,184617,456205727.77329123
Assam,2020,1,Districts,kamrup metropolitan district,1995221,4091845998.807703
Assam,2020,1,Districts,cachar district,470952,920902783.347577
Assam,2020,1,Districts,sonitpur district,448131,1002327544.6051612
Assam,2020,1,Districts,kamrup district,429407,917110072.2973684
Assam,2020,1,Districts,nagaon district,403055,928476571.7411519
Assam,2020,1,Districts,barpeta district,373906,975903456.8076602
Assam,2020,1,Districts,dibrugarh district,373715,779636891.4230686
Assam,2020,1,Districts,tinsukia district,354690,775917065.1183394
Assam,2020,1,Districts,jorhat district,285987,520155539.96742594
Assam,2020,1,Districts,dhubri district,235193,632600680.564049
Assam,2020,2,Districts,kamrup metropolitan district,1625900,3201931076.11068
Assam,2020,2,Districts,kamrup district,587077,1005154109.8076909
Assam,2020,2,Districts,sonitpur district,565474,1121342670.9723115
Assam,2020,2,Districts,nagaon district,554295,1064218111.7571081
Assam,2020,2,Districts,cachar district,533555,893224548.7226975
Assam,2020,2,Districts,barpeta district,508828,1097486657.8063786
Assam,2020,2,Districts,tinsukia district,506422,842931631.532357
Assam,2020,2,Districts,dibrugarh district,504486,846202659.2377031
Assam,2020,2,Districts,dhubri district,368099,737997058.2459524
Assam,2020,2,Districts,jorhat district,365649,546014519.0684528
Assam,2020,3,Districts,kamrup metropolitan district,2021707,4497277496.768825
Assam,2020,3,Districts,sonitpur district,633615,1489349408.4951432
Assam,2020,3,Districts,cachar district,607066,1232232152.1125512
Assam,2020,3,Districts,kamrup district,590358,1273938700.5312767
Assam,2020,3,Districts,nagaon district,590109,1361438170.4386306
Assam,2020,3,Districts,barpeta district,574543,1492650131.2337487
Assam,2020,3,Districts,dibrugarh district,566455,1180603469.4692895
Assam,2020,3,Districts,tinsukia district,555385,1171116512.274015
Assam,2020,3,Districts,jorhat district,390104,734735630.8248099
Assam,2020,3,Districts,dhubri district,362419,889618487.18085
Assam,2020,4,Districts,kamrup metropolitan district,3100271,7170893507.945477
Assam,2020,4,Districts,sonitpur district,746494,1783890529.8566396
Assam,2020,4,Districts,cachar district,731339,1735454327.7026052
Assam,2020,4,Districts,barpeta district,703890,2087231091.367288
Assam,2020,4,Districts,kamrup district,700741,1665828583.9602594
Assam,2020,4,Districts,nagaon district,688742,1759904133.224171
Assam,2020,4,Districts,dibrugarh district,659266,1515387898.844875
Assam,2020,4,Districts,tinsukia district,644862,1510710502.8673599
Assam,2020,4,Districts,jorhat district,469738,995302403.7507193
Assam,2020,4,Districts,dhubri district,441319,1230712671.346755
Assam,2021,1,Districts,kamrup metropolitan district,3938998,8875429838.818808
Assam,2021,1,Districts,barpeta district,864450,2627034257.773058
Assam,2021,1,Districts,sonitpur district,847495,2102670035.6847284
Assam,2021,1,Districts,cachar district,822781,2067472162.3747556
Assam,2021,1,Districts,kamrup district,814723,2091913337.179629
Assam,2021,1,Districts,nagaon district,796386,2302202931.7645516
Assam,2021,1,Districts,dibrugarh district,709470,1699214617.86979
Assam,2021,1,Districts,tinsukia district,661955,1580452185.0060697
Assam,2021,1,Districts,dhubri district,574865,1676383443.7019196
Assam,2021,1,Districts,jorhat district,527940,1138715386.67241
Assam,2021,2,Districts,kamrup metropolitan district,4194369,8693275605.945456
Assam,2021,2,Districts,barpeta district,1301800,3398522871.5050907
Assam,2021,2,Districts,nagaon district,1126397,2818522182.3922634
Assam,2021,2,Districts,kamrup district,1126084,2507323615.1726403
Assam,2021,2,Districts,sonitpur district,1119241,2464878204.091816
Assam,2021,2,Districts,cachar district,1038005,2272198634.027807
Assam,2021,2,Districts,dibrugarh district,913177,1979897432.2746007
Assam,2021,2,Districts,dhubri district,903962,2299713912.3685255
Assam,2021,2,Districts,tinsukia district,879135,1862091240.69971
Assam,2021,2,Districts,goalpara district,743737,1956236761.8775134
Assam,2021,3,Districts,kamrup metropolitan district,5816653,11881907016.794575
Assam,2021,3,Districts,barpeta district,1685806,3990338739.0144796
Assam,2021,3,Districts,kamrup district,1455026,3113215019.269863
Assam,2021,3,Districts,cachar district,1386690,3048488831.668229
Assam,2021,3,Districts,nagaon district,1373697,3253620684.612756
Assam,2021,3,Districts,sonitpur district,1347799,2990144714.112318
Assam,2021,3,Districts,dibrugarh district,1121202,2420512828.013323
Assam,2021,3,Districts,dhubri district,1109584,2704130308.8787317
Assam,2021,3,Districts,tinsukia district,1049666,2259188010.376798
Assam,2021,3,Districts,goalpara district,881329,2282954470.617425
Assam,2021,4,Districts,kamrup metropolitan district,7524557,13976950421.04861
Assam,2021,4,Districts,barpeta district,2191089,5235973274.557902
Assam,2021,4,Districts,kamrup district,1748386,3717115445.7519608
Assam,2021,4,Districts,cachar district,1708993,3795875845.9822702
Assam,2021,4,Districts,sonitpur district,1628212,3342467693.9899416
Assam,2021,4,Districts,nagaon district,1620842,3969835122.991477
Assam,2021,4,Districts,dhubri district,1337169,3323207350.136528
Assam,2021,4,Districts,dibrugarh district,1292225,2612395354.6468887
Assam,2021,4,Districts,tinsukia district,1148010,2503918286.791497
Assam,2021,4,Districts,goalpara district,1088731,2948584365.323838
Assam,2022,1,Districts,kamrup metropolitan district,10538143,18464390647.682934
Assam,2022,1,Districts,barpeta district,3210367,8133544202.2862625
Assam,2022,1,Districts,kamrup district,2505167,5471987422.53147
Assam,2022,1,Districts,cachar district,2479608,5448203546.192126
Assam,2022,1,Districts,nagaon district,2280622,5753186411.356484
Assam,2022,1,Districts,sonitpur district,2271255,4433573575.596241
Assam,2022,1,Districts,dhubri district,1988145,5154297041.567516
Assam,2022,1,Districts,dibrugarh district,1728682,3257565883.5168977
Assam,2022,1,Districts,goalpara district,1700295,4677320832.864934
Assam,2022,1,Districts,darrang district,1617452,3507368719.623341
Assam,2022,2,Districts,kamrup metropolitan district,13662746,21696916307.29154
Assam,2022,2,Districts,barpeta district,4343509,9552266181.272255
Assam,2022,2,Districts,kamrup district,3144462,6095864748.257387
Assam,2022,2,Districts,nagaon district,2970484,6855338560.459428
Assam,2022,2,Districts,sonitpur district,2954938,5124792714.653286
Assam,2022,2,Districts,cachar district,2952199,5679454626.080808
Assam,2022,2,Districts,dhubri district,2770864,6151622898.93036
Assam,2022,2,Districts,darrang district,2439985,4186231645.6746902
Assam,2022,2,Districts,dibrugarh district,2218714,3843401675.8904266
Assam,2022,2,Districts,goalpara district,2189679,5358126423.830925
Assam,2022,3,Districts,kamrup metropolitan district,17917901,26125915771.919388
Assam,2022,3,Districts,barpeta district,5422240,10369022005.479986
Assam,2022,3,Districts,kamrup district,4062975,7332334196.941521
Assam,2022,3,Districts,cachar district,4060709,7488984157.506475
Assam,2022,3,Districts,dhubri district,3898617,7452483255.596293
Assam,2022,3,Districts,nagaon district,3853663,7913702765.564292
Assam,2022,3,Districts,sonitpur district,3740217,6069031942.024382
Assam,2022,3,Districts,goalpara district,2938555,6277115510.657375
Assam,2022,3,Districts,dibrugarh district,2924317,4588542929.291893
Assam,2022,3,Districts,darrang district,2887998,4827638899.09606
Assam,2022,4,Districts,kamrup metropolitan district,20275041,28450741658.702156
Assam,2022,4,Districts,barpeta district,6031919,12085303116.772367
Assam,2022,4,Districts,cachar district,4728097,8661599092.253284
Assam,2022,4,Districts,kamrup district,4677976,8303100131.414573
Assam,2022,4,Districts,dhubri district,4556738,8756832027.025774
Assam,2022,4,Districts,nagaon district,4448005,8936007352.193733
Assam,2022,4,Districts,sonitpur district,4195395,6472922889.703359
Assam,2022,4,Districts,goalpara district,3492049,7297845767.084624
Assam,2022,4,Districts,dibrugarh district,3354014,4986244465.591898
Assam,2022,4,Districts,darrang district,2994131,5902341417.593308
Assam,2023,1,Districts,kamrup metropolitan district,22937607,32119916727.30937
Assam,2023,1,Districts,barpeta district,7327413,15872357877.198616
Assam,2023,1,Districts,cachar district,5704322,10784427357.854914
Assam,2023,1,Districts,dhubri district,5540913,11550495090.555344
Assam,2023,1,Districts,nagaon district,5523975,11470838026.225086
Assam,2023,1,Districts,kamrup district,5474220,10343467442.672905
Assam,2023,1,Districts,sonitpur district,4825921,7507428608.850353
Assam,2023,1,Districts,goalpara district,4266345,9521473606.29188
Assam,2023,1,Districts,dibrugarh district,3732896,5513072243.601717
Assam,2023,1,Districts,darrang district,3662730,7169512808.230421
Assam,2023,2,Districts,kamrup metropolitan district,27532569,36009974287.55211
Assam,2023,2,Districts,barpeta district,9034127,17505573217.99118
Assam,2023,2,Districts,dhubri district,6891351,13277067071.803137
Assam,2023,2,Districts,nagaon district,6829534,13008362719.65818
Assam,2023,2,Districts,cachar district,6652158,11335462883.223633
Assam,2023,2,Districts,kamrup district,6637608,11378920121.958708
Assam,2023,2,Districts,sonitpur district,5719065,8492801388.097494
Assam,2023,2,Districts,goalpara district,5240755,10420273144.69123
Assam,2023,2,Districts,darrang district,4570030,7932638266.916724
Assam,2023,2,Districts,dibrugarh district,4479007,6233433134.658746
Assam,2023,3,Districts,kamrup metropolitan district,33008666,38692159357.19813
Assam,2023,3,Districts,barpeta district,10744160,16496044425.821945
Assam,2023,3,Districts,dhubri district,8697865,13446330967.134645
Assam,2023,3,Districts,cachar district,8172280,12462376891.723145
Assam,2023,3,Districts,nagaon district,8092973,13259742755.380737
Assam,2023,3,Districts,kamrup district,8033354,11886788582.666878
Assam,2023,3,Districts,sonitpur district,6747673,8893720750.87078
Assam,2023,3,Districts,goalpara district,6561377,10526735057.583103
Assam,2023,3,Districts,darrang district,5557388,8105609315.851554
Assam,2023,3,Districts,dibrugarh district,5254179,6753722354.299756
Assam,2023,4,Districts,kamrup metropolitan district,35439584,41933694683.834496
Assam,2023,4,Districts,barpeta district,13095572,20072195458.81791
Assam,2023,4,Districts,dhubri district,10995809,16640413494.071405
Assam,2023,4,Districts,nagaon district,9440583,15606896212.379957
Assam,2023,4,Districts,cachar district,9297087,14630865523.853897
Assam,2023,4,Districts,kamrup district,9261408,13807268822.641129
Assam,2023,4,Districts,goalpara district,8354873,13186604944.70307
Assam,2023,4,Districts,sonitpur district,7524002,10037893281.347904
Assam,2023,4,Districts,darrang district,6769259,10634266530.686237
Assam,2023,4,Districts,bongaigaon district,5936890,9167325861.697777
Assam,2024,1,Districts,kamrup metropolitan district,37112488,42883636619.922424
Assam,2024,1,Districts,barpeta district,16236966,24965246280.450134
Assam,2024,1,Districts,dhubri district,13764328,19986363440.59766
Assam,2024,1,Districts,nagaon district,11124402,17861199765.523205
Assam,2024,1,Districts,kamrup district,10887528,16294852124.161785
Assam,2024,1,Districts,cachar district,10563536,15912720343.410938
Assam,2024,1,Districts,goalpara district,10285001,16047458555.955301
Assam,2024,1,Districts,sonitpur district,8162321,10710538755.280294
Assam,2024,1,Districts,darrang district,8139127,12496171903.818117
Assam,2024,1,Districts,bongaigaon district,7388842,11234249515.936678
Assam,2024,2,Districts,kamrup metropolitan district,41777779,44674262169.89969
Assam,2024,2,Districts,barpeta district,20955000,27740702009.334812
Assam,2024,2,Districts,dhubri district,17366629,22368026181.771774
Assam,2024,2,Districts,nagaon district,14551455,19616168980.200745
Assam,2024,2,Districts,kamrup district,13354381,17587071284.666016
Assam,2024,2,Districts,goalpara district,12568682,17508953118.509037
Assam,2024,2,Districts,cachar district,12482905,16062305244.615705
Assam,2024,2,Districts,sonitpur district,10023004,11790279008.688456
Assam,2024,2,Districts,darrang district,9825701,13800287042.206663
Assam,2024,2,Districts,bongaigaon district,9703234,12713219424.428112
Assam,2024,3,Districts,kamrup metropolitan district,49319389,48490212571.60003
Assam,2024,3,Districts,barpeta district,20715964,23592168416.3456
Assam,2024,3,Districts,dhubri district,17436019,19912372306.830795
Assam,2024,3,Districts,nagaon district,15197135,18763170010.88704
Assam,2024,3,Districts,kamrup district,14368738,16450213081.05008
Assam,2024,3,Districts,cachar district,14291853,17042697470.099869
Assam,2024,3,Districts,goalpara district,12772745,15216379842.379063
Assam,2024,3,Districts,sonitpur district,11112719,11976285583.746283
Assam,2024,3,Districts,bongaigaon district,10016426,11076556384.160254
Assam,2024,3,Districts,hojai district,9583776,10866089006.251589
Assam,2024,4,Districts,kamrup metropolitan district,52747983,52358889749.90697
Assam,2024,4,Districts,barpeta district,23236510,27124863443.955936
Assam,2024,4,Districts,dhubri district,20767370,25255373530.55077
Assam,2024,4,Districts,nagaon district,16942707,21426686672.668755
Assam,2024,4,Districts,cachar district,16277356,19704074748.76838
Assam,2024,4,Districts,kamrup district,15975507,18440200629.429893
Assam,2024,4,Districts,goalpara district,14901909,18538504618.003593
Assam,2024,4,Districts,sonitpur district,12057044,12926104204.691782
Assam,2024,4,Districts,bongaigaon district,11247020,13110968391.289696
Assam,2024,4,Districts,hojai district,10823665,12393990787.473
Assam,2025,1,Districts,kamrup metropolitan district,60493238,59268085749.40654
Assam,2025,1,Districts,barpeta district,25750137,32827306524.9724
Assam,2025,1,Districts,dhubri district,22836207,31247864288.455086
Assam,2025,1,Districts,nagaon district,19639489,25623225275.785137
Assam,2025,1,Districts,cachar district,19031332,23498527352.441154
Assam,2025,1,Districts,kamrup district,18124100,21831971821.648407
Assam,2025,1,Districts,goalpara district,16616708,22582178002.79544
Assam,2025,1,Districts,sonitpur district,13678302,14446028497.222097
Assam,2025,1,Districts,hojai district,12431895,15121663114.348999
Assam,2025,1,Districts,bongaigaon district,12372578,15190799163.680576
Assam,2025,2,Districts,kamrup metropolitan district,60620631,56644162887.38018
Assam,2025,2,Districts,barpeta district,30110864,35160752950.06386
Assam,2025,2,Districts,dhubri district,26649724,31124230011.831684
Assam,2025,2,Districts,nagaon district,21275743,24691005438.35821
Assam,2025,2,Districts,kamrup district,19919455,21785611593.766876
Assam,2025,2,Districts,cachar district,19656893,21805266478.037712
Assam,2025,2,Districts,goalpara district,18767390,22368890548.85117
Assam,2025,2,Districts,bongaigaon district,14664480,16410840389.968775
Assam,2025,2,Districts,sonitpur district,14344938,14518989132.319687
Assam,2025,2,Districts,darrang district,14175662,16847168496.891718
Assam,2025,3,Districts,kamrup metropolitan district,70591091,62048056455.61805
Assam,2025,3,Districts,barpeta district,30983012,31774262631.993835
Assam,2025,3,Districts,dhubri district,27856131,30635692446.991962
Assam,2025,3,Districts,kamrup district,22552241,22265217789.54552
Assam,2025,3,Districts,nagaon district,22483036,23616262255.479073
Assam,2025,3,Districts,cachar district,21969385,22471289645.699764
Assam,2025,3,Districts,goalpara district,20865772,24191414310.991547
Assam,2025,3,Districts,sonitpur district,15728357,14750467189.55574
Assam,2025,3,Districts,bongaigaon district,15488775,14975969081.313427
Assam,2025,3,Districts,darrang district,15293595,15787340167.610619
Assam,2025,4,Districts,kamrup metropolitan district,72768891,64410896526.01015
Assam,2025,4,Districts,barpeta district,32141463,33755937160.097515
Assam,2025,4,Districts,dhubri district,28576424,29951463948.469494
Assam,2025,4,Districts,kamrup district,23715798,23209479952.223545
Assam,2025,4,Districts,nagaon district,23455097,25419235932.021862
Assam,2025,4,Districts,cachar district,23000099,24288031614.72126
Assam,2025,4,Districts,goalpara district,20998986,23279615215.16098
Assam,2025,4,Districts,darrang district,16642627,18522215380.038837
Assam,2025,4,Districts,sonitpur district,16429817,15492947537.428852
Assam,2025,4,Districts,bongaigaon district,16259834,16600684921.730497
Assam,2026,1,Districts,kamrup metropolitan district,73910832,67030929002.84261
Assam,2026,1,Districts,barpeta district,35069405,40143338138.60543
Assam,2026,1,Districts,dhubri district,30715562,33589901140.37864
Assam,2026,1,Districts,nagaon district,25961915,29611799541.508595
Assam,2026,1,Districts,kamrup district,25756656,26755288109.940258
Assam,2026,1,Districts,cachar district,24892848,26738859327.557808
Assam,2026,1,Districts,goalpara district,22229449,25463664748.54784
Assam,2026,1,Districts,darrang district,18611789,20594872730.39471
Assam,2026,1,Districts,bongaigaon district,17750586,19090316567.806904
Assam,2026,1,Districts,sonitpur district,17557864,16729146383.317625
Assam,2026,2,Districts,kamrup metropolitan district,79523271,68054016965.645294
Assam,2026,2,Districts,barpeta district,38736056,40039394467.52526
Assam,2026,2,Districts,dhubri district,33561698,32172625603.198586
Assam,2026,2,Districts,nagaon district,29307996,29584684211.675774
Assam,2026,2,Districts,kamrup district,28257339,26317059691.436287
Assam,2026,2,Districts,cachar district,26018006,25000437571.493942
Assam,2026,2,Districts,goalpara district,23737889,24413062110.479614
Assam,2026,2,Districts,darrang district,21610773,22799514027.28425
Assam,2026,2,Districts,bongaigaon district,20085153,19750217442.44181
Assam,2026,2,Districts,hojai district,19368667,18498314601.66706
Bihar,2018,1,Districts,patna district,1406093,1470310724.2879992
Bihar,2018,1,Districts,muzaffarpur district,491579,491727960.77962416
Bihar,2018,1,Districts,purbi champaran district,325438,327056839.91252404
Bihar,2018,1,Districts,gaya district,293472,278592368.63823724
Bihar,2018,1,Districts,samastipur district,278986,261000180.8909554
Bihar,2018,1,Districts,darbhanga district,275532,276461071.7924746
Bihar,2018,1,Districts,pashchim champaran district,271616,285587330.7097072
Bihar,2018,1,Districts,nalanda district,260043,230125827.4544379
Bihar,2018,1,Districts,rohtas district,256744,223924539.70812336
Bihar,2018,1,Districts,vaishali district,254861,260827909.24268422
Bihar,2018,2,Districts,patna district,1906865,2657275779.1803875
Bihar,2018,2,Districts,muzaffarpur district,675438,1020523685.2299334
Bihar,2018,2,Districts,purbi champaran district,458712,783150211.8408778
Bihar,2018,2,Districts,darbhanga district,396505,682353974.3255823
Bihar,2018,2,Districts,gaya district,393308,521108131.50568295
Bihar,2018,2,Districts,samastipur district,386059,596709576.7229218
Bihar,2018,2,Districts,vaishali district,383392,561446200.4790059
Bihar,2018,2,Districts,nalanda district,368439,430992900.0896975
Bihar,2018,2,Districts,pashchim champaran district,368327,634932379.3535037
Bihar,2018,2,Districts,madhubani district,355794,667617533.7521923
Bihar,2018,3,Districts,patna district,3716422,4344872577.400948
Bihar,2018,3,Districts,muzaffarpur district,1105429,1484468409.2707088
Bihar,2018,3,Districts,gaya district,1046315,1031104302.9376783
Bihar,2018,3,Districts,nalanda district,1013375,884400325.8744271
Bihar,2018,3,Districts,rohtas district,806292,773818806.1015769
Bihar,2018,3,Districts,purbi champaran district,642627,1074493551.2004564
Bihar,2018,3,Districts,vaishali district,497000,762852626.2079556
Bihar,2018,3,Districts,pashchim champaran district,494765,889038161.5791936
Bihar,2018,3,Districts,darbhanga district,486444,884079992.3989127
Bihar,2018,3,Districts,bhagalpur district,483545,657282115.3250929
Bihar,2018,4,Districts,patna district,3606427,5453537166.160587
Bihar,2018,4,Districts,muzaffarpur district,1046812,1976055642.1410809
Bihar,2018,4,Districts,purbi champaran district,873825,1696432595.3035467
Bihar,2018,4,Districts,gaya district,826238,1241820853.7837017
Bihar,2018,4,Districts,nalanda district,740933,958900396.9144661
Bihar,2018,4,Districts,pashchim champaran district,682934,1384718493.482853
Bihar,2018,4,Districts,rohtas district,636318,946405367.110287
Bihar,2018,4,Districts,samastipur district,625821,1170182765.5228744
Bihar,2018,4,Districts,vaishali district,614719,1113631294.1889007
Bihar,2018,4,Districts,darbhanga district,614397,1313390324.372139
Bihar,2019,1,Districts,patna district,5935801,7428612200.348576
Bihar,2019,1,Districts,muzaffarpur district,1541123,2518931287.3868957
Bihar,2019,1,Districts,purbi champaran district,1329117,2300110175.3988967
Bihar,2019,1,Districts,gaya district,1242802,1757615685.5497222
Bihar,2019,1,Districts,pashchim champaran district,1145734,1975448482.879892
Bihar,2019,1,Districts,nalanda district,1140755,1290752132.3365567
Bihar,2019,1,Districts,rohtas district,1085635,1355642081.976174
Bihar,2019,1,Districts,samastipur district,971996,1511831967.0659492
Bihar,2019,1,Districts,darbhanga district,930717,1756793787.9107924
Bihar,2019,1,Districts,vaishali district,926279,1445796049.222236
Bihar,2019,2,Districts,patna district,5800956,9686357799.182837
Bihar,2019,2,Districts,muzaffarpur district,1697811,3640343127.7411256
Bihar,2019,2,Districts,purbi champaran district,1369722,3155294458.1762166
Bihar,2019,2,Districts,gaya district,1268186,2323257207.552431
Bihar,2019,2,Districts,pashchim champaran district,1086381,2544994270.1622033
Bihar,2019,2,Districts,darbhanga district,1022123,2508725421.4405336
Bihar,2019,2,Districts,vaishali district,1017589,2132324267.302507
Bihar,2019,2,Districts,madhubani district,993026,2581157622.7698355
Bihar,2019,2,Districts,nalanda district,977837,1694434060.1002636
Bihar,2019,2,Districts,saran district,960510,2149911810.932782
Bihar,2019,3,Districts,patna district,6322759,10849342454.570486
Bihar,2019,3,Districts,muzaffarpur district,1840687,3860799180.0209394
Bihar,2019,3,Districts,gaya district,1589707,2554592892.0212216
Bihar,2019,3,Districts,purbi champaran district,1318335,3349601743.3551235
Bihar,2019,3,Districts,vaishali district,1070864,2209124415.0458765
Bihar,2019,3,Districts,pashchim champaran district,1005795,2549779167.4468393
Bihar,2019,3,Districts,darbhanga district,998991,2603164346.0191298
Bihar,2019,3,Districts,saran district,979239,2095731524.8688881
Bihar,2019,3,Districts,samastipur district,922855,2126804300.3862062
Bihar,2019,3,Districts,madhubani district,920157,2548197513.6560106
Bihar,2019,4,Districts,patna district,7654619,12994572267.56249
Bihar,2019,4,Districts,muzaffarpur district,2302589,5340729446.761772
Bihar,2019,4,Districts,gaya district,2053795,3359842016.5390825
Bihar,2019,4,Districts,nalanda district,1877584,2438715802.348725
Bihar,2019,4,Districts,purbi champaran district,1859823,4775187986.440245
Bihar,2019,4,Districts,rohtas district,1487336,2478160015.4998465
Bihar,2019,4,Districts,pashchim champaran district,1431406,3754553134.2827396
Bihar,2019,4,Districts,vaishali district,1418657,3204057577.7106543
Bihar,2019,4,Districts,saran district,1333739,3183239921.778747
Bihar,2019,4,Districts,darbhanga district,1329617,3518499368.2734895
Bihar,2020,1,Districts,patna district,7698302,14931431412.801561
Bihar,2020,1,Districts,muzaffarpur district,2597410,6393031018.856172
Bihar,2020,1,Districts,purbi champaran district,2169582,5777252438.069397
Bihar,2020,1,Districts,gaya district,1953228,4186710447.0144243
Bihar,2020,1,Districts,pashchim champaran district,1719850,4754041192.253891
Bihar,2020,1,Districts,darbhanga district,1594011,4194414542.594071
Bihar,2020,1,Districts,madhubani district,1592810,4539360109.505325
Bihar,2020,1,Districts,vaishali district,1518909,3654841870.8811684
Bihar,2020,1,Districts,saran district,1500723,3645311960.0036125
Bihar,2020,1,Districts,samastipur district,1461622,3705118581.1852407
Bihar,2020,2,Districts,patna district,6020197,12505709474.09396
Bihar,2020,2,Districts,muzaffarpur district,3023510,7129715762.103943
Bihar,2020,2,Districts,purbi champaran district,2960081,7409199999.5797
Bihar,2020,2,Districts,gaya district,2439378,5529754404.312632
Bihar,2020,2,Districts,pashchim champaran district,2364008,6073173393.420146
Bihar,2020,2,Districts,madhubani district,2207209,5591112694.0830765
Bihar,2020,2,Districts,darbhanga district,2018787,5128899516.167271
Bihar,2020,2,Districts,saran district,1982743,4483649082.479315
Bihar,2020,2,Districts,vaishali district,1880150,4323014546.673611
Bihar,2020,2,Districts,samastipur district,1876982,4717394237.006784
Bihar,2020,3,Districts,patna district,9135806,19796941629.32115
Bihar,2020,3,Districts,muzaffarpur district,4266796,10352532095.819399
Bihar,2020,3,Districts,purbi champaran district,3923336,9645609180.440617
Bihar,2020,3,Districts,gaya district,3260327,7314373356.78092
Bihar,2020,3,Districts,madhubani district,3065360,7449238538.028477
Bihar,2020,3,Districts,pashchim champaran district,2901148,7037254525.235239
Bihar,2020,3,Districts,darbhanga district,2810472,6984451344.945797
Bihar,2020,3,Districts,saran district,2708206,6443496915.228614
Bihar,2020,3,Districts,vaishali district,2635288,6202281724.856614
Bihar,2020,3,Districts,samastipur district,2514269,6217678143.826032
Bihar,2020,4,Districts,patna district,13383157,28346949395.536034
Bihar,2020,4,Districts,muzaffarpur district,5726886,14197128291.338484
Bihar,2020,4,Districts,purbi champaran district,5149726,13666255555.895346
Bihar,2020,4,Districts,gaya district,4347461,9664211352.175602
Bihar,2020,4,Districts,madhubani district,4015120,10077586752.232813
Bihar,2020,4,Districts,saran district,3804154,9621373447.961311
Bihar,2020,4,Districts,darbhanga district,3803012,9492588795.985718
Bihar,2020,4,Districts,pashchim champaran district,3769638,9599549964.900639
Bihar,2020,4,Districts,siwan district,3412200,8477165805.090626
Bihar,2020,4,Districts,samastipur district,3406801,8601170535.183935
Bihar,2021,1,Districts,patna district,16583827,33175068653.224945
Bihar,2021,1,Districts,muzaffarpur district,6432395,15994699332.75087
Bihar,2021,1,Districts,purbi champaran district,5902179,15619562536.431717
Bihar,2021,1,Districts,gaya district,5049974,11741419717.081272
Bihar,2021,1,Districts,pashchim champaran district,4466900,11610237243.041206
Bihar,2021,1,Districts,madhubani district,4354542,11617276465.662504
Bihar,2021,1,Districts,darbhanga district,4334251,11107395871.849804
Bihar,2021,1,Districts,saran district,4076478,9855296205.339447
Bihar,2021,1,Districts,samastipur district,3775446,9595435995.09676
Bihar,2021,1,Districts,vaishali district,3695355,9006293190.10727
Bihar,2021,2,Districts,patna district,16937965,36369374824.610916
Bihar,2021,2,Districts,purbi champaran district,8812290,21591029581.257572
Bihar,2021,2,Districts,muzaffarpur district,8642373,21206014413.153652
Bihar,2021,2,Districts,gaya district,6575177,15458343513.59448
Bihar,2021,2,Districts,madhubani district,6529853,15772275771.280191
Bihar,2021,2,Districts,pashchim champaran district,6362841,14849052606.741861
Bihar,2021,2,Districts,saran district,6159209,14782345747.25801
Bihar,2021,2,Districts,darbhanga district,6157658,14966797977.19925
Bihar,2021,2,Districts,siwan district,5649478,13524006790.821247
Bihar,2021,2,Districts,samastipur district,5545063,13250938950.237774
Bihar,2021,3,Districts,patna district,26179379,47693188200.72766
Bihar,2021,3,Districts,muzaffarpur district,10497668,22977870519.09333
Bihar,2021,3,Districts,purbi champaran district,10387493,22839734803.677444
Bihar,2021,3,Districts,gaya district,8127700,16773400854.752449
Bihar,2021,3,Districts,pashchim champaran district,7576014,15752438870.342785
Bihar,2021,3,Districts,darbhanga district,7390523,15682876872.764547
Bihar,2021,3,Districts,madhubani district,7203708,15304970974.809772
Bihar,2021,3,Districts,saran district,6804997,14339727614.23521
Bihar,2021,3,Districts,samastipur district,6488177,14086921531.00683
Bihar,2021,3,Districts,siwan district,6401787,13440615685.107512
Bihar,2021,4,Districts,patna district,28002617,51721957022.30984
Bihar,2021,4,Districts,muzaffarpur district,11943393,26573093843.775257
Bihar,2021,4,Districts,purbi champaran district,11940331,26541248844.05393
Bihar,2021,4,Districts,gaya district,9123687,19132793181.373436
Bihar,2021,4,Districts,pashchim champaran district,8854984,18535981328.982296
Bihar,2021,4,Districts,madhubani district,8489165,17841275199.793365
Bihar,2021,4,Districts,darbhanga district,8359314,17476529358.619797
Bihar,2021,4,Districts,saran district,7976404,17787644277.580082
Bihar,2021,4,Districts,siwan district,7608669,16718787514.289227
Bihar,2021,4,Districts,samastipur district,7460907,15870888744.758186
Bihar,2022,1,Districts,patna district,35895404,66932019765.904434
Bihar,2022,1,Districts,purbi champaran district,16012278,35170787262.26678
Bihar,2022,1,Districts,muzaffarpur district,15385174,34368827537.61845
Bihar,2022,1,Districts,pashchim champaran district,12179723,25798395302.91573
Bihar,2022,1,Districts,gaya district,12082179,26957228043.89377
Bihar,2022,1,Districts,madhubani district,10840294,23413490440.3145
Bihar,2022,1,Districts,darbhanga district,10802866,22594523105.610733
Bihar,2022,1,Districts,saran district,9997736,21855010567.847088
Bihar,2022,1,Districts,samastipur district,9595994,20390311604.279007
Bihar,2022,1,Districts,siwan district,9533384,20522140402.898743
Bihar,2022,2,Districts,patna district,47089063,82470226851.53381
Bihar,2022,2,Districts,purbi champaran district,19912929,41590549734.16091
Bihar,2022,2,Districts,muzaffarpur district,19160199,42172517922.05261
Bihar,2022,2,Districts,gaya district,14703031,32352101829.058414
Bihar,2022,2,Districts,pashchim champaran district,14030049,28081428595.080772
Bihar,2022,2,Districts,darbhanga district,13526519,27995802000.526974
Bihar,2022,2,Districts,madhubani district,13457021,28479068824.423786
Bihar,2022,2,Districts,saran district,12869306,27445023556.697483
Bihar,2022,2,Districts,siwan district,12113083,25229768444.990646
Bihar,2022,2,Districts,samastipur district,12036283,25322708358.61705
Bihar,2022,3,Districts,patna district,56658082,89838830529.39545
Bihar,2022,3,Districts,purbi champaran district,22675297,41797887490.57007
Bihar,2022,3,Districts,muzaffarpur district,21716208,42581008441.855965
Bihar,2022,3,Districts,gaya district,16896613,33884874516.374725
Bihar,2022,3,Districts,pashchim champaran district,16433406,28994655228.665356
Bihar,2022,3,Districts,darbhanga district,15073895,27786462728.65152
Bihar,2022,3,Districts,madhubani district,14296776,26865412011.682274
Bihar,2022,3,Districts,purnea district,13781308,25891280142.689133
Bihar,2022,3,Districts,saran district,13767610,26578057853.098957
Bihar,2022,3,Districts,samastipur district,13597409,26306865253.92771
Bihar,2022,4,Districts,patna district,61249502,97802929350.77107
Bihar,2022,4,Districts,purbi champaran district,28084473,51468825385.32093
Bihar,2022,4,Districts,muzaffarpur district,26164885,50625022792.65424
Bihar,2022,4,Districts,pashchim champaran district,20581020,35764947434.682816
Bihar,2022,4,Districts,gaya district,20085463,39220910075.81438
Bihar,2022,4,Districts,darbhanga district,17909058,32145639554.401314
Bihar,2022,4,Districts,madhubani district,17866233,32467499627.83324
Bihar,2022,4,Districts,saran district,17593600,33179365606.366814
Bihar,2022,4,Districts,samastipur district,16700605,31328385131.904274
Bihar,2022,4,Districts,purnea district,16005326,29553161737.894756
Bihar,2023,1,Districts,patna district,70092369,113064352198.60664
Bihar,2023,1,Districts,purbi champaran district,32938583,60997075078.87106
Bihar,2023,1,Districts,muzaffarpur district,29886522,57608006364.34695
Bihar,2023,1,Districts,pashchim champaran district,24322390,44164168851.620186
Bihar,2023,1,Districts,gaya district,23695997,47340047719.05632
Bihar,2023,1,Districts,madhubani district,20525310,38606432650.91703
Bihar,2023,1,Districts,darbhanga district,20309246,37330370178.13746
Bihar,2023,1,Districts,purnea district,19148560,34328034649.87139
Bihar,2023,1,Districts,samastipur district,18997830,35362602332.63788
Bihar,2023,1,Districts,saran district,18675788,35081470225.309006
Bihar,2023,2,Districts,patna district,86703504,131505466450.42564
Bihar,2023,2,Districts,purbi champaran district,42072137,71117758143.06119
Bihar,2023,2,Districts,muzaffarpur district,38312381,68405072929.85081
Bihar,2023,2,Districts,pashchim champaran district,29597057,48885240682.63943
Bihar,2023,2,Districts,gaya district,28820568,52660177581.31935
Bihar,2023,2,Districts,madhubani district,25762899,46081993665.584526
Bihar,2023,2,Districts,saran district,25671705,44416840880.9107
Bihar,2023,2,Districts,darbhanga district,25493084,44598352192.74045
Bihar,2023,2,Districts,purnea district,24951753,43782060414.31739
Bihar,2023,2,Districts,samastipur district,24926522,42761214972.87751
Bihar,2023,3,Districts,patna district,98344884,132592227849.31664
Bihar,2023,3,Districts,purbi champaran district,44930924,66939094661.72752
Bihar,2023,3,Districts,muzaffarpur district,41192794,64738668552.391106
Bihar,2023,3,Districts,pashchim champaran district,31768133,45748805863.79497
Bihar,2023,3,Districts,gaya district,31161394,50717733844.21199
Bihar,2023,3,Districts,purnea district,26796802,41532108604.56488
Bihar,2023,3,Districts,samastipur district,25807509,40666168816.78113
Bihar,2023,3,Districts,darbhanga district,25520509,40353228901.81672
Bihar,2023,3,Districts,saran district,25520144,39636347661.64491
Bihar,2023,3,Districts,madhubani district,25209747,39730707343.47221
Bihar,2023,4,Districts,patna district,108339157,151226741990.73755
Bihar,2023,4,Districts,purbi champaran district,59013634,86885658210.73065
Bihar,2023,4,Districts,muzaffarpur district,52676105,82632658686.27234
Bihar,2023,4,Districts,pashchim champaran district,42803557,59964784862.62601
Bihar,2023,4,Districts,gaya district,38724799,62594790111.58233
Bihar,2023,4,Districts,madhubani district,33676865,51379950395.05948
Bihar,2023,4,Districts,samastipur district,33613010,52226076851.723915
Bihar,2023,4,Districts,saran district,33369086,52109986132.63615
Bihar,2023,4,Districts,purnea district,33268124,51023031309.5769
Bihar,2023,4,Districts,darbhanga district,32769585,50462056238.68197
Bihar,2024,1,Districts,patna district,124099435,169151237145.40405
Bihar,2024,1,Districts,purbi champaran district,67317635,97014328297.55942
Bihar,2024,1,Districts,muzaffarpur district,58635292,88582034372.96257
Bihar,2024,1,Districts,pashchim champaran district,50782488,71462123252.84155
Bihar,2024,1,Districts,gaya district,45800899,74431085242.53165
Bihar,2024,1,Districts,purnea district,38698633,55758687957.83159
Bihar,2024,1,Districts,saran district,37833359,56309955167.43832
Bihar,2024,1,Districts,madhubani district,37443786,57768888838.06163
Bihar,2024,1,Districts,samastipur district,37195192,56535528568.297386
Bihar,2024,1,Districts,darbhanga district,36283664,55827066397.69507
Bihar,2024,2,Districts,patna district,149190479,187806464083.66165
Bihar,2024,2,Districts,purbi champaran district,82215814,109834775438.59982
Bihar,2024,2,Districts,muzaffarpur district,73496016,102741366404.0993
Bihar,2024,2,Districts,pashchim champaran district,59829620,76115142235.42113
Bihar,2024,2,Districts,gaya district,54430797,81497099789.131
Bihar,2024,2,Districts,purnea district,48372652,70961610963.16725
Bihar,2024,2,Districts,samastipur district,46153855,66275949191.0604
Bihar,2024,2,Districts,madhubani district,45421118,66840633519.03194
Bihar,2024,2,Districts,darbhanga district,45392098,66133121603.89371
Bihar,2024,2,Districts,saran district,44504544,61866660011.18739
Bihar,2024,3,Districts,patna district,163327315,194257234138.35193
Bihar,2024,3,Districts,purbi champaran district,83584038,102683491255.43239
Bihar,2024,3,Districts,muzaffarpur district,75399411,97583045146.95575
Bihar,2024,3,Districts,pashchim champaran district,60318367,70689218617.48207
Bihar,2024,3,Districts,gaya district,56535311,78748858114.1087
Bihar,2024,3,Districts,purnea district,48883253,65613770995.263
Bihar,2024,3,Districts,samastipur district,46847243,63837434640.16762
Bihar,2024,3,Districts,saran district,46643483,61010478554.299736
Bihar,2024,3,Districts,darbhanga district,45406536,61955687150.83639
Bihar,2024,3,Districts,madhubani district,43744376,60160631377.83238
Bihar,2024,4,Districts,patna district,175235098,212753963958.62292
Bihar,2024,4,Districts,purbi champaran district,96966732,123721439709.16699
Bihar,2024,4,Districts,muzaffarpur district,85306431,115655912539.9228
Bihar,2024,4,Districts,pashchim champaran district,71305172,86265516483.39363
Bihar,2024,4,Districts,gaya district,64278514,91459471363.50633
Bihar,2024,4,Districts,saran district,56999376,76663343634.79779
Bihar,2024,4,Districts,samastipur district,55137140,77067470159.96878
Bihar,2024,4,Districts,purnea district,54557449,75196806025.7404
Bihar,2024,4,Districts,madhubani district,52287936,72316835156.25386
Bihar,2024,4,Districts,darbhanga district,52203611,72341860427.87973
Bihar,2025,1,Districts,patna district,177316138,217019279659.58984
Bihar,2025,1,Districts,purbi champaran district,90994413,119385094028.19553
Bihar,2025,1,Districts,muzaffarpur district,81176553,110385043384.6829
Bihar,2025,1,Districts,pashchim champaran district,68605643,88667758627.59763
Bihar,2025,1,Districts,gaya district,64640520,96303631311.19644
Bihar,2025,1,Districts,purnea district,55076669,71983751150.5108
Bihar,2025,1,Districts,samastipur district,53170102,72881740010.75226
Bihar,2025,1,Districts,saran district,52481122,70321444209.59084
Bihar,2025,1,Districts,darbhanga district,51217551,71436717945.51094
Bihar,2025,1,Districts,madhubani district,50719713,71619775727.14508
Bihar,2025,2,Districts,patna district,199294241,235303082377.7364
Bihar,2025,2,Districts,purbi champaran district,109596571,137800140929.0242
Bihar,2025,2,Districts,muzaffarpur district,95783979,125500974597.41382
Bihar,2025,2,Districts,pashchim champaran district,79077903,93980379310.39798
Bihar,2025,2,Districts,gaya district,74886732,103088630085.75565
Bihar,2025,2,Districts,purnea district,65939493,87626598306.49586
Bihar,2025,2,Districts,saran district,65128658,82364159005.89313
Bihar,2025,2,Districts,samastipur district,62912696,83825050457.73831
Bihar,2025,2,Districts,darbhanga district,60678633,82316132563.33955
Bihar,2025,2,Districts,madhubani district,59339421,81468543794.26265
Bihar,2025,3,Districts,patna district,212775994,230654724119.72772
Bihar,2025,3,Districts,purbi champaran district,108921729,120200379351.88759
Bihar,2025,3,Districts,muzaffarpur district,95253428,113606301505.21507
Bihar,2025,3,Districts,pashchim champaran district,79267845,84661940226.60771
Bihar,2025,3,Districts,gaya district,75818810,94866921685.31866
Bihar,2025,3,Districts,purnea district,68279198,82689135484.84457
Bihar,2025,3,Districts,samastipur district,61846109,76035923094.97389
Bihar,2025,3,Districts,saran district,61641074,70826617912.64462
Bihar,2025,3,Districts,darbhanga district,59329063,72685702570.77106
Bihar,2025,3,Districts,katihar district,58681121,74048985169.95921
Bihar,2025,4,Districts,patna district,221894406,245761989893.00626
Bihar,2025,4,Districts,purbi champaran district,125732704,142867718447.0683
Bihar,2025,4,Districts,muzaffarpur district,107140084,133095562866.93738
Bihar,2025,4,Districts,pashchim champaran district,94160160,103751009766.42221
Bihar,2025,4,Districts,gaya district,82585814,106411928378.8259
Bihar,2025,4,Districts,purnea district,73745082,90190661155.43077
Bihar,2025,4,Districts,saran district,72722504,86836585365.06932
Bihar,2025,4,Districts,samastipur district,71372805,90621635614.51471
Bihar,2025,4,Districts,darbhanga district,66344010,82815269781.76909
Bihar,2025,4,Districts,madhubani district,65437556,81705215683.86864
Bihar,2026,1,Districts,patna district,232340513,259713033312.42743
Bihar,2026,1,Districts,purbi champaran district,128159827,147078523469.93378
Bihar,2026,1,Districts,muzaffarpur district,107795208,133422713868.59445
Bihar,2026,1,Districts,pashchim champaran district,98737738,111684268305.88417
Bihar,2026,1,Districts,gaya district,87829219,116641173136.29991
Bihar,2026,1,Districts,purnea district,76870776,89571826079.0283
Bihar,2026,1,Districts,samastipur district,71662868,88863261732.67828
Bihar,2026,1,Districts,saran district,71630380,85830421022.55498
Bihar,2026,1,Districts,darbhanga district,68693597,85431941836.11096
Bihar,2026,1,Districts,madhubani district,67962091,85301861817.23622
Bihar,2026,2,Districts,patna district,252700915,271833749795.09656
Bihar,2026,2,Districts,purbi champaran district,140716258,154784076480.3259
Bihar,2026,2,Districts,muzaffarpur district,120957767,144189239784.89355
Bihar,2026,2,Districts,pashchim champaran district,104473063,110397679459.65225
Bihar,2026,2,Districts,gaya district,93692841,115999667055.51266
Bihar,2026,2,Districts,purnea district,83663761,98352755311.13591
Bihar,2026,2,Districts,saran district,80750696,92523946582.72462
Bihar,2026,2,Districts,samastipur district,79535856,95167057640.53925
Bihar,2026,2,Districts,darbhanga district,76137061,92163716667.89967
Bihar,2026,2,Districts,katihar district,74442821,87208566595.45883
Chandigarh,2018,1,Districts,chandigarh district,223975,393507115.84811467
Chandigarh,2018,2,Districts,chandigarh district,319560,664062457.5527933
Chandigarh,2018,3,Districts,chandigarh district,417919,971597704.0881222
Chandigarh,2018,4,Districts,chandigarh district,603259,1354040230.1718202
Chandigarh,2019,1,Districts,chandigarh district,876820,1678862941.0300002
Chandigarh,2019,2,Districts,chandigarh district,1081281,2214484682.804943
Chandigarh,2019,3,Districts,chandigarh district,1428205,2696336857.265588
Chandigarh,2019,4,Districts,chandigarh district,1663318,3246646185.7316084
Chandigarh,2020,1,Districts,chandigarh district,1776530,3334833902.5325274
Chandigarh,2020,2,Districts,chandigarh district,1098495,2233114743.327046
Chandigarh,2020,3,Districts,chandigarh district,1787111,3631987949.805449
Chandigarh,2020,4,Districts,chandigarh district,2610842,4860838678.860598
Chandigarh,2021,1,Districts,chandigarh district,3291014,5639239470.444478
Chandigarh,2021,2,Districts,chandigarh district,3336924,5688419002.539843
Chandigarh,2021,3,Districts,chandigarh district,4795459,7498822383.4005165
Chandigarh,2021,4,Districts,chandigarh district,5012587,7760737879.590541
Chandigarh,2022,1,Districts,chandigarh district,6026078,9061038154.153313
Chandigarh,2022,2,Districts,chandigarh district,7761882,10624481178.149664
Chandigarh,2022,3,Districts,chandigarh district,9175146,12189515329.976696
Chandigarh,2022,4,Districts,chandigarh district,9744704,12720512772.5428
Chandigarh,2023,1,Districts,chandigarh district,10182795,13320740709.154438
Chandigarh,2023,2,Districts,chandigarh district,12002645,15001734621.098116
Chandigarh,2023,3,Districts,chandigarh district,13514642,15978579212.550112
Chandigarh,2023,4,Districts,chandigarh district,13784981,16915170140.237354
Chandigarh,2024,1,Districts,chandigarh district,13667061,16541090390.048548
Chandigarh,2024,2,Districts,chandigarh district,16570280,18298504093.428207
Chandigarh,2024,3,Districts,chandigarh district,17830482,19398464952.299725
Chandigarh,2024,4,Districts,chandigarh district,18645893,20631840726.069115
Chandigarh,2025,1,Districts,chandigarh district,19931215,21239542165.216366
Chandigarh,2025,2,Districts,chandigarh district,20255468,21185658828.05371
Chandigarh,2025,3,Districts,chandigarh district,22149566,22397711070.192337
Chandigarh,2025,4,Districts,chandigarh district,22627910,23861736668.233253
Chandigarh,2026,1,Districts,chandigarh district,22820289,23784456763.0014
Chandigarh,2026,2,Districts,chandigarh district,25137055,25233291728.692253
Chhattisgarh,2018,1,Districts,raipur district,392459,567492378.6423025
Chhattisgarh,2018,1,Districts,durg district,247167,300443464.91143286
Chhattisgarh,2018,1,Districts,janjgir champa district,222288,237379250.39224207
Chhattisgarh,2018,1,Districts,bilaspur district,181340,195858905.44584376
Chhattisgarh,2018,1,Districts,raigarh district,134262,140592168.45881903
Chhattisgarh,2018,1,Districts,korba district,115284,121687226.71231745
Chhattisgarh,2018,1,Districts,surguja district,84428,95833268.73362067
Chhattisgarh,2018,1,Districts,mahasamund district,80030,86067748.5542597
Chhattisgarh,2018,1,Districts,rajnandgaon district,67880,78072346.62431824
Chhattisgarh,2018,1,Districts,balodabazar bhatapara district,58470,58922394.963355124
Chhattisgarh,2018,2,Districts,raipur district,559495,982010748.6409103
Chhattisgarh,2018,2,Districts,janjgir champa district,405629,582306049.3766463
Chhattisgarh,2018,2,Districts,durg district,332391,507156803.495341
Chhattisgarh,2018,2,Districts,bilaspur district,251134,352047632.16337264
Chhattisgarh,2018,2,Districts,raigarh district,186220,257085422.1291048
Chhattisgarh,2018,2,Districts,korba district,168266,251002296.0129696
Chhattisgarh,2018,2,Districts,surguja district,114914,185963031.8397452
Chhattisgarh,2018,2,Districts,mahasamund district,113665,149175563.4032244
Chhattisgarh,2018,2,Districts,rajnandgaon district,101808,132197148.14222306
Chhattisgarh,2018,2,Districts,balodabazar bhatapara district,88623,127668921.48320392
Chhattisgarh,2018,3,Districts,raipur district,765667,1406210796.2222595
Chhattisgarh,2018,3,Districts,janjgir champa district,541425,751103644.389303
Chhattisgarh,2018,3,Districts,durg district,427662,717340100.1908903
Chhattisgarh,2018,3,Districts,bilaspur district,355953,518372337.8366432
Chhattisgarh,2018,3,Districts,raigarh district,257666,396095676.253588
Chhattisgarh,2018,3,Districts,korba district,219877,338343272.1394855
Chhattisgarh,2018,3,Districts,mahasamund district,148306,231280328.60956672
Chhattisgarh,2018,3,Districts,surguja district,144256,254908375.77979425
Chhattisgarh,2018,3,Districts,rajnandgaon district,129127,197005631.7308458
Chhattisgarh,2018,3,Districts,balodabazar bhatapara district,122280,190997174.40789807
Chhattisgarh,2018,4,Districts,raipur district,1041970,1968370041.2046125
Chhattisgarh,2018,4,Districts,janjgir champa district,653289,976344627.4556444
Chhattisgarh,2018,4,Districts,durg district,582279,1014107814.5770103
Chhattisgarh,2018,4,Districts,bilaspur district,503515,749235073.6752803
Chhattisgarh,2018,4,Districts,raigarh district,362806,584172704.2698314
Chhattisgarh,2018,4,Districts,korba district,324718,551250581.80969
Chhattisgarh,2018,4,Districts,mahasamund district,207930,341578600.2594587
Chhattisgarh,2018,4,Districts,surguja district,205260,403836610.167598
Chhattisgarh,2018,4,Districts,balodabazar bhatapara district,178363,279683239.9476931
Chhattisgarh,2018,4,Districts,rajnandgaon district,168773,278446215.5681037
Chhattisgarh,2019,1,Districts,raipur district,1674264,2692303602.9384294
Chhattisgarh,2019,1,Districts,durg district,990165,1413332956.2615738
Chhattisgarh,2019,1,Districts,janjgir champa district,780980,981767608.7344306
Chhattisgarh,2019,1,Districts,bilaspur district,767226,1033478266.4475237
Chhattisgarh,2019,1,Districts,raigarh district,497573,800415594.8010149
Chhattisgarh,2019,1,Districts,korba district,457890,700343084.6149462
Chhattisgarh,2019,1,Districts,surguja district,278487,517679042.0354388
Chhattisgarh,2019,1,Districts,mahasamund district,241028,451897151.6145959
Chhattisgarh,2019,1,Districts,balodabazar bhatapara district,230414,373542681.0576312
Chhattisgarh,2019,1,Districts,rajnandgaon district,215318,349861304.4550697
Chhattisgarh,2019,2,Districts,raipur district,2172905,3645773848.219223
Chhattisgarh,2019,2,Districts,durg district,1374830,1976571973.6062808
Chhattisgarh,2019,2,Districts,bilaspur district,782112,1307018843.9424376
Chhattisgarh,2019,2,Districts,janjgir champa district,634373,1009156410.7380166
Chhattisgarh,2019,2,Districts,raigarh district,523990,982809541.3465323
Chhattisgarh,2019,2,Districts,korba district,482550,911628269.4323232
Chhattisgarh,2019,2,Districts,surguja district,310271,679691988.9596155
Chhattisgarh,2019,2,Districts,mahasamund district,271558,556110307.2162983
Chhattisgarh,2019,2,Districts,rajnandgaon district,260097,468877129.6960047
Chhattisgarh,2019,2,Districts,balodabazar bhatapara district,257480,487789282.69901735
Chhattisgarh,2019,3,Districts,raipur district,3024394,4609595986.022057
Chhattisgarh,2019,3,Districts,durg district,2029854,2523062402.411669
Chhattisgarh,2019,3,Districts,bilaspur district,909307,1561862651.6161833
Chhattisgarh,2019,3,Districts,janjgir champa district,806675,1276075004.9627385
Chhattisgarh,2019,3,Districts,raigarh district,580196,1084439280.6253345
Chhattisgarh,2019,3,Districts,korba district,523747,1006349467.405692
Chhattisgarh,2019,3,Districts,surguja district,354341,742628074.0752999
Chhattisgarh,2019,3,Districts,rajnandgaon district,300068,538222237.7358472
Chhattisgarh,2019,3,Districts,mahasamund district,299505,636928263.3167989
Chhattisgarh,2019,3,Districts,balodabazar bhatapara district,282762,540245840.2065699
Chhattisgarh,2019,4,Districts,raipur district,3995393,6187523238.334327
Chhattisgarh,2019,4,Districts,durg district,2680955,3486052875.778206
Chhattisgarh,2019,4,Districts,bilaspur district,1299126,2050638115.0499468
Chhattisgarh,2019,4,Districts,janjgir champa district,847224,1413577009.4486516
Chhattisgarh,2019,4,Districts,raigarh district,776918,1452928713.404245
Chhattisgarh,2019,4,Districts,korba district,728940,1402031576.4685743
Chhattisgarh,2019,4,Districts,surguja district,488739,1003993127.0693897
Chhattisgarh,2019,4,Districts,mahasamund district,398803,856005351.6072373
Chhattisgarh,2019,4,Districts,rajnandgaon district,394809,716309245.9088187
Chhattisgarh,2019,4,Districts,balodabazar bhatapara district,368869,729561672.7206084
Chhattisgarh,2020,1,Districts,raipur district,4592674,7044980380.771316
Chhattisgarh,2020,1,Districts,durg district,3013178,3971914835.115336
Chhattisgarh,2020,1,Districts,bilaspur district,1517280,2366403417.906004
Chhattisgarh,2020,1,Districts,korba district,903551,1629007410.3163798
Chhattisgarh,2020,1,Districts,raigarh district,901947,1685347014.3077433
Chhattisgarh,2020,1,Districts,janjgir champa district,844897,1456920157.1442418
Chhattisgarh,2020,1,Districts,surguja district,577477,1137765219.3552413
Chhattisgarh,2020,1,Districts,mahasamund district,489414,998758075.3394847
Chhattisgarh,2020,1,Districts,rajnandgaon district,471317,841807474.1027361
Chhattisgarh,2020,1,Districts,balodabazar bhatapara district,443533,831076559.1437883
Chhattisgarh,2020,2,Districts,raipur district,3942378,6341715092.38013
Chhattisgarh,2020,2,Districts,durg district,2662282,3903431857.4993057
Chhattisgarh,2020,2,Districts,bilaspur district,1364677,2385608350.739921
Chhattisgarh,2020,2,Districts,korba district,1159620,2021965544.896708
Chhattisgarh,2020,2,Districts,raigarh district,1090468,1934137238.1936429
Chhattisgarh,2020,2,Districts,janjgir champa district,1046457,1785038517.2230122
Chhattisgarh,2020,2,Districts,mahasamund district,673985,1322292869.1518514
Chhattisgarh,2020,2,Districts,surguja district,638775,1250084070.7952452
Chhattisgarh,2020,2,Districts,balodabazar bhatapara district,605957,1087648220.9372976
Chhattisgarh,2020,2,Districts,rajnandgaon district,549071,1010195314.1872046
Chhattisgarh,2020,3,Districts,raipur district,5738490,9679081989.883434
Chhattisgarh,2020,3,Districts,durg district,3724969,5609273744.814714
Chhattisgarh,2020,3,Districts,bilaspur district,1940060,3357876340.768181
Chhattisgarh,2020,3,Districts,korba district,1568864,2695859340.0049725
Chhattisgarh,2020,3,Districts,raigarh district,1508002,2736967801.4841666
Chhattisgarh,2020,3,Districts,janjgir champa district,1302774,2284347259.789523
Chhattisgarh,2020,3,Districts,mahasamund district,892505,1741527701.0865111
Chhattisgarh,2020,3,Districts,surguja district,872673,1759667998.6879573
Chhattisgarh,2020,3,Districts,balodabazar bhatapara district,765800,1335754848.3227081
Chhattisgarh,2020,3,Districts,rajnandgaon district,760577,1405938970.5478814
Chhattisgarh,2020,4,Districts,raipur district,8510331,14430341326.968473
Chhattisgarh,2020,4,Districts,durg district,5467259,8274455653.891394
Chhattisgarh,2020,4,Districts,bilaspur district,2992466,5162738712.549243
Chhattisgarh,2020,4,Districts,korba district,2323928,3833044896.14323
Chhattisgarh,2020,4,Districts,raigarh district,2034242,3618335482.4254766
Chhattisgarh,2020,4,Districts,janjgir champa district,1707029,2973352911.397937
Chhattisgarh,2020,4,Districts,surguja district,1253204,2453162711.189268
Chhattisgarh,2020,4,Districts,mahasamund district,1215985,2349010028.8459573
Chhattisgarh,2020,4,Districts,rajnandgaon district,1069235,1963056540.8521829
Chhattisgarh,2020,4,Districts,balodabazar bhatapara district,1025394,1874092728.343966
Chhattisgarh,2021,1,Districts,raipur district,10889448,17401186914.248547
Chhattisgarh,2021,1,Districts,durg district,6764670,9479977737.650978
Chhattisgarh,2021,1,Districts,bilaspur district,4082093,6458042998.782421
Chhattisgarh,2021,1,Districts,korba district,2804793,4586608732.578193
Chhattisgarh,2021,1,Districts,raigarh district,2501855,4541212418.128914
Chhattisgarh,2021,1,Districts,janjgir champa district,1927292,3411827868.532601
Chhattisgarh,2021,1,Districts,surguja district,1560251,2963991314.899172
Chhattisgarh,2021,1,Districts,mahasamund district,1448521,2915392444.161282
Chhattisgarh,2021,1,Districts,rajnandgaon district,1347531,2381744404.5200996
Chhattisgarh,2021,1,Districts,balodabazar bhatapara district,1175138,2167239879.8160877
Chhattisgarh,2021,2,Districts,raipur district,11038139,18434613457.384457
Chhattisgarh,2021,2,Districts,durg district,6870975,10592260746.053434
Chhattisgarh,2021,2,Districts,bilaspur district,4480988,7362317808.568526
Chhattisgarh,2021,2,Districts,korba district,3476002,5413353119.14662
Chhattisgarh,2021,2,Districts,raigarh district,3019733,5021702225.698368
Chhattisgarh,2021,2,Districts,janjgir champa district,2423965,3980461023.7481728
Chhattisgarh,2021,2,Districts,mahasamund district,1928417,3538632638.428186
Chhattisgarh,2021,2,Districts,surguja district,1822154,3429253063.149832
Chhattisgarh,2021,2,Districts,rajnandgaon district,1678797,2917026104.7423472
Chhattisgarh,2021,2,Districts,balodabazar bhatapara district,1591258,2751583555.696938
Chhattisgarh,2021,3,Districts,raipur district,17443661,26613251126.818275
Chhattisgarh,2021,3,Districts,durg district,10348998,14200965783.81291
Chhattisgarh,2021,3,Districts,bilaspur district,6912172,10117435601.529112
Chhattisgarh,2021,3,Districts,korba district,4768498,6890727707.149641
Chhattisgarh,2021,3,Districts,raigarh district,4225007,6755002339.488301
Chhattisgarh,2021,3,Districts,janjgir champa district,3080561,4824340262.658576
Chhattisgarh,2021,3,Districts,surguja district,2694723,4466164649.238818
Chhattisgarh,2021,3,Districts,mahasamund district,2510706,4334013954.319045
Chhattisgarh,2021,3,Districts,rajnandgaon district,2348571,3785954731.2062736
Chhattisgarh,2021,3,Districts,balodabazar bhatapara district,2084543,3487492839.705139
Chhattisgarh,2021,4,Districts,raipur district,19382156,29542566733.34852
Chhattisgarh,2021,4,Districts,durg district,11361689,16047827518.55874
Chhattisgarh,2021,4,Districts,bilaspur district,8337128,11670726367.97289
Chhattisgarh,2021,4,Districts,korba district,5562526,7793976404.415167
Chhattisgarh,2021,4,Districts,raigarh district,4944825,7654171388.609673
Chhattisgarh,2021,4,Districts,janjgir champa district,3473528,5302664848.856288
Chhattisgarh,2021,4,Districts,surguja district,3216963,5202589926.092745
Chhattisgarh,2021,4,Districts,mahasamund district,2778480,4625821823.191044
Chhattisgarh,2021,4,Districts,rajnandgaon district,2498289,4073083482.7595754
Chhattisgarh,2021,4,Districts,balodabazar bhatapara district,2257162,3805884126.4181914
Chhattisgarh,2022,1,Districts,raipur district,24968685,38080880465.17652
Chhattisgarh,2022,1,Districts,durg district,14076052,20050258802.32534
Chhattisgarh,2022,1,Districts,bilaspur district,10859230,15177578268.758917
Chhattisgarh,2022,1,Districts,korba district,7297080,10452021395.675943
Chhattisgarh,2022,1,Districts,raigarh district,6571379,10401530376.849514
Chhattisgarh,2022,1,Districts,janjgir champa district,4467670,6772469534.215849
Chhattisgarh,2022,1,Districts,surguja district,4139058,6649157623.282335
Chhattisgarh,2022,1,Districts,mahasamund district,3743285,6482394410.570924
Chhattisgarh,2022,1,Districts,rajnandgaon district,3351812,5526589299.857153
Chhattisgarh,2022,1,Districts,balodabazar bhatapara district,3040880,5108172984.550611
Chhattisgarh,2022,2,Districts,raipur district,30825495,45570672279.83966
Chhattisgarh,2022,2,Districts,durg district,16707469,23358540824.80856
Chhattisgarh,2022,2,Districts,bilaspur district,13360785,18008364578.545235
Chhattisgarh,2022,2,Districts,korba district,8469087,11592949747.286076
Chhattisgarh,2022,2,Districts,raigarh district,7772653,11564249361.758104
Chhattisgarh,2022,2,Districts,janjgir champa district,5291305,7659905056.85008
Chhattisgarh,2022,2,Districts,surguja district,5012618,7720848690.115259
Chhattisgarh,2022,2,Districts,mahasamund district,4456069,7191034227.026844
Chhattisgarh,2022,2,Districts,rajnandgaon district,4135997,6562671549.843618
Chhattisgarh,2022,2,Districts,balodabazar bhatapara district,3796148,5918271889.176427
Chhattisgarh,2022,3,Districts,raipur district,36721078,50711811248.73016
Chhattisgarh,2022,3,Districts,durg district,19294230,25171923985.742226
Chhattisgarh,2022,3,Districts,bilaspur district,16094797,19699859280.504944
Chhattisgarh,2022,3,Districts,korba district,10043571,12509525346.874111
Chhattisgarh,2022,3,Districts,raigarh district,9331209,12488140293.87357
Chhattisgarh,2022,3,Districts,janjgir champa district,5817243,7626831347.823276
Chhattisgarh,2022,3,Districts,surguja district,5730271,7816126991.372031
Chhattisgarh,2022,3,Districts,mahasamund district,5162306,7696153524.720218
Chhattisgarh,2022,3,Districts,rajnandgaon district,4793356,7044634539.767789
Chhattisgarh,2022,3,Districts,balodabazar bhatapara district,4569452,6335338883.190734
Chhattisgarh,2022,4,Districts,raipur district,40786841,56436795530.47486
Chhattisgarh,2022,4,Districts,durg district,21520006,28368874437.996155
Chhattisgarh,2022,4,Districts,bilaspur district,18532659,22887002121.588444
Chhattisgarh,2022,4,Districts,korba district,11653749,14564045307.152351
Chhattisgarh,2022,4,Districts,raigarh district,10827035,14221823996.084276
Chhattisgarh,2022,4,Districts,surguja district,6888903,9373669957.77697
Chhattisgarh,2022,4,Districts,janjgir champa district,6589550,8760049696.336548
Chhattisgarh,2022,4,Districts,mahasamund district,5798073,8955692634.653517
Chhattisgarh,2022,4,Districts,rajnandgaon district,5384715,8049935573.827704
Chhattisgarh,2022,4,Districts,bastar district,5343846,7716336047.427656
Chhattisgarh,2023,1,Districts,raipur district,45248737,62712429754.59216
Chhattisgarh,2023,1,Districts,durg district,23498043,30893321545.075054
Chhattisgarh,2023,1,Districts,bilaspur district,20608213,25379295110.290142
Chhattisgarh,2023,1,Districts,korba district,12851084,16398731252.733715
Chhattisgarh,2023,1,Districts,raigarh district,12053315,16321532565.698914
Chhattisgarh,2023,1,Districts,surguja district,7815498,10283090485.761843
Chhattisgarh,2023,1,Districts,janjgir champa district,7348093,10014249253.878412
Chhattisgarh,2023,1,Districts,mahasamund district,6651754,10526967983.64109
Chhattisgarh,2023,1,Districts,rajnandgaon district,6067526,9041324713.923368
Chhattisgarh,2023,1,Districts,bastar district,5917205,8607583133.039625
Chhattisgarh,2023,2,Districts,raipur district,52204677,69568432295.58568
Chhattisgarh,2023,2,Districts,durg district,26543250,34094236865.275146
Chhattisgarh,2023,2,Districts,bilaspur district,23996384,28716624378.245926
Chhattisgarh,2023,2,Districts,korba district,14722364,17925248870.125225
Chhattisgarh,2023,2,Districts,raigarh district,13938088,17711504193.744804
Chhattisgarh,2023,2,Districts,surguja district,9173424,11762159365.464828
Chhattisgarh,2023,2,Districts,janjgir champa district,8632167,10990669460.297607
Chhattisgarh,2023,2,Districts,mahasamund district,7680738,11064586876.348822
Chhattisgarh,2023,2,Districts,rajnandgaon district,7064506,10022705004.377037
Chhattisgarh,2023,2,Districts,bastar district,7031033,9579636067.535194
Chhattisgarh,2023,3,Districts,raipur district,59881681,74599403354.85486
Chhattisgarh,2023,3,Districts,durg district,30246656,36289731795.445145
Chhattisgarh,2023,3,Districts,bilaspur district,27412082,30359139731.038387
Chhattisgarh,2023,3,Districts,korba district,16915054,19311363305.708866
Chhattisgarh,2023,3,Districts,raigarh district,15939235,18840162460.88136
Chhattisgarh,2023,3,Districts,surguja district,10263617,12107157315.459118
Chhattisgarh,2023,3,Districts,janjgir champa district,9426181,11160655650.839998
Chhattisgarh,2023,3,Districts,mahasamund district,8726341,11683788354.274235
Chhattisgarh,2023,3,Districts,balodabazar bhatapara district,8084117,10082639351.453129
Chhattisgarh,2023,3,Districts,bastar district,8039301,10270665732.613493
Chhattisgarh,2023,4,Districts,raipur district,65594929,83903950784.66791
Chhattisgarh,2023,4,Districts,durg district,33642113,41290484308.471886
Chhattisgarh,2023,4,Districts,bilaspur district,31038732,35059209154.976326
Chhattisgarh,2023,4,Districts,korba district,19776088,22314504863.04365
Chhattisgarh,2023,4,Districts,raigarh district,18651620,21977136138.848557
Chhattisgarh,2023,4,Districts,surguja district,12097600,14301062950.024614
Chhattisgarh,2023,4,Districts,janjgir champa district,11019395,13004540178.489384
Chhattisgarh,2023,4,Districts,mahasamund district,10010040,13738059292.370707
Chhattisgarh,2023,4,Districts,balodabazar bhatapara district,9351035,12186994033.10299
Chhattisgarh,2023,4,Districts,bastar district,9316257,12126255098.400604
Chhattisgarh,2024,1,Districts,raipur district,73393384,91796479068.87138
Chhattisgarh,2024,1,Districts,durg district,37419023,44873213242.31731
Chhattisgarh,2024,1,Districts,bilaspur district,34907167,38898284945.428505
Chhattisgarh,2024,1,Districts,korba district,22901886,25691440801.07842
Chhattisgarh,2024,1,Districts,raigarh district,22042876,26911152837.41149
Chhattisgarh,2024,1,Districts,surguja district,13820829,16319948378.94722
Chhattisgarh,2024,1,Districts,janjgir champa district,12854495,15582905304.13143
Chhattisgarh,2024,1,Districts,mahasamund district,11591492,17579302069.93681
Chhattisgarh,2024,1,Districts,balodabazar bhatapara district,10919407,14330909446.60646
Chhattisgarh,2024,1,Districts,bastar district,10527829,13415844000.914738
Chhattisgarh,2024,2,Districts,raipur district,82621478,98445494956.55458
Chhattisgarh,2024,2,Districts,durg district,41519930,48424865999.78507
Chhattisgarh,2024,2,Districts,bilaspur district,39401030,42907321343.56651
Chhattisgarh,2024,2,Districts,korba district,25667208,27590505925.31621
Chhattisgarh,2024,2,Districts,raigarh district,24445919,27699332929.813896
Chhattisgarh,2024,2,Districts,surguja district,15257231,17801243115.26665
Chhattisgarh,2024,2,Districts,janjgir champa district,14632115,16847282196.998655
Chhattisgarh,2024,2,Districts,mahasamund district,12808325,16927511941.803764
Chhattisgarh,2024,2,Districts,balodabazar bhatapara district,12740000,15243160304.883438
Chhattisgarh,2024,2,Districts,bastar district,11740424,14266422255.260027
Chhattisgarh,2024,3,Districts,raipur district,91563595,103020836797.75984
Chhattisgarh,2024,3,Districts,durg district,45818366,49856337931.29069
Chhattisgarh,2024,3,Districts,bilaspur district,43272264,44221655629.11778
Chhattisgarh,2024,3,Districts,korba district,27200562,27147718408.13674
Chhattisgarh,2024,3,Districts,raigarh district,27062162,28370665904.141056
Chhattisgarh,2024,3,Districts,surguja district,16047676,17419437945.319477
Chhattisgarh,2024,3,Districts,janjgir champa district,15514461,16732040597.911777
Chhattisgarh,2024,3,Districts,balodabazar bhatapara district,13976576,15479674835.503551
Chhattisgarh,2024,3,Districts,mahasamund district,13378339,16635680857.417305
Chhattisgarh,2024,3,Districts,bastar district,12584141,14269620106.196934
Chhattisgarh,2024,4,Districts,raipur district,100424977,115634785309.87943
Chhattisgarh,2024,4,Districts,durg district,51230524,56610354034.79184
Chhattisgarh,2024,4,Districts,bilaspur district,48917621,50671126343.96058
Chhattisgarh,2024,4,Districts,korba district,30861957,31330701098.01669
Chhattisgarh,2024,4,Districts,raigarh district,30644120,32505801928.337242
Chhattisgarh,2024,4,Districts,surguja district,18347440,20884832463.713673
Chhattisgarh,2024,4,Districts,janjgir champa district,17718047,19487648437.661655
Chhattisgarh,2024,4,Districts,balodabazar bhatapara district,15813316,18457915769.27333
Chhattisgarh,2024,4,Districts,mahasamund district,15373620,19932355698.444195
Chhattisgarh,2024,4,Districts,bastar district,14100566,16349689148.813313
Chhattisgarh,2025,1,Districts,raipur district,100409202,115773066057.11458
Chhattisgarh,2025,1,Districts,durg district,51208213,56087715034.2668
Chhattisgarh,2025,1,Districts,bilaspur district,48611652,50320879459.61721
Chhattisgarh,2025,1,Districts,raigarh district,30321175,33779518710.239254
Chhattisgarh,2025,1,Districts,korba district,29622468,30744083868.93979
Chhattisgarh,2025,1,Districts,surguja district,17777185,20134836052.62026
Chhattisgarh,2025,1,Districts,janjgir champa district,17119806,19730822241.605675
Chhattisgarh,2025,1,Districts,mahasamund district,15858775,23137059950.56857
Chhattisgarh,2025,1,Districts,balodabazar bhatapara district,15513105,18667644608.212887
Chhattisgarh,2025,1,Districts,bastar district,13978717,16217989227.841194
Chhattisgarh,2025,2,Districts,raipur district,107265810,118048845938.4154
Chhattisgarh,2025,2,Districts,durg district,53092662,56572019937.73876
Chhattisgarh,2025,2,Districts,bilaspur district,52194441,51804283668.20795
Chhattisgarh,2025,2,Districts,raigarh district,32493726,33326223452.362263
Chhattisgarh,2025,2,Districts,korba district,32392684,31901968302.127834
Chhattisgarh,2025,2,Districts,surguja district,19153356,20945858181.143383
Chhattisgarh,2025,2,Districts,janjgir champa district,18650802,19840320661.83529
Chhattisgarh,2025,2,Districts,balodabazar bhatapara district,16807260,18320658663.94134
Chhattisgarh,2025,2,Districts,mahasamund district,16214529,20008274056.985474
Chhattisgarh,2025,2,Districts,bastar district,14864192,16680237854.122343
Chhattisgarh,2025,3,Districts,raipur district,117385168,121345214012.23547
Chhattisgarh,2025,3,Districts,durg district,57205779,57100000623.41574
Chhattisgarh,2025,3,Districts,bilaspur district,56173709,51919091318.27047
Chhattisgarh,2025,3,Districts,raigarh district,35957152,34043583993.911217
Chhattisgarh,2025,3,Districts,korba district,35714279,31941969244.388176
Chhattisgarh,2025,3,Districts,surguja district,20373631,20559621891.767963
Chhattisgarh,2025,3,Districts,janjgir champa district,19405373,18960506778.644745
Chhattisgarh,2025,3,Districts,balodabazar bhatapara district,17888319,17818522833.2728
Chhattisgarh,2025,3,Districts,mahasamund district,17134930,19724981075.563255
Chhattisgarh,2025,3,Districts,bastar district,15927523,16786639057.732069
Chhattisgarh,2025,4,Districts,raipur district,123350389,131818254329.1887
Chhattisgarh,2025,4,Districts,durg district,61035991,62707221344.798256
Chhattisgarh,2025,4,Districts,bilaspur district,60641131,57019440723.116104
Chhattisgarh,2025,4,Districts,korba district,38254854,35135469877.30748
Chhattisgarh,2025,4,Districts,raigarh district,38164073,37422031722.00039
Chhattisgarh,2025,4,Districts,surguja district,22165514,23124095217.16503
Chhattisgarh,2025,4,Districts,janjgir champa district,21061526,20995434819.779488
Chhattisgarh,2025,4,Districts,balodabazar bhatapara district,18929890,20255250093.19217
Chhattisgarh,2025,4,Districts,mahasamund district,18087155,22159426591.360413
Chhattisgarh,2025,4,Districts,bastar district,16838824,18451775713.306515
Chhattisgarh,2026,1,Districts,raipur district,127878467,137270842893.90193
Chhattisgarh,2026,1,Districts,durg district,62241333,64116691039.40631
Chhattisgarh,2026,1,Districts,bilaspur district,61053267,58845464912.22676
Chhattisgarh,2026,1,Districts,raigarh district,39423489,40395196795.80852
Chhattisgarh,2026,1,Districts,korba district,39084451,36782824222.81464
Chhattisgarh,2026,1,Districts,surguja district,22627872,23844365174.69067
Chhattisgarh,2026,1,Districts,janjgir champa district,21692567,22663181162.80729
Chhattisgarh,2026,1,Districts,balodabazar bhatapara district,19355530,21735839273.214104
Chhattisgarh,2026,1,Districts,mahasamund district,19304412,26109347805.25936
Chhattisgarh,2026,1,Districts,bastar district,17242771,19604125306.82657
Chhattisgarh,2026,2,Districts,raipur district,133634746,139753378041.56613
Chhattisgarh,2026,2,Districts,durg district,64109778,65448051084.091675
Chhattisgarh,2026,2,Districts,bilaspur district,63534413,60121606059.72157
Chhattisgarh,2026,2,Districts,raigarh district,40139436,38841710743.40102
Chhattisgarh,2026,2,Districts,korba district,39693602,37083892777.44479
Chhattisgarh,2026,2,Districts,surguja district,23181503,24430957933.131023
Chhattisgarh,2026,2,Districts,janjgir champa district,22795210,22802167585.77316
Chhattisgarh,2026,2,Districts,balodabazar bhatapara district,20168991,21082719724.23255
Chhattisgarh,2026,2,Districts,mahasamund district,19256541,22746153076.108856
Chhattisgarh,2026,2,Districts,bastar district,17986213,19987567012.473183
Dadra & Nagar Haveli & Daman & Diu,2018,1,Districts,dadra and nagar haveli district,113504,125957544.02615294
Dadra & Nagar Haveli & Daman & Diu,2018,1,Districts,daman district,55537,69964889.99272847
Dadra & Nagar Haveli & Daman & Diu,2018,1,Districts,diu district,6708,7816074.307351493
Dadra & Nagar Haveli & Daman & Diu,2018,2,Districts,dadra and nagar haveli district,152280,215889406.94836074
Dadra & Nagar Haveli & Daman & Diu,2018,2,Districts,daman district,73753,111155665.1090932
Dadra & Nagar Haveli & Daman & Diu,2018,2,Districts,diu district,7297,12675341.369169652
Dadra & Nagar Haveli & Daman & Diu,2018,3,Districts,dadra and nagar haveli district,210132,313835003.4861789
Dadra & Nagar Haveli & Daman & Diu,2018,3,Districts,daman district,109225,165243027.6379274
Dadra & Nagar Haveli & Daman & Diu,2018,3,Districts,diu district,7760,15650254.956527717
Dadra & Nagar Haveli & Daman & Diu,2018,4,Districts,dadra and nagar haveli district,293292,449182815.56334233
Dadra & Nagar Haveli & Daman & Diu,2018,4,Districts,daman district,156854,247934396.15933496
Dadra & Nagar Haveli & Daman & Diu,2018,4,Districts,diu district,10573,21831135.020640034
Dadra & Nagar Haveli & Daman & Diu,2019,1,Districts,dadra and nagar haveli district,470566,606888987.6922426
Dadra & Nagar Haveli & Daman & Diu,2019,1,Districts,daman district,276060,339812567.1869486
Dadra & Nagar Haveli & Daman & Diu,2019,1,Districts,diu district,18834,25877056.737280652
Dadra & Nagar Haveli & Daman & Diu,2019,2,Districts,dadra and nagar haveli district,406070,665959975.4889188
Dadra & Nagar Haveli & Daman & Diu,2019,2,Districts,daman district,233971,380891637.4829694
Dadra & Nagar Haveli & Daman & Diu,2019,2,Districts,diu district,20438,40445423.74920982
Dadra & Nagar Haveli & Daman & Diu,2019,3,Districts,dadra and nagar haveli district,481119,812368016.5427237
Dadra & Nagar Haveli & Daman & Diu,2019,3,Districts,daman district,253870,423511267.77568483
Dadra & Nagar Haveli & Daman & Diu,2019,3,Districts,diu district,19098,42932742.82558559
Dadra & Nagar Haveli & Daman & Diu,2019,4,Districts,dadra and nagar haveli district,585752,1023677799.5774546
Dadra & Nagar Haveli & Daman & Diu,2019,4,Districts,daman district,307890,534883634.55752265
Dadra & Nagar Haveli & Daman & Diu,2019,4,Districts,diu district,23235,56808161.38186036
Dadra & Nagar Haveli & Daman & Diu,2020,1,Districts,dadra and nagar haveli district,681177,1135933540.9701805
Dadra & Nagar Haveli & Daman & Diu,2020,1,Districts,daman district,349534,582638680.2637328
Dadra & Nagar Haveli & Daman & Diu,2020,1,Districts,diu district,28656,64495878.37969979
Dadra & Nagar Haveli & Daman & Diu,2020,2,Districts,dadra and nagar haveli district,741747,1099253912.497081
Dadra & Nagar Haveli & Daman & Diu,2020,2,Districts,daman district,361146,510758387.478294
Dadra & Nagar Haveli & Daman & Diu,2020,2,Districts,diu district,25799,55862171.92977287
Dadra & Nagar Haveli & Daman & Diu,2020,3,Districts,dadra and nagar haveli district,938458,1502822189.141746
Dadra & Nagar Haveli & Daman & Diu,2020,3,Districts,daman district,412011,676269777.7079898
Dadra & Nagar Haveli & Daman & Diu,2020,3,Districts,diu district,31121,67461978.96208975
Dadra & Nagar Haveli & Daman & Diu,2020,4,Districts,dadra and nagar haveli district,1405836,2033125416.4017322
Dadra & Nagar Haveli & Daman & Diu,2020,4,Districts,daman district,621533,972762634.1411483
Dadra & Nagar Haveli & Daman & Diu,2020,4,Districts,diu district,47107,111868775.66057067
Dadra & Nagar Haveli & Daman & Diu,2021,1,Districts,dadra and nagar haveli district,1637655,2417636234.4549294
Dadra & Nagar Haveli & Daman & Diu,2021,1,Districts,daman district,776214,1180999480.4314218
Dadra & Nagar Haveli & Daman & Diu,2021,1,Districts,diu district,54339,121096237.74115261
Dadra & Nagar Haveli & Daman & Diu,2021,2,Districts,dadra and nagar haveli district,1884349,2699724789.5028653
Dadra & Nagar Haveli & Daman & Diu,2021,2,Districts,daman district,880497,1239142334.1777606
Dadra & Nagar Haveli & Daman & Diu,2021,2,Districts,diu district,50036,119346068.68098322
Dadra & Nagar Haveli & Daman & Diu,2021,3,Districts,dadra and nagar haveli district,2744481,3603570270.41323
Dadra & Nagar Haveli & Daman & Diu,2021,3,Districts,daman district,1305514,1702402318.662371
Dadra & Nagar Haveli & Daman & Diu,2021,3,Districts,diu district,80805,181829407.90954828
Dadra & Nagar Haveli & Daman & Diu,2021,4,Districts,dadra and nagar haveli district,3140976,3966433012.556142
Dadra & Nagar Haveli & Daman & Diu,2021,4,Districts,daman district,1481190,1893849113.7834342
Dadra & Nagar Haveli & Daman & Diu,2021,4,Districts,diu district,96548,212917051.65149057
Dadra & Nagar Haveli & Daman & Diu,2022,1,Districts,dadra and nagar haveli district,4059744,5031890991.036532
Dadra & Nagar Haveli & Daman & Diu,2022,1,Districts,daman district,1925312,2352730289.6850123
Dadra & Nagar Haveli & Daman & Diu,2022,1,Districts,diu district,114724,245462371.61912265
Dadra & Nagar Haveli & Daman & Diu,2022,2,Districts,dadra and nagar haveli district,4946695,5547403909.550138
Dadra & Nagar Haveli & Daman & Diu,2022,2,Districts,daman district,2324382,2675447609.241869
Dadra & Nagar Haveli & Daman & Diu,2022,2,Districts,diu district,160267,326048178.5650218
Dadra & Nagar Haveli & Daman & Diu,2022,3,Districts,dadra and nagar haveli district,6129903,6650487969.369419
Dadra & Nagar Haveli & Daman & Diu,2022,3,Districts,daman district,2867884,3049300090.2182565
Dadra & Nagar Haveli & Daman & Diu,2022,3,Districts,diu district,169926,317140560.97943413
Dadra & Nagar Haveli & Daman & Diu,2022,4,Districts,dadra and nagar haveli district,7175924,7377389018.999494
Dadra & Nagar Haveli & Daman & Diu,2022,4,Districts,daman district,3269481,3428683256.9171777
Dadra & Nagar Haveli & Daman & Diu,2022,4,Districts,diu district,222137,404310991.7440204
Dadra & Nagar Haveli & Daman & Diu,2023,1,Districts,dadra and nagar haveli district,7810846,8084401728.223045
Dadra & Nagar Haveli & Daman & Diu,2023,1,Districts,daman district,3573571,3684985368.422907
Dadra & Nagar Haveli & Daman & Diu,2023,1,Districts,diu district,243521,415175388.9664269
Dadra & Nagar Haveli & Daman & Diu,2023,2,Districts,dadra and nagar haveli district,8765369,8794316798.924505
Dadra & Nagar Haveli & Daman & Diu,2023,2,Districts,daman district,4094119,4003168355.089415
Dadra & Nagar Haveli & Daman & Diu,2023,2,Districts,diu district,279851,496493154.30695856
Dadra & Nagar Haveli & Daman & Diu,2023,3,Districts,dadra and nagar haveli district,9991144,9806482353.076471
Dadra & Nagar Haveli & Daman & Diu,2023,3,Districts,daman district,4674476,4294065129.147601
Dadra & Nagar Haveli & Daman & Diu,2023,3,Districts,diu district,280749,481749535.37710166
Dadra & Nagar Haveli & Daman & Diu,2023,4,Districts,dadra and nagar haveli district,11908285,11327511345.146545
Dadra & Nagar Haveli & Daman & Diu,2023,4,Districts,daman district,5589454,5097649176.6868105
Dadra & Nagar Haveli & Daman & Diu,2023,4,Districts,diu district,352973,558374658.5973067
Dadra & Nagar Haveli & Daman & Diu,2024,1,Districts,dadra and nagar haveli district,13567783,12531355359.440788
Dadra & Nagar Haveli & Daman & Diu,2024,1,Districts,daman district,6424221,5695023394.777696
Dadra & Nagar Haveli & Daman & Diu,2024,1,Districts,diu district,361552,539087836.6199176
Dadra & Nagar Haveli & Daman & Diu,2024,2,Districts,dadra and nagar haveli district,14794106,12787468904.289402
Dadra & Nagar Haveli & Daman & Diu,2024,2,Districts,daman district,7296251,6051951361.822134
Dadra & Nagar Haveli & Daman & Diu,2024,2,Districts,diu district,437188,631105809.8260753
Dadra & Nagar Haveli & Daman & Diu,2024,3,Districts,dadra and nagar haveli district,16097696,13648334943.189226
Dadra & Nagar Haveli & Daman & Diu,2024,3,Districts,daman district,7946608,6340006617.350872
Dadra & Nagar Haveli & Daman & Diu,2024,3,Districts,diu district,407877,610365652.6473233
Dadra & Nagar Haveli & Daman & Diu,2024,4,Districts,dadra and nagar haveli district,18091303,15152275962.212587
Dadra & Nagar Haveli & Daman & Diu,2024,4,Districts,daman district,8769121,7069836496.1647005
Dadra & Nagar Haveli & Daman & Diu,2024,4,Districts,diu district,493599,683135870.4606287
Dadra & Nagar Haveli & Daman & Diu,2025,1,Districts,dadra and nagar haveli district,17907827,14686328326.381502
Dadra & Nagar Haveli & Daman & Diu,2025,1,Districts,daman district,8691573,6984779876.211011
Dadra & Nagar Haveli & Daman & Diu,2025,1,Districts,diu district,508409,675863149.6234553
Dadra & Nagar Haveli & Daman & Diu,2025,2,Districts,dadra and nagar haveli district,18506811,15154161772.500637
Dadra & Nagar Haveli & Daman & Diu,2025,2,Districts,daman district,9170679,7243924355.539543
Dadra & Nagar Haveli & Daman & Diu,2025,2,Districts,diu district,547861,748050886.5123961
Dadra & Nagar Haveli & Daman & Diu,2025,3,Districts,dadra and nagar haveli district,20715450,16283186043.903913
Dadra & Nagar Haveli & Daman & Diu,2025,3,Districts,daman district,10190402,7648349681.595779
Dadra & Nagar Haveli & Daman & Diu,2025,3,Districts,diu district,538149,741818315.0914246
Dadra & Nagar Haveli & Daman & Diu,2025,4,Districts,dadra and nagar haveli district,21207726,17022629770.048334
Dadra & Nagar Haveli & Daman & Diu,2025,4,Districts,daman district,10757100,8391384219.370032
Dadra & Nagar Haveli & Daman & Diu,2025,4,Districts,diu district,581851,781097197.6453091
Dadra & Nagar Haveli & Daman & Diu,2026,1,Districts,dadra and nagar haveli district,21978227,17443584894.217987
Dadra & Nagar Haveli & Daman & Diu,2026,1,Districts,daman district,11111686,8620734071.91195
Dadra & Nagar Haveli & Daman & Diu,2026,1,Districts,diu district,629243,879448309.0229676
Dadra & Nagar Haveli & Daman & Diu,2026,2,Districts,dadra and nagar haveli district,21410200,17094055716.546886
Dadra & Nagar Haveli & Daman & Diu,2026,2,Districts,daman district,10968314,8542747705.300418
Dadra & Nagar Haveli & Daman & Diu,2026,2,Districts,diu district,657709,915709229.8944497
Delhi,2018,1,Districts,south east district,658988,1098634899.8447824
Delhi,2018,1,Districts,south west district,638434,1106221192.6362412
Delhi,2018,1,Districts,central district,508624,864820113.770189
Delhi,2018,1,Districts,north west district,465184,741969517.5718443
Delhi,2018,1,Districts,new delhi district,454117,860218007.356847
Delhi,2018,1,Districts,west district,439920,785391309.4616597
Delhi,2018,1,Districts,north district,439894,701067776.8736019
Delhi,2018,1,Districts,east district,417546,699204642.9613259
Delhi,2018,1,Districts,south district,388793,703921114.1937871
Delhi,2018,1,Districts,shahdara district,231205,391376657.43371785
Delhi,2018,2,Districts,south east district,884320,1696676026.2575917
Delhi,2018,2,Districts,south west district,881210,1772523663.5653765
Delhi,2018,2,Districts,central district,724483,1417879241.1784496
Delhi,2018,2,Districts,new delhi district,689461,1491371778.8723762
Delhi,2018,2,Districts,north west district,684930,1222562508.371053
Delhi,2018,2,Districts,west district,630240,1267124809.381338
Delhi,2018,2,Districts,north district,626955,1171034608.3184726
Delhi,2018,2,Districts,south district,587906,1132205228.7885005
Delhi,2018,2,Districts,east district,580133,1064533676.9520706
Delhi,2018,2,Districts,shahdara district,323961,628113825.5992147
Delhi,2018,3,Districts,south west district,1528958,2612486133.052147
Delhi,2018,3,Districts,south east district,1501761,2482652874.7460966
Delhi,2018,3,Districts,new delhi district,1429803,2374987509.2479067
Delhi,2018,3,Districts,central district,1319722,2113751561.572265
Delhi,2018,3,Districts,north west district,1269410,1857599708.7099829
Delhi,2018,3,Districts,north district,1143807,1717961351.0989406
Delhi,2018,3,Districts,east district,1137778,1561287879.1871758
Delhi,2018,3,Districts,south district,1137592,1691974061.353837
Delhi,2018,3,Districts,west district,1131193,1891120853.8110433
Delhi,2018,3,Districts,shahdara district,573406,926224462.7317145
Delhi,2018,4,Districts,south east district,3128651,3954818581.81317
Delhi,2018,4,Districts,south west district,2999563,4048362296.9024143
Delhi,2018,4,Districts,new delhi district,2651351,3762189351.99629
Delhi,2018,4,Districts,north west district,2631579,2898492977.981228
Delhi,2018,4,Districts,central district,2543771,3269614636.135872
Delhi,2018,4,Districts,east district,2387471,2370481467.2942247
Delhi,2018,4,Districts,north district,2241861,2562868722.5786123
Delhi,2018,4,Districts,west district,2149219,2874473559.7426815
Delhi,2018,4,Districts,south district,2007641,2509852032.7725725
Delhi,2018,4,Districts,shahdara district,1172687,1500734586.2137175
Delhi,2019,1,Districts,south east district,5013848,5767625042.466093
Delhi,2019,1,Districts,south west district,4680922,5840253086.463446
Delhi,2019,1,Districts,new delhi district,3909707,5196075116.916557
Delhi,2019,1,Districts,central district,3723381,4631066216.242982
Delhi,2019,1,Districts,north west district,3639222,4115314687.384699
Delhi,2019,1,Districts,east district,3598895,3533067364.7360044
Delhi,2019,1,Districts,west district,3200724,4151201585.4183517
Delhi,2019,1,Districts,north district,3099859,3601064236.882817
Delhi,2019,1,Districts,south district,3027210,3492767616.9718018
Delhi,2019,1,Districts,shahdara district,1680473,2167416430.644255
Delhi,2019,2,Districts,south west district,5646216,7882132514.383731
Delhi,2019,2,Districts,south east district,5618398,7574952473.775126
Delhi,2019,2,Districts,central district,4558214,6312421199.606713
Delhi,2019,2,Districts,new delhi district,4389391,6664252856.500737
Delhi,2019,2,Districts,east district,4107714,4643173166.836901
Delhi,2019,2,Districts,north west district,4063647,5368286326.94445
Delhi,2019,2,Districts,west district,3783264,5617132068.655598
Delhi,2019,2,Districts,south district,3703043,4652174486.62032
Delhi,2019,2,Districts,north district,3653500,4883662579.358325
Delhi,2019,2,Districts,shahdara district,1923259,2927409196.1702924
Delhi,2019,3,Districts,south west district,7398748,10273254115.439255
Delhi,2019,3,Districts,south east district,7240334,9728833075.511526
Delhi,2019,3,Districts,central district,6126423,8491582385.253271
Delhi,2019,3,Districts,new delhi district,5620363,8539769212.50861
Delhi,2019,3,Districts,east district,5313198,5979768125.53458
Delhi,2019,3,Districts,south district,5144757,6034335405.53626
Delhi,2019,3,Districts,north west district,5025001,6997722617.286754
Delhi,2019,3,Districts,west district,4822744,7282421924.484897
Delhi,2019,3,Districts,north district,4643288,6272640856.507834
Delhi,2019,3,Districts,shahdara district,2380191,3737388981.361263
Delhi,2019,4,Districts,south west district,8261790,12571257216.454838
Delhi,2019,4,Districts,south east district,8164736,11937688070.878412
Delhi,2019,4,Districts,central district,7166238,10533075269.058075
Delhi,2019,4,Districts,new delhi district,6409263,10391125312.191994
Delhi,2019,4,Districts,east district,5914270,7261024536.37778
Delhi,2019,4,Districts,south district,5861740,7151953558.277395
Delhi,2019,4,Districts,north west district,5394900,8575611174.84535
Delhi,2019,4,Districts,west district,5305629,8867897502.991959
Delhi,2019,4,Districts,north district,5100340,7487070573.655341
Delhi,2019,4,Districts,shahdara district,2642887,4780151668.2312
Delhi,2020,1,Districts,south west district,8763310,13774770739.079628
Delhi,2020,1,Districts,south east district,8520402,12824777649.455154
Delhi,2020,1,Districts,central district,7432248,11219100191.618103
Delhi,2020,1,Districts,new delhi district,6657386,11007597695.876001
Delhi,2020,1,Districts,east district,6040695,7796977255.911742
Delhi,2020,1,Districts,south district,5852427,7683137099.352464
Delhi,2020,1,Districts,north west district,5564005,9389004043.487682
Delhi,2020,1,Districts,west district,5505039,9650503101.616095
Delhi,2020,1,Districts,north district,5409510,8311061444.0917015
Delhi,2020,1,Districts,shahdara district,2702337,5174981784.477401
Delhi,2020,2,Districts,south west district,8491790,13043723119.998726
Delhi,2020,2,Districts,south east district,6522943,9461254325.167164
Delhi,2020,2,Districts,north west district,5196283,8342247866.376645
Delhi,2020,2,Districts,new delhi district,4813810,7606921388.032587
Delhi,2020,2,Districts,east district,4799890,6455393549.489058
Delhi,2020,2,Districts,central district,4456001,6745030340.321096
Delhi,2020,2,Districts,south district,4440064,6103834007.609097
Delhi,2020,2,Districts,north district,4348639,7055146363.111667
Delhi,2020,2,Districts,west district,4345244,7483305455.792912
Delhi,2020,2,Districts,north east district,2718433,4427086833.304808
Delhi,2020,3,Districts,south west district,11464415,19123072106.03224
Delhi,2020,3,Districts,south east district,9457655,14888722647.209738
Delhi,2020,3,Districts,new delhi district,7391665,12500401785.748396
Delhi,2020,3,Districts,north west district,7208616,13493913080.292198
Delhi,2020,3,Districts,central district,6755044,12942939676.01586
Delhi,2020,3,Districts,west district,6603932,13098628342.597088
Delhi,2020,3,Districts,east district,6169647,9158915614.173006
Delhi,2020,3,Districts,north district,6005126,11344326982.704357
Delhi,2020,3,Districts,south district,5664497,8407554600.083487
Delhi,2020,3,Districts,north east district,3636305,7178360161.428922
Delhi,2020,4,Districts,south west district,14982832,24770967277.61101
Delhi,2020,4,Districts,south east district,13379734,20591927895.586147
Delhi,2020,4,Districts,new delhi district,10487318,17002112724.262321
Delhi,2020,4,Districts,central district,10463625,20177176597.45978
Delhi,2020,4,Districts,north west district,9223987,17543626431.06092
Delhi,2020,4,Districts,west district,9042591,18090732373.54403
Delhi,2020,4,Districts,east district,8309668,12366193199.890553
Delhi,2020,4,Districts,north district,8006233,14759461653.49381
Delhi,2020,4,Districts,south district,7762190,11208217991.17145
Delhi,2020,4,Districts,shahdara district,4811911,11036422381.928291
Delhi,2021,1,Districts,south west district,16937089,27561484663.02697
Delhi,2021,1,Districts,south east district,16226701,24348797573.007973
Delhi,2021,1,Districts,central district,13127448,24565531509.893505
Delhi,2021,1,Districts,new delhi district,12948379,20389101943.089024
Delhi,2021,1,Districts,west district,10537033,20720246242.322914
Delhi,2021,1,Districts,north west district,10436215,19831467942.149376
Delhi,2021,1,Districts,east district,9953045,14300643977.124903
Delhi,2021,1,Districts,north district,9634854,17296682303.768654
Delhi,2021,1,Districts,south district,9534359,13094977446.520191
Delhi,2021,1,Districts,shahdara district,5479221,12406978269.776472
Delhi,2021,2,Districts,south west district,18349699,29656557225.00948
Delhi,2021,2,Districts,south east district,15769317,23357917404.051743
Delhi,2021,2,Districts,new delhi district,12270076,18279088095.725376
Delhi,2021,2,Districts,central district,11711013,20455661712.90027
Delhi,2021,2,Districts,north west district,11311847,20672967097.25875
Delhi,2021,2,Districts,west district,10584394,20221531386.759117
Delhi,2021,2,Districts,north district,10120920,17965746105.255646
Delhi,2021,2,Districts,east district,9756629,14349257641.296112
Delhi,2021,2,Districts,south district,9755486,13231757316.830997
Delhi,2021,2,Districts,north east district,6183848,12241350526.758022
Delhi,2021,3,Districts,south west district,23961130,38181177407.91869
Delhi,2021,3,Districts,south east district,23321293,33942548162.6564
Delhi,2021,3,Districts,central district,18988811,35134002814.435135
Delhi,2021,3,Districts,new delhi district,18516213,27419570173.5645
Delhi,2021,3,Districts,north west district,15273173,27837722168.823387
Delhi,2021,3,Districts,west district,15198255,29211140173.415955
Delhi,2021,3,Districts,north district,14231705,24706602389.92039
Delhi,2021,3,Districts,south district,13621013,18002389686.693733
Delhi,2021,3,Districts,east district,13476352,19312532809.52699
Delhi,2021,3,Districts,shahdara district,8123275,18089526253.039825
Delhi,2021,4,Districts,south east district,24747724,36866551177.74831
Delhi,2021,4,Districts,south west district,23911769,39609743921.541084
Delhi,2021,4,Districts,central district,21066491,39904720883.37891
Delhi,2021,4,Districts,new delhi district,19814259,30045402533.836296
Delhi,2021,4,Districts,west district,15652427,31656477120.84485
Delhi,2021,4,Districts,north west district,15586735,29430064956.64199
Delhi,2021,4,Districts,north district,14728222,26382106445.277344
Delhi,2021,4,Districts,south district,14041093,18893574536.292908
Delhi,2021,4,Districts,east district,13400141,20382603153.452984
Delhi,2021,4,Districts,north east district,8656742,18884635379.624653
Delhi,2022,1,Districts,south east district,30447430,44303742519.825645
Delhi,2022,1,Districts,south west district,29975639,48130018630.265396
Delhi,2022,1,Districts,central district,25751345,47479688367.571915
Delhi,2022,1,Districts,new delhi district,23651304,34663880055.768295
Delhi,2022,1,Districts,west district,19902053,38865319608.98774
Delhi,2022,1,Districts,north west district,19358803,35787896029.67471
Delhi,2022,1,Districts,north district,18756366,32790683082.499306
Delhi,2022,1,Districts,south district,17282716,22669641191.223816
Delhi,2022,1,Districts,east district,16489729,24672200275.08226
Delhi,2022,1,Districts,north east district,10876470,22694330991.804497
Delhi,2022,2,Districts,south east district,38779231,52476157315.084946
Delhi,2022,2,Districts,south west district,37320608,56485087260.56467
Delhi,2022,2,Districts,central district,32829043,56358459607.592896
Delhi,2022,2,Districts,new delhi district,30355423,41208490372.64345
Delhi,2022,2,Districts,west district,24687157,45362813377.56522
Delhi,2022,2,Districts,north west district,23642716,42075297393.89034
Delhi,2022,2,Districts,north district,23487140,38642921879.36575
Delhi,2022,2,Districts,south district,22337969,27136502250.632885
Delhi,2022,2,Districts,east district,21002938,28907855135.499107
Delhi,2022,2,Districts,shahdara district,13120742,28218412456.58013
Delhi,2022,3,Districts,south east district,46417952,60359835411.18305
Delhi,2022,3,Districts,south west district,44546185,64882678832.83742
Delhi,2022,3,Districts,central district,39556343,65832416868.93994
Delhi,2022,3,Districts,new delhi district,37048358,47941771226.97322
Delhi,2022,3,Districts,west district,29588216,51021252050.57577
Delhi,2022,3,Districts,north district,28211883,44610291600.99246
Delhi,2022,3,Districts,north west district,27716325,47522284306.61129
Delhi,2022,3,Districts,south district,27267176,31484198190.767128
Delhi,2022,3,Districts,east district,24938850,33050771268.117607
Delhi,2022,3,Districts,shahdara district,15436540,31206481074.76744
Delhi,2022,4,Districts,south east district,50709113,65727106283.89917
Delhi,2022,4,Districts,south west district,47452102,69209071503.5796
Delhi,2022,4,Districts,central district,44389525,74394767802.88234
Delhi,2022,4,Districts,new delhi district,40777572,51843159220.55977
Delhi,2022,4,Districts,west district,31999685,56038700127.57847
Delhi,2022,4,Districts,north district,30154304,47865056566.78342
Delhi,2022,4,Districts,north west district,30007597,51800633181.64067
Delhi,2022,4,Districts,south district,28755456,33520207563.167267
Delhi,2022,4,Districts,east district,26224650,35613347065.42482
Delhi,2022,4,Districts,shahdara district,17285371,35664675006.799866
Delhi,2023,1,Districts,south east district,56766689,72546964661.72043
Delhi,2023,1,Districts,south west district,52158055,75328151092.37834
Delhi,2023,1,Districts,central district,49735658,81726909006.58066
Delhi,2023,1,Districts,new delhi district,45490364,56662161173.105385
Delhi,2023,1,Districts,west district,36300277,62398190671.18628
Delhi,2023,1,Districts,north district,34406503,53780489757.21456
Delhi,2023,1,Districts,north west district,33830801,57188245591.2811
Delhi,2023,1,Districts,south district,31646989,36773994266.392914
Delhi,2023,1,Districts,east district,29087060,38728716378.61081
Delhi,2023,1,Districts,shahdara district,19518433,39385086970.95646
Delhi,2023,2,Districts,south east district,66044629,78639661436.56248
Delhi,2023,2,Districts,south west district,61786123,83017876821.52567
Delhi,2023,2,Districts,central district,57677295,86397666352.32457
Delhi,2023,2,Districts,new delhi district,53735100,62044190219.74696
Delhi,2023,2,Districts,west district,42543876,66788075755.08871
Delhi,2023,2,Districts,north district,40865280,59031302053.96112
Delhi,2023,2,Districts,north west district,40124324,62562518815.54856
Delhi,2023,2,Districts,south district,37657922,40689407586.34385
Delhi,2023,2,Districts,east district,34581868,42294719693.65825
Delhi,2023,2,Districts,shahdara district,22762628,41359570674.99743
Delhi,2023,3,Districts,south east district,74805240,83609173874.90866
Delhi,2023,3,Districts,south west district,71793684,91267995077.96242
Delhi,2023,3,Districts,central district,63615590,90836668837.6931
Delhi,2023,3,Districts,new delhi district,60537429,66501633247.796844
Delhi,2023,3,Districts,west district,48687388,71041967690.74551
Delhi,2023,3,Districts,north district,46433800,64228566855.30561
Delhi,2023,3,Districts,north west district,45296587,67248711927.04962
Delhi,2023,3,Districts,south district,43671158,44659462772.26956
Delhi,2023,3,Districts,east district,39182765,45105333216.98301
Delhi,2023,3,Districts,shahdara district,25452345,42442411294.42131
Delhi,2023,4,Districts,south east district,81814373,92794061193.60275
Delhi,2023,4,Districts,south west district,76881164,98959899861.42873
Delhi,2023,4,Districts,central district,73550748,108942324238.8617
Delhi,2023,4,Districts,new delhi district,66552666,74823838044.91498
Delhi,2023,4,Districts,west district,52308188,80022180356.36182
Delhi,2023,4,Districts,north district,49834591,70399381623.34746
Delhi,2023,4,Districts,north west district,48973676,74059418966.35022
Delhi,2023,4,Districts,south district,46073220,48356227749.06848
Delhi,2023,4,Districts,east district,41482273,49437099001.80538
Delhi,2023,4,Districts,shahdara district,29498509,52083942335.4807
Delhi,2024,1,Districts,south east district,89144222,97045416017.48009
Delhi,2024,1,Districts,south west district,83232937,103008484134.57452
Delhi,2024,1,Districts,central district,79479638,111238596068.15683
Delhi,2024,1,Districts,new delhi district,72021910,80018384451.8549
Delhi,2024,1,Districts,west district,56994013,82818746870.36722
Delhi,2024,1,Districts,north district,55764586,74631798531.40382
Delhi,2024,1,Districts,north west district,53410888,77101854784.49081
Delhi,2024,1,Districts,south district,48829450,50304293753.88039
Delhi,2024,1,Districts,east district,45112431,51576171502.72808
Delhi,2024,1,Districts,shahdara district,32686449,53852564787.04823
Delhi,2024,2,Districts,south east district,105655612,104913163803.2874
Delhi,2024,2,Districts,south west district,101280843,114069618075.1016
Delhi,2024,2,Districts,central district,91652012,113983559037.45117
Delhi,2024,2,Districts,new delhi district,85063732,86547565667.96484
Delhi,2024,2,Districts,west district,67875964,88424092263.65982
Delhi,2024,2,Districts,north district,66937693,81738648918.19688
Delhi,2024,2,Districts,north west district,64933678,84922199039.75111
Delhi,2024,2,Districts,south district,59377851,55222876067.54709
Delhi,2024,2,Districts,east district,55507096,56604929557.955986
Delhi,2024,2,Districts,shahdara district,38958025,56277154409.01455
Delhi,2024,3,Districts,south east district,116512761,113325349687.35432
Delhi,2024,3,Districts,south west district,111289841,122401298909.63783
Delhi,2024,3,Districts,central district,98271433,123353291267.25067
Delhi,2024,3,Districts,new delhi district,92707459,93572695858.8124
Delhi,2024,3,Districts,west district,74489207,94353793181.37842
Delhi,2024,3,Districts,north district,72258967,87049011911.77156
Delhi,2024,3,Districts,north west district,70473739,90431986865.11932
Delhi,2024,3,Districts,south district,65016632,60169199175.56013
Delhi,2024,3,Districts,east district,60182581,60744778048.687584
Delhi,2024,3,Districts,shahdara district,42722793,59383990507.00161
Delhi,2024,4,Districts,south east district,125272286,123055594254.85162
Delhi,2024,4,Districts,south west district,119487329,132298484121.96938
Delhi,2024,4,Districts,central district,109118384,140644144009.09573
Delhi,2024,4,Districts,new delhi district,98545540,98978149266.56485
Delhi,2024,4,Districts,west district,79904034,104785102876.44592
Delhi,2024,4,Districts,north district,76187604,94357464037.11826
Delhi,2024,4,Districts,north west district,75731797,98680338594.52461
Delhi,2024,4,Districts,south district,68753393,64530092777.81087
Delhi,2024,4,Districts,east district,63645632,65656584553.64745
Delhi,2024,4,Districts,shahdara district,47795095,69296818726.70927
Delhi,2025,1,Districts,south east district,130631317,126181657594.20038
Delhi,2025,1,Districts,south west district,122807984,134186044848.80035
Delhi,2025,1,Districts,central district,112992739,142034992439.55573
Delhi,2025,1,Districts,new delhi district,102447146,97492840455.27295
Delhi,2025,1,Districts,west district,84792958,108314118152.4422
Delhi,2025,1,Districts,north district,80187593,97531083988.30153
Delhi,2025,1,Districts,north west district,79590918,100854526091.02454
Delhi,2025,1,Districts,south district,71479966,66201822077.81742
Delhi,2025,1,Districts,east district,66204136,67234216977.679184
Delhi,2025,1,Districts,shahdara district,49494367,70008256800.11803
Delhi,2025,2,Districts,south east district,134986461,124040281489.51207
Delhi,2025,2,Districts,south west district,129485055,135544938174.61363
Delhi,2025,2,Districts,central district,116084567,134206164778.74402
Delhi,2025,2,Districts,new delhi district,107725717,100190534231.36163
Delhi,2025,2,Districts,west district,87315189,104212829502.43082
Delhi,2025,2,Districts,north district,85675823,98243292901.70291
Delhi,2025,2,Districts,north west district,84168638,102635947927.20378
Delhi,2025,2,Districts,south district,74058104,65408721006.03418
Delhi,2025,2,Districts,east district,68763438,65888820364.71022
Delhi,2025,2,Districts,shahdara district,51956940,66655315127.1841
Delhi,2025,3,Districts,south east district,148099278,131264007322.36107
Delhi,2025,3,Districts,south west district,140606557,141330579019.10678
Delhi,2025,3,Districts,central district,125041601,143052671209.26392
Delhi,2025,3,Districts,new delhi district,115368341,104906727686.10036
Delhi,2025,3,Districts,west district,94108244,107413257519.09363
Delhi,2025,3,Districts,north district,92757514,102865489737.9559
Delhi,2025,3,Districts,north west district,89778615,107362482392.53413
Delhi,2025,3,Districts,south district,80575036,69182934205.06848
Delhi,2025,3,Districts,east district,73999188,68586062749.33931
Delhi,2025,3,Districts,shahdara district,56159820,68933472926.77512
Delhi,2025,4,Districts,south east district,150606183,138171094652.11465
Delhi,2025,4,Districts,south west district,141956410,146238368556.5432
Delhi,2025,4,Districts,central district,130866424,153849600673.0348
Delhi,2025,4,Districts,new delhi district,116959442,109134711995.20494
Delhi,2025,4,Districts,west district,95388460,114058643039.87234
Delhi,2025,4,Districts,north district,92959064,106094610123.64252
Delhi,2025,4,Districts,north west district,90817453,110057580313.58508
Delhi,2025,4,Districts,south district,80515389,71275595185.05334
Delhi,2025,4,Districts,east district,73997336,71923472521.43068
Delhi,2025,4,Districts,shahdara district,58555456,76094470950.69753
Delhi,2026,1,Districts,south east district,150544736,136773845990.59396
Delhi,2026,1,Districts,south west district,141272014,145566748436.42105
Delhi,2026,1,Districts,central district,130895006,151705184310.97046
Delhi,2026,1,Districts,new delhi district,117304687,108573467790.43712
Delhi,2026,1,Districts,west district,96046730,113430909492.51242
Delhi,2026,1,Districts,north district,94161615,106692585173.22226
Delhi,2026,1,Districts,north west district,91357803,108030421944.06592
Delhi,2026,1,Districts,south district,80067909,71034192356.96754
Delhi,2026,1,Districts,east district,73758287,71212001279.67542
Delhi,2026,1,Districts,shahdara district,57986138,74704904154.10657
Delhi,2026,2,Districts,south east district,161160262,139043986333.56412
Delhi,2026,2,Districts,south west district,152799651,150937833857.50015
Delhi,2026,2,Districts,central district,138308624,149199859352.2232
Delhi,2026,2,Districts,new delhi district,126479485,111992067477.10497
Delhi,2026,2,Districts,west district,103992037,114916053001.71521
Delhi,2026,2,Districts,north district,101611929,109861766626.10443
Delhi,2026,2,Districts,north west district,99528310,111673913587.1853
Delhi,2026,2,Districts,south district,87191033,73434879528.87498
Delhi,2026,2,Districts,east district,80858374,73306032817.97568
Delhi,2026,2,Districts,shahdara district,62806814,73821224935.52066
Goa,2018,1,Districts,south goa district,92118,162488371.67606956
Goa,2018,1,Districts,north goa district,91265,186577986.22421655
Goa,2018,2,Districts,south goa district,131909,253898480.22691956
Goa,2018,2,Districts,north goa district,125601,281703966.19359773
Goa,2018,3,Districts,south goa district,194476,381880881.74143887
Goa,2018,3,Districts,north goa district,182037,402869724.3326866
Goa,2018,4,Districts,north goa district,290152,688644679.4410485
Goa,2018,4,Districts,south goa district,289495,578799090.4073013
Goa,2019,1,Districts,north goa district,442475,962686488.9145305
Goa,2019,1,Districts,south goa district,426604,766597277.1978053
Goa,2019,2,Districts,north goa district,553060,1206964395.0867648
Goa,2019,2,Districts,south goa district,513406,958064501.5869038
Goa,2019,3,Districts,north goa district,709388,1502088443.2722147
Goa,2019,3,Districts,south goa district,642571,1181282181.0742164
Goa,2019,4,Districts,north goa district,1068832,2333488424.5242624
Goa,2019,4,Districts,south goa district,832629,1581649596.6524801
Goa,2020,1,Districts,north goa district,1350780,2739279508.803088
Goa,2020,1,Districts,south goa district,957864,1752712012.790501
Goa,2020,2,Districts,south goa district,920176,1453024600.9185872
Goa,2020,2,Districts,north goa district,820110,1262120468.632156
Goa,2020,3,Districts,south goa district,1179745,2075773267.0822387
Goa,2020,3,Districts,north goa district,953360,1689987833.6297944
Goa,2020,4,Districts,north goa district,2267345,4354506623.003362
Goa,2020,4,Districts,south goa district,1878938,3210689047.7164083
Goa,2021,1,Districts,north goa district,3719086,7092994552.709719
Goa,2021,1,Districts,south goa district,2450535,4085483046.780405
Goa,2021,2,Districts,south goa district,2768117,4303575012.695683
Goa,2021,2,Districts,north goa district,2575314,4481150612.373942
Goa,2021,3,Districts,north goa district,3775368,6137089822.412248
Goa,2021,3,Districts,south goa district,3642161,5481719449.404778
Goa,2021,4,Districts,north goa district,6791030,11776150869.835373
Goa,2021,4,Districts,south goa district,4674958,6967373077.335931
Goa,2022,1,Districts,north goa district,8092007,13406427428.449389
Goa,2022,1,Districts,south goa district,5836869,8529519400.349678
Goa,2022,2,Districts,north goa district,9310026,15416271639.079393
Goa,2022,2,Districts,south goa district,6712068,9461915879.700043
Goa,2022,3,Districts,north goa district,9882677,15440532430.58893
Goa,2022,3,Districts,south goa district,7898604,10371262275.09416
Goa,2022,4,Districts,north goa district,13750841,21148909235.191666
Goa,2022,4,Districts,south goa district,9469823,12353549126.990599
Goa,2023,1,Districts,north goa district,14555915,22249917031.499386
Goa,2023,1,Districts,south goa district,9970365,13020817787.752367
Goa,2023,2,Districts,north goa district,15959845,24636582508.703835
Goa,2023,2,Districts,south goa district,10904955,13978581464.07026
Goa,2023,3,Districts,north goa district,15577465,23224443618.137302
Goa,2023,3,Districts,south goa district,11671209,14225936903.496405
Goa,2023,4,Districts,north goa district,19934168,28110584280.565533
Goa,2023,4,Districts,south goa district,13709752,16284623018.962889
Goa,2024,1,Districts,north goa district,20639549,28538808307.7581
Goa,2024,1,Districts,south goa district,14506562,16906877117.904778
Goa,2024,2,Districts,north goa district,21699293,29846736381.16211
Goa,2024,2,Districts,south goa district,15483146,17672673009.886257
Goa,2024,3,Districts,north goa district,20677568,27962776706.543415
Goa,2024,3,Districts,south goa district,16288790,18028226088.542355
Goa,2024,4,Districts,north goa district,26919311,35264908200.11382
Goa,2024,4,Districts,south goa district,19399583,21372832992.96368
Goa,2025,1,Districts,north goa district,28350203,36336363130.4062
Goa,2025,1,Districts,south goa district,20843770,22470848820.243874
Goa,2025,2,Districts,north goa district,25901409,34041823859.93166
Goa,2025,2,Districts,south goa district,19870266,21327625720.42253
Goa,2025,3,Districts,north goa district,25672935,33250860576.669964
Goa,2025,3,Districts,south goa district,20477792,21088003517.045498
Goa,2025,4,Districts,north goa district,30714994,40244403658.96101
Goa,2025,4,Districts,south goa district,22236598,23568913208.921356
Goa,2026,1,Districts,north goa district,32187106,42618604145.442024
Goa,2026,1,Districts,south goa district,22982010,24705403335.06511
Goa,2026,2,Districts,north goa district,32267206,44147463987.33613
Goa,2026,2,Districts,south goa district,22941591,24942344316.90929
Gujarat,2018,1,Districts,ahmedabad district,1282236,1989342568.3123975
Gujarat,2018,1,Districts,surat district,1230062,1653731995.628039
Gujarat,2018,1,Districts,vadodara district,429856,648444317.1725894
Gujarat,2018,1,Districts,gandhinagar district,285464,371669965.8920461
Gujarat,2018,1,Districts,mahesana district,284920,259431472.12583643
Gujarat,2018,1,Districts,kachchh district,274097,390153751.4888816
Gujarat,2018,1,Districts,rajkot district,262471,343993879.30010086
Gujarat,2018,1,Districts,bharuch district,234031,271500481.69381505
Gujarat,2018,1,Districts,bhavnagar district,218484,198843844.61806178
Gujarat,2018,1,Districts,valsad district,211733,232402408.58717838
Gujarat,2018,2,Districts,ahmedabad district,1653551,3062971025.345776
Gujarat,2018,2,Districts,surat district,1606996,2623293262.804318
Gujarat,2018,2,Districts,vadodara district,578698,1039141726.7336267
Gujarat,2018,2,Districts,gandhinagar district,371614,597946458.2262151
Gujarat,2018,2,Districts,kachchh district,353661,591144174.2481207
Gujarat,2018,2,Districts,mahesana district,350343,432714241.5650876
Gujarat,2018,2,Districts,rajkot district,334278,530749396.4711653
Gujarat,2018,2,Districts,bharuch district,320281,457445618.00269216
Gujarat,2018,2,Districts,bhavnagar district,293547,297235906.87764776
Gujarat,2018,2,Districts,valsad district,289222,396108447.66421473
Gujarat,2018,3,Districts,ahmedabad district,2380093,4390813603.80632
Gujarat,2018,3,Districts,surat district,2245798,3712597461.341879
Gujarat,2018,3,Districts,vadodara district,827012,1542243327.3138871
Gujarat,2018,3,Districts,gandhinagar district,544997,888167407.8967857
Gujarat,2018,3,Districts,mahesana district,543890,646131919.1943917
Gujarat,2018,3,Districts,bharuch district,522068,734140108.6399658
Gujarat,2018,3,Districts,kachchh district,501189,889221912.498391
Gujarat,2018,3,Districts,rajkot district,459763,724407246.0914823
Gujarat,2018,3,Districts,bhavnagar district,418510,440811333.21157384
Gujarat,2018,3,Districts,valsad district,411459,592777253.2460077
Gujarat,2018,4,Districts,ahmedabad district,3993821,6222071863.468162
Gujarat,2018,4,Districts,surat district,2646204,4934593041.75348
Gujarat,2018,4,Districts,vadodara district,1136718,2187440247.5645657
Gujarat,2018,4,Districts,gandhinagar district,803291,1282203752.0813875
Gujarat,2018,4,Districts,bharuch district,664953,1095785448.9998665
Gujarat,2018,4,Districts,kachchh district,650875,1245581394.1281602
Gujarat,2018,4,Districts,mahesana district,632785,873141827.8508906
Gujarat,2018,4,Districts,valsad district,571099,877381887.0716652
Gujarat,2018,4,Districts,rajkot district,550542,990271362.1203743
Gujarat,2018,4,Districts,bhavnagar district,494679,634612895.4465257
Gujarat,2019,1,Districts,ahmedabad district,6936874,9091616510.599222
Gujarat,2019,1,Districts,surat district,4044703,6931986232.799435
Gujarat,2019,1,Districts,vadodara district,1835991,2983663366.9160204
Gujarat,2019,1,Districts,gandhinagar district,1502174,1860919641.3730464
Gujarat,2019,1,Districts,kachchh district,1116496,1688558856.3710732
Gujarat,2019,1,Districts,mahesana district,1107721,1237261162.2929795
Gujarat,2019,1,Districts,bharuch district,1079094,1532047617.0216527
Gujarat,2019,1,Districts,valsad district,950314,1217024156.3252118
Gujarat,2019,1,Districts,rajkot district,800529,1251581931.4938333
Gujarat,2019,1,Districts,anand district,737204,855760144.4141811
Gujarat,2019,2,Districts,ahmedabad district,8038503,12236075800.772684
Gujarat,2019,2,Districts,surat district,4376212,8520985072.546937
Gujarat,2019,2,Districts,vadodara district,1985772,3723614125.1147385
Gujarat,2019,2,Districts,gandhinagar district,1640481,2409680139.109991
Gujarat,2019,2,Districts,bharuch district,1047996,1803012360.741306
Gujarat,2019,2,Districts,mahesana district,1019325,1515145940.3701644
Gujarat,2019,2,Districts,kachchh district,1000803,1973385122.3205962
Gujarat,2019,2,Districts,valsad district,913911,1452916992.265673
Gujarat,2019,2,Districts,rajkot district,808980,1492882169.5862672
Gujarat,2019,2,Districts,bhavnagar district,686668,996748493.3928978
Gujarat,2019,3,Districts,ahmedabad district,11461450,15709909720.084135
Gujarat,2019,3,Districts,surat district,5578512,10126503888.265368
Gujarat,2019,3,Districts,vadodara district,2693046,4566998380.493906
Gujarat,2019,3,Districts,gandhinagar district,2309585,3086890750.5116735
Gujarat,2019,3,Districts,bharuch district,1260410,2172318153.571209
Gujarat,2019,3,Districts,mahesana district,1237054,1779833352.2040396
Gujarat,2019,3,Districts,anand district,1177297,1201850799.7204175
Gujarat,2019,3,Districts,rajkot district,1114834,1709821010.6353145
Gujarat,2019,3,Districts,kachchh district,1076745,2239381730.2589445
Gujarat,2019,3,Districts,valsad district,1027735,1684561448.4073133
Gujarat,2019,4,Districts,ahmedabad district,12004404,19912859834.6129
Gujarat,2019,4,Districts,surat district,6185430,12625029006.383183
Gujarat,2019,4,Districts,vadodara district,3309553,5912499028.1300955
Gujarat,2019,4,Districts,gandhinagar district,2591382,3855229577.224601
Gujarat,2019,4,Districts,bharuch district,1627176,2962698344.8723264
Gujarat,2019,4,Districts,mahesana district,1426054,2401308213.9741187
Gujarat,2019,4,Districts,valsad district,1294160,2267723741.205365
Gujarat,2019,4,Districts,kachchh district,1292014,2857135094.659086
Gujarat,2019,4,Districts,rajkot district,1216158,2303805746.900215
Gujarat,2019,4,Districts,anand district,1104251,1578430020.0104644
Gujarat,2020,1,Districts,ahmedabad district,12981299,22204572234.23114
Gujarat,2020,1,Districts,surat district,7242552,14796334060.901297
Gujarat,2020,1,Districts,vadodara district,3881516,6653278401.642878
Gujarat,2020,1,Districts,gandhinagar district,2897812,4428953381.893767
Gujarat,2020,1,Districts,bharuch district,1891459,3358027291.5864086
Gujarat,2020,1,Districts,mahesana district,1599252,2811285254.917519
Gujarat,2020,1,Districts,kachchh district,1570585,3298981800.5675406
Gujarat,2020,1,Districts,valsad district,1557505,2599086246.9314117
Gujarat,2020,1,Districts,rajkot district,1361272,2568114148.4136786
Gujarat,2020,1,Districts,anand district,1187463,1790883781.4443555
Gujarat,2020,2,Districts,ahmedabad district,9876833,15506949506.45603
Gujarat,2020,2,Districts,surat district,5624269,9069388452.514885
Gujarat,2020,2,Districts,vadodara district,3082995,5163590103.212908
Gujarat,2020,2,Districts,gandhinagar district,2397917,3627382860.3958263
Gujarat,2020,2,Districts,bharuch district,2010502,3167899319.666704
Gujarat,2020,2,Districts,mahesana district,1906466,2965745302.653143
Gujarat,2020,2,Districts,valsad district,1722227,2395380798.4457183
Gujarat,2020,2,Districts,kachchh district,1664190,3245561049.4554625
Gujarat,2020,2,Districts,rajkot district,1384855,2190780108.6868887
Gujarat,2020,2,Districts,bhavnagar district,1348858,1995376332.0127385
Gujarat,2020,3,Districts,ahmedabad district,15530752,27676101094.04117
Gujarat,2020,3,Districts,surat district,7349488,14629064678.726004
Gujarat,2020,3,Districts,vadodara district,4689850,8128119190.777702
Gujarat,2020,3,Districts,gandhinagar district,3479551,5764463150.593277
Gujarat,2020,3,Districts,bharuch district,2659635,4550524872.970114
Gujarat,2020,3,Districts,mahesana district,2274676,4281438734.5518894
Gujarat,2020,3,Districts,valsad district,2154483,3584232109.1021085
Gujarat,2020,3,Districts,kachchh district,2111606,4527632429.717446
Gujarat,2020,3,Districts,rajkot district,1673738,3373855280.937876
Gujarat,2020,3,Districts,banaskantha district,1468546,3151200561.109823
Gujarat,2020,4,Districts,ahmedabad district,19921250,36835506337.617004
Gujarat,2020,4,Districts,surat district,11243823,23002486172.15149
Gujarat,2020,4,Districts,vadodara district,6500887,10890354516.498882
Gujarat,2020,4,Districts,gandhinagar district,4368528,7338153516.25774
Gujarat,2020,4,Districts,bharuch district,3772399,6241627088.401732
Gujarat,2020,4,Districts,valsad district,3025620,4970443951.800535
Gujarat,2020,4,Districts,mahesana district,2800633,5427447275.425867
Gujarat,2020,4,Districts,kachchh district,2744434,5894328216.971835
Gujarat,2020,4,Districts,rajkot district,2097206,4448493464.943316
Gujarat,2020,4,Districts,banaskantha district,1800951,3792478506.0713944
Gujarat,2021,1,Districts,ahmedabad district,24659336,45702447374.51823
Gujarat,2021,1,Districts,surat district,13866473,29072053552.82585
Gujarat,2021,1,Districts,vadodara district,7981878,12944606582.722878
Gujarat,2021,1,Districts,gandhinagar district,5441497,9112643291.825153
Gujarat,2021,1,Districts,bharuch district,4467489,7405444186.814465
Gujarat,2021,1,Districts,valsad district,3574886,6043737838.034221
Gujarat,2021,1,Districts,kachchh district,3346061,7396824153.239834
Gujarat,2021,1,Districts,mahesana district,3189009,6534954205.231204
Gujarat,2021,1,Districts,rajkot district,2515062,5556670118.25336
Gujarat,2021,1,Districts,banaskantha district,2178138,4860565966.517766
Gujarat,2021,2,Districts,ahmedabad district,27073367,49533941694.70191
Gujarat,2021,2,Districts,surat district,15518693,31390364898.39078
Gujarat,2021,2,Districts,vadodara district,8750580,14020433780.442154
Gujarat,2021,2,Districts,gandhinagar district,5953941,9970077130.255516
Gujarat,2021,2,Districts,bharuch district,5330925,8545741275.175557
Gujarat,2021,2,Districts,valsad district,4383497,7061767248.58764
Gujarat,2021,2,Districts,kachchh district,4239233,8847372267.13398
Gujarat,2021,2,Districts,mahesana district,3926379,7593005510.438768
Gujarat,2021,2,Districts,rajkot district,2995315,6285079387.37594
Gujarat,2021,2,Districts,banaskantha district,2770929,6091123853.509365
Gujarat,2021,3,Districts,ahmedabad district,37325057,66752764758.6187
Gujarat,2021,3,Districts,surat district,21890468,42106963346.8382
Gujarat,2021,3,Districts,vadodara district,11755496,17656545491.04659
Gujarat,2021,3,Districts,gandhinagar district,8207725,13264522724.609632
Gujarat,2021,3,Districts,bharuch district,7077756,10830177942.579172
Gujarat,2021,3,Districts,valsad district,5957563,9223422429.282154
Gujarat,2021,3,Districts,kachchh district,5685164,11234905412.288082
Gujarat,2021,3,Districts,mahesana district,5075441,9960737886.077562
Gujarat,2021,3,Districts,rajkot district,4180568,8804873146.657438
Gujarat,2021,3,Districts,banaskantha district,3725964,8118944287.128029
Gujarat,2021,4,Districts,ahmedabad district,38589370,71037831790.99695
Gujarat,2021,4,Districts,surat district,23257918,45025997286.607285
Gujarat,2021,4,Districts,vadodara district,12138648,18751174303.351788
Gujarat,2021,4,Districts,gandhinagar district,8506937,14071374704.214039
Gujarat,2021,4,Districts,bharuch district,7639985,11831292504.274782
Gujarat,2021,4,Districts,valsad district,6680878,10571780048.950396
Gujarat,2021,4,Districts,kachchh district,6113541,12097494184.991665
Gujarat,2021,4,Districts,mahesana district,5332917,10963457315.210546
Gujarat,2021,4,Districts,rajkot district,4520232,9839324817.140663
Gujarat,2021,4,Districts,banaskantha district,4088084,8836021335.302244
Gujarat,2022,1,Districts,ahmedabad district,49887247,90478154180.57729
Gujarat,2022,1,Districts,surat district,31349103,60377147200.52745
Gujarat,2022,1,Districts,vadodara district,15534558,23212474033.207287
Gujarat,2022,1,Districts,gandhinagar district,10826728,17760968240.8455
Gujarat,2022,1,Districts,bharuch district,9966465,15184812447.66168
Gujarat,2022,1,Districts,valsad district,8631744,13647386271.003242
Gujarat,2022,1,Districts,kachchh district,8180374,15964768029.564688
Gujarat,2022,1,Districts,mahesana district,6802225,13761792617.146187
Gujarat,2022,1,Districts,rajkot district,5764322,12416593440.687408
Gujarat,2022,1,Districts,banaskantha district,5637185,12171904960.219948
Gujarat,2022,2,Districts,ahmedabad district,59704946,103171856278.32738
Gujarat,2022,2,Districts,surat district,37705487,68027859403.955986
Gujarat,2022,2,Districts,vadodara district,18066037,25993357234.569016
Gujarat,2022,2,Districts,gandhinagar district,12936585,20174087446.26594
Gujarat,2022,2,Districts,bharuch district,11665583,16925073403.638721
Gujarat,2022,2,Districts,valsad district,10478827,15538416929.732431
Gujarat,2022,2,Districts,kachchh district,10157069,18610953459.857506
Gujarat,2022,2,Districts,mahesana district,8137383,15539010402.80884
Gujarat,2022,2,Districts,banaskantha district,7159774,14272346765.686714
Gujarat,2022,2,Districts,rajkot district,7012502,13975809462.578505
Gujarat,2022,3,Districts,ahmedabad district,73393147,122489055880.94595
Gujarat,2022,3,Districts,surat district,47425779,79971030004.95528
Gujarat,2022,3,Districts,vadodara district,22084772,29835690093.70569
Gujarat,2022,3,Districts,gandhinagar district,15968214,23983756937.964394
Gujarat,2022,3,Districts,bharuch district,14273139,19612435712.309845
Gujarat,2022,3,Districts,valsad district,12727196,17695627006.869114
Gujarat,2022,3,Districts,kachchh district,12668902,21018372590.198956
Gujarat,2022,3,Districts,mahesana district,9699810,17808959287.89273
Gujarat,2022,3,Districts,banaskantha district,8871974,16744060651.416656
Gujarat,2022,3,Districts,rajkot district,8696717,16488119398.17738
Gujarat,2022,4,Districts,ahmedabad district,79273169,133159988079.07825
Gujarat,2022,4,Districts,surat district,51674564,84401639133.86671
Gujarat,2022,4,Districts,vadodara district,23421296,32108469347.429775
Gujarat,2022,4,Districts,gandhinagar district,17529979,26564078608.43043
Gujarat,2022,4,Districts,bharuch district,15848187,21545808981.563793
Gujarat,2022,4,Districts,valsad district,14649215,19954288770.6916
Gujarat,2022,4,Districts,kachchh district,14350389,23836250277.188137
Gujarat,2022,4,Districts,mahesana district,10852173,20392546460.903072
Gujarat,2022,4,Districts,rajkot district,9692317,18699128557.35192
Gujarat,2022,4,Districts,banaskantha district,9646898,18621395891.80305
Gujarat,2023,1,Districts,ahmedabad district,88540464,146092797667.08087
Gujarat,2023,1,Districts,surat district,60137734,96256659252.06865
Gujarat,2023,1,Districts,vadodara district,25560151,34156042027.36544
Gujarat,2023,1,Districts,gandhinagar district,19522215,29063410426.62375
Gujarat,2023,1,Districts,bharuch district,17616393,23340093836.732124
Gujarat,2023,1,Districts,kachchh district,16414535,26626594690.216297
Gujarat,2023,1,Districts,valsad district,16181700,22005309024.827976
Gujarat,2023,1,Districts,mahesana district,11897812,21791085393.11217
Gujarat,2023,1,Districts,banaskantha district,11092124,20990139321.592606
Gujarat,2023,1,Districts,rajkot district,10841272,20415900816.825615
Gujarat,2023,2,Districts,ahmedabad district,101450862,157711275396.40173
Gujarat,2023,2,Districts,surat district,69983794,102687031665.10423
Gujarat,2023,2,Districts,vadodara district,28319121,36537353012.26205
Gujarat,2023,2,Districts,gandhinagar district,22548984,31738160925.164333
Gujarat,2023,2,Districts,bharuch district,20539998,25480873701.497425
Gujarat,2023,2,Districts,kachchh district,18950408,28269603107.2129
Gujarat,2023,2,Districts,valsad district,18720429,24386794598.318184
Gujarat,2023,2,Districts,mahesana district,13809658,23764958195.4469
Gujarat,2023,2,Districts,banaskantha district,13066776,22922812054.673214
Gujarat,2023,2,Districts,rajkot district,12499973,21990907741.453674
Gujarat,2023,3,Districts,ahmedabad district,116510467,174926030874.9541
Gujarat,2023,3,Districts,surat district,80341456,109753259976.48279
Gujarat,2023,3,Districts,vadodara district,32862719,39706322394.87245
Gujarat,2023,3,Districts,gandhinagar district,26372445,35870748296.74597
Gujarat,2023,3,Districts,bharuch district,23361333,27193712683.02462
Gujarat,2023,3,Districts,kachchh district,22218387,31067625422.42339
Gujarat,2023,3,Districts,valsad district,21099102,25569641896.089836
Gujarat,2023,3,Districts,mahesana district,15654958,26866914543.127575
Gujarat,2023,3,Districts,banaskantha district,15158084,26681648128.97902
Gujarat,2023,3,Districts,rajkot district,14193068,24516604166.009045
Gujarat,2023,4,Districts,ahmedabad district,125830841,192793840510.18274
Gujarat,2023,4,Districts,surat district,90078245,122349347667.89613
Gujarat,2023,4,Districts,vadodara district,35500249,43297995790.73062
Gujarat,2023,4,Districts,gandhinagar district,28745148,39899405840.671104
Gujarat,2023,4,Districts,bharuch district,26004724,30605078363.870724
Gujarat,2023,4,Districts,kachchh district,25245978,35193682871.371254
Gujarat,2023,4,Districts,valsad district,24737813,29617540822.82805
Gujarat,2023,4,Districts,mahesana district,17885886,31230326580.967323
Gujarat,2023,4,Districts,banaskantha district,17408595,30218557097.824055
Gujarat,2023,4,Districts,vav tharad district,16134128,26366073330.36074
Gujarat,2024,1,Districts,ahmedabad district,139230639,204284135306.59238
Gujarat,2024,1,Districts,surat district,105534880,137183107400.21329
Gujarat,2024,1,Districts,vadodara district,38433206,45399931280.55101
Gujarat,2024,1,Districts,gandhinagar district,32133410,43440308263.638535
Gujarat,2024,1,Districts,bharuch district,29698497,33687526366.88814
Gujarat,2024,1,Districts,kachchh district,29491037,39530236987.471695
Gujarat,2024,1,Districts,valsad district,27878940,32599102047.730305
Gujarat,2024,1,Districts,banaskantha district,20721831,35605551798.321945
Gujarat,2024,1,Districts,vav tharad district,20502008,31685843893.855152
Gujarat,2024,1,Districts,mahesana district,20152397,34463462659.98232
Gujarat,2024,2,Districts,ahmedabad district,158112451,211737340470.73636
Gujarat,2024,2,Districts,surat district,117507384,139033183265.81555
Gujarat,2024,2,Districts,vadodara district,42634469,46830956552.723305
Gujarat,2024,2,Districts,gandhinagar district,36346480,45445678336.09351
Gujarat,2024,2,Districts,kachchh district,34665363,41782936258.00602
Gujarat,2024,2,Districts,bharuch district,33397410,34727457662.21608
Gujarat,2024,2,Districts,valsad district,31587927,34372470776.67736
Gujarat,2024,2,Districts,banaskantha district,24283177,38219829471.59494
Gujarat,2024,2,Districts,vav tharad district,24277640,33686552479.551155
Gujarat,2024,2,Districts,mahesana district,23150207,36285028099.50961
Gujarat,2024,3,Districts,ahmedabad district,174348647,227827417270.63904
Gujarat,2024,3,Districts,surat district,131549650,149944898333.1225
Gujarat,2024,3,Districts,vadodara district,45977310,49047170621.7253
Gujarat,2024,3,Districts,gandhinagar district,40460318,49706496457.26912
Gujarat,2024,3,Districts,kachchh district,38070657,43231260453.18809
Gujarat,2024,3,Districts,bharuch district,36620529,36702571374.62072
Gujarat,2024,3,Districts,valsad district,34325759,35770781011.373505
Gujarat,2024,3,Districts,banaskantha district,25881135,40692716433.51566
Gujarat,2024,3,Districts,mahesana district,25071597,39083256941.02389
Gujarat,2024,3,Districts,vav tharad district,24601746,34755841232.66324
Gujarat,2024,4,Districts,ahmedabad district,185820752,247552548153.8007
Gujarat,2024,4,Districts,surat district,142266055,164313781741.31262
Gujarat,2024,4,Districts,vadodara district,50259587,54077047597.23045
Gujarat,2024,4,Districts,gandhinagar district,43531953,54370397120.528465
Gujarat,2024,4,Districts,kachchh district,41687977,48663364488.908
Gujarat,2024,4,Districts,bharuch district,39441978,40389958759.638054
Gujarat,2024,4,Districts,valsad district,38362997,40046890107.399414
Gujarat,2024,4,Districts,banaskantha district,27906962,45009844393.00672
Gujarat,2024,4,Districts,vav tharad district,27696700,41438349734.857666
Gujarat,2024,4,Districts,mahesana district,27681644,43939940018.759995
Gujarat,2025,1,Districts,ahmedabad district,203492633,256373963808.0038
Gujarat,2025,1,Districts,surat district,156145899,173639814559.33014
Gujarat,2025,1,Districts,vadodara district,54565577,56090580581.36042
Gujarat,2025,1,Districts,gandhinagar district,47108740,55424851339.69175
Gujarat,2025,1,Districts,kachchh district,45719050,51577929792.36752
Gujarat,2025,1,Districts,bharuch district,40974049,40827471608.63685
Gujarat,2025,1,Districts,valsad district,39711214,40321882095.91708
Gujarat,2025,1,Districts,vav tharad district,29663045,40976798623.6882
Gujarat,2025,1,Districts,banaskantha district,29291158,44298841635.84353
Gujarat,2025,1,Districts,mahesana district,29098114,42744599642.73167
Gujarat,2025,2,Districts,ahmedabad district,205117798,244683698687.70123
Gujarat,2025,2,Districts,surat district,157411481,165237546404.45526
Gujarat,2025,2,Districts,vadodara district,52797601,52989764466.80664
Gujarat,2025,2,Districts,gandhinagar district,47922414,54022809942.85572
Gujarat,2025,2,Districts,kachchh district,47613845,50575936600.70186
Gujarat,2025,2,Districts,bharuch district,42340601,40384820602.71537
Gujarat,2025,2,Districts,valsad district,41449698,40834752564.439545
Gujarat,2025,2,Districts,banaskantha district,31333281,44592323461.44358
Gujarat,2025,2,Districts,vav tharad district,30891759,40513292751.474915
Gujarat,2025,2,Districts,mahesana district,30810728,42133964399.75263
Gujarat,2025,3,Districts,ahmedabad district,232471149,267626812441.17725
Gujarat,2025,3,Districts,surat district,184548217,182645895738.36215
Gujarat,2025,3,Districts,vadodara district,60393963,57011846021.30822
Gujarat,2025,3,Districts,gandhinagar district,54687999,59486169983.81368
Gujarat,2025,3,Districts,kachchh district,53960839,52861427214.97127
Gujarat,2025,3,Districts,bharuch district,48654451,43636036460.34749
Gujarat,2025,3,Districts,valsad district,45988998,42666829569.44315
Gujarat,2025,3,Districts,banaskantha district,35884055,48846554730.023056
Gujarat,2025,3,Districts,vav tharad district,35821364,44465060668.68299
Gujarat,2025,3,Districts,mahesana district,34463003,45964759937.53166
Gujarat,2025,4,Districts,ahmedabad district,230877722,279501425031.4833
Gujarat,2025,4,Districts,surat district,184123266,189861179489.917
Gujarat,2025,4,Districts,vadodara district,60676295,60098468872.89586
Gujarat,2025,4,Districts,gandhinagar district,54160353,62824004331.95466
Gujarat,2025,4,Districts,kachchh district,54030120,56561264697.05895
Gujarat,2025,4,Districts,bharuch district,49893995,46618865048.456375
Gujarat,2025,4,Districts,valsad district,48013904,46183392783.169334
Gujarat,2025,4,Districts,vav tharad district,36859120,51112785302.11423
Gujarat,2025,4,Districts,banaskantha district,35665255,52494063061.90172
Gujarat,2025,4,Districts,mahesana district,35053850,49672750359.84918
Gujarat,2026,1,Districts,ahmedabad district,248708675,290216242064.15076
Gujarat,2026,1,Districts,surat district,204111967,207188425996.0927
Gujarat,2026,1,Districts,vadodara district,64128325,62325860325.50058
Gujarat,2026,1,Districts,kachchh district,58549681,60631815560.50255
Gujarat,2026,1,Districts,gandhinagar district,58252097,65725223002.50494
Gujarat,2026,1,Districts,bharuch district,53313819,48459797879.46684
Gujarat,2026,1,Districts,valsad district,50752709,48214113969.616516
Gujarat,2026,1,Districts,vav tharad district,38761285,52731612558.597626
Gujarat,2026,1,Districts,banaskantha district,38078479,54326231077.57154
Gujarat,2026,1,Districts,mahesana district,36550667,50199878099.880486
Gujarat,2026,2,Districts,ahmedabad district,260700084,294794035228.6818
Gujarat,2026,2,Districts,surat district,201601478,201596061242.64078
Gujarat,2026,2,Districts,vadodara district,66298282,63196981477.488625
Gujarat,2026,2,Districts,kachchh district,60579670,60581479510.03189
Gujarat,2026,2,Districts,gandhinagar district,60548590,66840655989.803345
Gujarat,2026,2,Districts,bharuch district,54956816,49075687018.12625
Gujarat,2026,2,Districts,valsad district,51903972,48772915110.49753
Gujarat,2026,2,Districts,banaskantha district,39156532,54304178244.400215
Gujarat,2026,2,Districts,mahesana district,38171930,51062246904.23306
Gujarat,2026,2,Districts,vav tharad district,36805128,49059437959.39837
Haryana,2018,1,Districts,gurugram district,1427526,2395805647.664883
Haryana,2018,1,Districts,faridabad district,533590,770628932.0696139
Haryana,2018,1,Districts,hisar district,293592,430827117.9769757
Haryana,2018,1,Districts,rewari district,253101,347622103.73638844
Haryana,2018,1,Districts,sonipat district,211028,321455251.8743504
Haryana,2018,1,Districts,karnal district,204584,297308563.66716135
Haryana,2018,1,Districts,panipat district,203659,289958386.0064975
Haryana,2018,1,Districts,sirsa district,198848,197447076.96200013
Haryana,2018,1,Districts,rohtak district,148799,260769373.2370637
Haryana,2018,1,Districts,fatehabad district,142354,128840810.54782024
Haryana,2018,2,Districts,gurugram district,1945593,3725491817.148319
Haryana,2018,2,Districts,faridabad district,704352,1196679339.8398776
Haryana,2018,2,Districts,hisar district,381503,742154781.5203446
Haryana,2018,2,Districts,rewari district,328327,550067350.2914113
Haryana,2018,2,Districts,sonipat district,298107,542723405.4833977
Haryana,2018,2,Districts,panipat district,292882,479776695.6633895
Haryana,2018,2,Districts,sirsa district,273013,335953699.1740874
Haryana,2018,2,Districts,karnal district,269531,509200071.7722827
Haryana,2018,2,Districts,rohtak district,214390,439649834.535012
Haryana,2018,2,Districts,ambala district,205929,394907853.9300896
Haryana,2018,3,Districts,gurugram district,2944574,5283554094.625114
Haryana,2018,3,Districts,faridabad district,1088345,1710679403.1382096
Haryana,2018,3,Districts,hisar district,452251,1105161873.6035845
Haryana,2018,3,Districts,rewari district,427851,757652065.717485
Haryana,2018,3,Districts,sonipat district,365960,782292522.6713605
Haryana,2018,3,Districts,panipat district,356229,713574826.0482831
Haryana,2018,3,Districts,karnal district,329435,684756961.473879
Haryana,2018,3,Districts,rohtak district,281567,652600207.457105
Haryana,2018,3,Districts,ambala district,256773,568897823.3336285
Haryana,2018,3,Districts,sirsa district,253030,463946402.97018754
Haryana,2018,4,Districts,gurugram district,4995593,7981636099.317684
Haryana,2018,4,Districts,faridabad district,2499288,2918022192.5249634
Haryana,2018,4,Districts,rewari district,654835,1221145222.1804414
Haryana,2018,4,Districts,hisar district,595495,1693942363.871734
Haryana,2018,4,Districts,sonipat district,515122,1177607202.959694
Haryana,2018,4,Districts,panipat district,459289,1037081215.571183
Haryana,2018,4,Districts,palwal district,452874,768842387.9774277
Haryana,2018,4,Districts,karnal district,420636,1011560755.3202839
Haryana,2018,4,Districts,jhajjar district,373664,837007598.0166535
Haryana,2018,4,Districts,rohtak district,352343,949189264.8091018
Haryana,2019,1,Districts,gurugram district,10105116,11954080814.248253
Haryana,2019,1,Districts,faridabad district,4646987,4660779310.445842
Haryana,2019,1,Districts,rewari district,1245223,1727722378.4215958
Haryana,2019,1,Districts,palwal district,876554,1244712986.033603
Haryana,2019,1,Districts,hisar district,853436,1975165986.504245
Haryana,2019,1,Districts,sonipat district,797992,1560462217.704574
Haryana,2019,1,Districts,panipat district,656460,1327953686.942173
Haryana,2019,1,Districts,jhajjar district,646067,1207594751.3244402
Haryana,2019,1,Districts,karnal district,634159,1360839580.0230286
Haryana,2019,1,Districts,rohtak district,529257,1206884377.3931317
Haryana,2019,2,Districts,gurugram district,11031930,15255501475.414133
Haryana,2019,2,Districts,faridabad district,4798919,6134430494.646593
Haryana,2019,2,Districts,rewari district,1280118,2316339433.9188824
Haryana,2019,2,Districts,palwal district,1023612,1779923051.549746
Haryana,2019,2,Districts,hisar district,1007570,2682579262.0148053
Haryana,2019,2,Districts,sonipat district,925138,2091451081.405012
Haryana,2019,2,Districts,panipat district,733667,1698180216.3777003
Haryana,2019,2,Districts,karnal district,730110,1833719931.3234417
Haryana,2019,2,Districts,jhajjar district,729119,1631422687.835774
Haryana,2019,2,Districts,rohtak district,650329,1704374556.6222053
Haryana,2019,3,Districts,gurugram district,14940873,19469896415.576202
Haryana,2019,3,Districts,faridabad district,5996484,7790870415.787579
Haryana,2019,3,Districts,rewari district,1551301,2810329332.045499
Haryana,2019,3,Districts,palwal district,1333771,2288845262.0976305
Haryana,2019,3,Districts,hisar district,1282180,3311193979.32122
Haryana,2019,3,Districts,sonipat district,1090956,2513171438.1153145
Haryana,2019,3,Districts,panipat district,914933,2083561853.73105
Haryana,2019,3,Districts,karnal district,912720,2208190827.3338995
Haryana,2019,3,Districts,jhajjar district,883640,2021087242.5770683
Haryana,2019,3,Districts,nuh district,794852,2078304423.1101966
Haryana,2019,4,Districts,gurugram district,18740787,24597766967.085987
Haryana,2019,4,Districts,faridabad district,6758819,10288038910.741909
Haryana,2019,4,Districts,rewari district,1936527,3835755768.0603933
Haryana,2019,4,Districts,palwal district,1586497,3179222455.631379
Haryana,2019,4,Districts,hisar district,1584093,4287916348.589284
Haryana,2019,4,Districts,sonipat district,1380002,3278409538.6969576
Haryana,2019,4,Districts,karnal district,1168021,2918058428.361187
Haryana,2019,4,Districts,jhajjar district,1141833,2657172039.529061
Haryana,2019,4,Districts,panipat district,1126834,2797913397.074647
Haryana,2019,4,Districts,nuh district,1090534,3160501104.289717
Haryana,2020,1,Districts,gurugram district,20940234,27399162840.876953
Haryana,2020,1,Districts,faridabad district,7540950,11949729053.407219
Haryana,2020,1,Districts,rewari district,2266925,4383587969.352546
Haryana,2020,1,Districts,palwal district,1999613,4075219121.9373956
Haryana,2020,1,Districts,hisar district,1836395,4826344879.261857
Haryana,2020,1,Districts,sonipat district,1632817,3762053695.9997373
Haryana,2020,1,Districts,nuh district,1625407,4449379978.519649
Haryana,2020,1,Districts,karnal district,1347208,3277307997.6979127
Haryana,2020,1,Districts,jhajjar district,1310848,3008766842.663173
Haryana,2020,1,Districts,panipat district,1306193,3128618712.6572046
Haryana,2020,2,Districts,gurugram district,13587451,17939047459.728962
Haryana,2020,2,Districts,faridabad district,7098169,10494323961.824917
Haryana,2020,2,Districts,palwal district,2553974,4871704289.465697
Haryana,2020,2,Districts,rewari district,2517351,4716942689.566328
Haryana,2020,2,Districts,nuh district,2026132,4948398389.641778
Haryana,2020,2,Districts,hisar district,1996616,5330497619.4191675
Haryana,2020,2,Districts,sonipat district,1740131,3962080123.378841
Haryana,2020,2,Districts,jhajjar district,1501930,3411399583.7756643
Haryana,2020,2,Districts,mahendragarh district,1446228,3348522605.150732
Haryana,2020,2,Districts,karnal district,1418966,3396985335.045585
Haryana,2020,3,Districts,gurugram district,22198085,29466221744.485134
Haryana,2020,3,Districts,faridabad district,10475758,16657315079.201624
Haryana,2020,3,Districts,rewari district,3924871,7178900116.801689
Haryana,2020,3,Districts,palwal district,3329367,6346606488.014537
Haryana,2020,3,Districts,nuh district,2704081,6849372457.046598
Haryana,2020,3,Districts,hisar district,2663353,7146219619.617222
Haryana,2020,3,Districts,sonipat district,2480502,5775825297.338973
Haryana,2020,3,Districts,jhajjar district,2100935,4855152029.606094
Haryana,2020,3,Districts,panipat district,1879799,4534455606.400633
Haryana,2020,3,Districts,karnal district,1868270,4393228751.242786
Haryana,2020,4,Districts,gurugram district,31802470,40886495664.13843
Haryana,2020,4,Districts,faridabad district,13724798,22512126956.170715
Haryana,2020,4,Districts,rewari district,5133675,9878212674.84019
Haryana,2020,4,Districts,palwal district,4202575,8543584759.927011
Haryana,2020,4,Districts,hisar district,3571838,9839949411.73291
Haryana,2020,4,Districts,nuh district,3465435,8987639160.135859
Haryana,2020,4,Districts,sonipat district,3381856,7967529255.050613
Haryana,2020,4,Districts,jhajjar district,2809124,6569662117.720819
Haryana,2020,4,Districts,panipat district,2501978,6219578778.1418295
Haryana,2020,4,Districts,karnal district,2438932,6011183623.684265
Haryana,2021,1,Districts,gurugram district,38917056,47832629546.53235
Haryana,2021,1,Districts,faridabad district,16017589,25840864992.74089
Haryana,2021,1,Districts,rewari district,5843477,10931860221.502539
Haryana,2021,1,Districts,palwal district,4673622,9180947318.478783
Haryana,2021,1,Districts,nuh district,4296334,11406852646.899176
Haryana,2021,1,Districts,hisar district,3948333,10529797860.339691
Haryana,2021,1,Districts,sonipat district,3538682,8229526922.80978
Haryana,2021,1,Districts,jhajjar district,2962310,6935323551.639549
Haryana,2021,1,Districts,mahendragarh district,2771056,6600515584.661785
Haryana,2021,1,Districts,panipat district,2696157,6585103801.185043
Haryana,2021,2,Districts,gurugram district,40043742,49017379019.39925
Haryana,2021,2,Districts,faridabad district,18280942,29569708320.740257
Haryana,2021,2,Districts,rewari district,7399307,13216242316.904194
Haryana,2021,2,Districts,palwal district,6339763,12547896205.780903
Haryana,2021,2,Districts,nuh district,5541461,13524730778.714428
Haryana,2021,2,Districts,hisar district,5001741,13111692465.413374
Haryana,2021,2,Districts,sonipat district,4746781,10787583932.474617
Haryana,2021,2,Districts,jhajjar district,3948712,8974206310.686436
Haryana,2021,2,Districts,mahendragarh district,3755302,8472590579.053846
Haryana,2021,2,Districts,panipat district,3511597,8116088422.668897
Haryana,2021,3,Districts,gurugram district,58432991,67123207410.967674
Haryana,2021,3,Districts,faridabad district,23955908,36573669188.2345
Haryana,2021,3,Districts,rewari district,9848850,16223147626.531382
Haryana,2021,3,Districts,palwal district,7703236,13392097447.057652
Haryana,2021,3,Districts,nuh district,6887885,14893172016.971867
Haryana,2021,3,Districts,hisar district,6380507,15153245535.225243
Haryana,2021,3,Districts,sonipat district,6184921,12732708193.157665
Haryana,2021,3,Districts,jhajjar district,5122927,10491606413.098206
Haryana,2021,3,Districts,mahendragarh district,4614242,9671975546.369963
Haryana,2021,3,Districts,panipat district,4475791,9719221703.962095
Haryana,2021,4,Districts,gurugram district,59811966,71615315794.9227
Haryana,2021,4,Districts,faridabad district,24694628,39345492500.29198
Haryana,2021,4,Districts,rewari district,9927363,17737619073.495514
Haryana,2021,4,Districts,palwal district,8343137,15447998215.931633
Haryana,2021,4,Districts,nuh district,8198030,17152560706.647535
Haryana,2021,4,Districts,hisar district,6584913,17006644866.778547
Haryana,2021,4,Districts,sonipat district,6546900,14188727025.505909
Haryana,2021,4,Districts,jhajjar district,5527735,11879028815.536354
Haryana,2021,4,Districts,mahendragarh district,4893450,11286281471.242723
Haryana,2021,4,Districts,panipat district,4752168,11025184081.817896
Haryana,2022,1,Districts,gurugram district,75571738,89609189768.36711
Haryana,2022,1,Districts,faridabad district,31375547,49318747266.80234
Haryana,2022,1,Districts,rewari district,12439223,21562836630.06473
Haryana,2022,1,Districts,nuh district,11735596,22924410574.735725
Haryana,2022,1,Districts,palwal district,10719977,19021327056.001953
Haryana,2022,1,Districts,sonipat district,8557823,17707670223.979637
Haryana,2022,1,Districts,hisar district,8457689,20973228187.226154
Haryana,2022,1,Districts,jhajjar district,7000540,14562096836.7005
Haryana,2022,1,Districts,panipat district,6205417,13462241316.593369
Haryana,2022,1,Districts,mahendragarh district,6125761,13417603354.38748
Haryana,2022,2,Districts,gurugram district,96659582,107447013433.83125
Haryana,2022,2,Districts,faridabad district,37141538,55981542597.72369
Haryana,2022,2,Districts,rewari district,15067053,24662074926.63762
Haryana,2022,2,Districts,nuh district,14234134,26447660975.70492
Haryana,2022,2,Districts,palwal district,12553512,21606373407.789757
Haryana,2022,2,Districts,sonipat district,10603706,20786383572.071297
Haryana,2022,2,Districts,hisar district,10292122,24069212208.424408
Haryana,2022,2,Districts,jhajjar district,8535331,17019064737.701094
Haryana,2022,2,Districts,panipat district,7504242,15392384102.194195
Haryana,2022,2,Districts,mahendragarh district,7354471,15212673838.29391
Haryana,2022,3,Districts,gurugram district,118654957,126234489152.19356
Haryana,2022,3,Districts,faridabad district,44016192,63077893375.743385
Haryana,2022,3,Districts,rewari district,17502905,27212159008.936172
Haryana,2022,3,Districts,nuh district,16900693,28360985303.28187
Haryana,2022,3,Districts,palwal district,14868025,23308927970.570858
Haryana,2022,3,Districts,sonipat district,12690582,23127214473.58548
Haryana,2022,3,Districts,hisar district,12282213,26805887345.0806
Haryana,2022,3,Districts,jhajjar district,10117983,18650020064.590374
Haryana,2022,3,Districts,panipat district,9193210,17752666189.335392
Haryana,2022,3,Districts,mahendragarh district,8513877,16392054039.06318
Haryana,2022,4,Districts,gurugram district,125058583,135336996848.11598
Haryana,2022,4,Districts,faridabad district,47463607,68903864805.5386
Haryana,2022,4,Districts,rewari district,18327317,29832874416.230286
Haryana,2022,4,Districts,nuh district,17039779,29766674264.73148
Haryana,2022,4,Districts,palwal district,15731240,25999806951.213223
Haryana,2022,4,Districts,sonipat district,13912976,26279076153.5182
Haryana,2022,4,Districts,hisar district,12920292,29181322881.872337
Haryana,2022,4,Districts,jhajjar district,11054604,21253905434.820595
Haryana,2022,4,Districts,panipat district,10120831,20458420877.649467
Haryana,2022,4,Districts,mahendragarh district,9218562,18950314510.538162
Haryana,2023,1,Districts,gurugram district,139403695,150445387619.6849
Haryana,2023,1,Districts,faridabad district,53253048,76772890968.65002
Haryana,2023,1,Districts,nuh district,20073277,34285818163.893482
Haryana,2023,1,Districts,rewari district,19766183,31905957388.82073
Haryana,2023,1,Districts,palwal district,17897260,29019794615.599648
Haryana,2023,1,Districts,sonipat district,15340409,28207385556.51562
Haryana,2023,1,Districts,hisar district,13772166,30230561384.455807
Haryana,2023,1,Districts,jhajjar district,12277513,23033212152.098965
Haryana,2023,1,Districts,panipat district,10869949,20875024179.06529
Haryana,2023,1,Districts,mahendragarh district,10026128,20126559413.288258
Haryana,2023,2,Districts,gurugram district,168291173,168841687952.4165
Haryana,2023,2,Districts,faridabad district,62224261,82794402888.41357
Haryana,2023,2,Districts,nuh district,24937489,39276199041.62634
Haryana,2023,2,Districts,rewari district,23865904,35624484417.297165
Haryana,2023,2,Districts,palwal district,21339026,32270784818.707417
Haryana,2023,2,Districts,sonipat district,18825041,31820191619.922337
Haryana,2023,2,Districts,hisar district,16148011,33894623159.254948
Haryana,2023,2,Districts,jhajjar district,14847710,26173983207.01943
Haryana,2023,2,Districts,panipat district,13103199,23084625822.42607
Haryana,2023,2,Districts,mahendragarh district,12205542,22652471646.722984
Haryana,2023,3,Districts,gurugram district,188777546,180743104618.7084
Haryana,2023,3,Districts,faridabad district,66615080,85752923412.81958
Haryana,2023,3,Districts,rewari district,27084537,37469794589.66058
Haryana,2023,3,Districts,palwal district,22239859,31321682310.80904
Haryana,2023,3,Districts,sonipat district,21609119,33471442374.90856
Haryana,2023,3,Districts,nuh district,21529497,32972340975.87086
Haryana,2023,3,Districts,hisar district,18071960,35136305776.73381
Haryana,2023,3,Districts,jhajjar district,16813322,27081907193.836304
Haryana,2023,3,Districts,panipat district,15225101,24765254280.60284
Haryana,2023,3,Districts,rohtak district,13370947,24244846668.384865
Haryana,2023,4,Districts,gurugram district,200848907,198544351294.38162
Haryana,2023,4,Districts,faridabad district,77137216,98692730068.34914
Haryana,2023,4,Districts,rewari district,29652064,43467116010.072525
Haryana,2023,4,Districts,nuh district,29106308,44547690095.65887
Haryana,2023,4,Districts,palwal district,26443502,38130694666.55644
Haryana,2023,4,Districts,sonipat district,24216891,38884183543.23311
Haryana,2023,4,Districts,hisar district,19315921,40605529539.46615
Haryana,2023,4,Districts,jhajjar district,18668059,31867819267.04912
Haryana,2023,4,Districts,panipat district,16968514,28978070571.327366
Haryana,2023,4,Districts,mahendragarh district,14861112,27387921701.670395
Haryana,2024,1,Districts,gurugram district,220727106,211058051549.79068
Haryana,2024,1,Districts,faridabad district,87558652,106115448473.34967
Haryana,2024,1,Districts,nuh district,36760207,51675790895.40708
Haryana,2024,1,Districts,rewari district,32725528,45883401786.177574
Haryana,2024,1,Districts,palwal district,30204613,41374783549.114395
Haryana,2024,1,Districts,sonipat district,27043318,40479097599.030914
Haryana,2024,1,Districts,jhajjar district,20697623,32928161117.6706
Haryana,2024,1,Districts,panipat district,18454256,28794272792.900158
Haryana,2024,1,Districts,hisar district,17827097,37730139243.48408
Haryana,2024,1,Districts,mahendragarh district,16212172,28654453960.402447
Haryana,2024,2,Districts,gurugram district,267688497,233170067494.5125
Haryana,2024,2,Districts,faridabad district,106674254,116100791183.06845
Haryana,2024,2,Districts,nuh district,41986774,53379948140.75127
Haryana,2024,2,Districts,rewari district,39157589,50518881486.930725
Haryana,2024,2,Districts,palwal district,35601152,45477857206.940155
Haryana,2024,2,Districts,sonipat district,33484825,45612791140.95273
Haryana,2024,2,Districts,jhajjar district,25314429,37695285205.50924
Haryana,2024,2,Districts,hisar district,24284027,45672790262.20488
Haryana,2024,2,Districts,panipat district,22309396,30857775530.35268
Haryana,2024,2,Districts,mahendragarh district,19324773,32792169336.31712
Haryana,2024,3,Districts,gurugram district,291889380,250433913366.0627
Haryana,2024,3,Districts,faridabad district,115295902,122154441555.42166
Haryana,2024,3,Districts,rewari district,42168793,51159995852.47649
Haryana,2024,3,Districts,nuh district,41553746,48195107060.77065
Haryana,2024,3,Districts,sonipat district,37494640,47827995047.470856
Haryana,2024,3,Districts,palwal district,37303161,44136389123.96888
Haryana,2024,3,Districts,jhajjar district,27734752,37964555285.46655
Haryana,2024,3,Districts,hisar district,26103422,46308432409.96712
Haryana,2024,3,Districts,panipat district,24965170,32965249339.19691
Haryana,2024,3,Districts,rohtak district,20608606,32908010893.2454
Haryana,2024,4,Districts,gurugram district,301972352,267150873166.76874
Haryana,2024,4,Districts,faridabad district,124621937,135577726780.60587
Haryana,2024,4,Districts,rewari district,44302672,57746192018.52929
Haryana,2024,4,Districts,nuh district,43874202,55498933729.39344
Haryana,2024,4,Districts,sonipat district,40514906,54132145203.30115
Haryana,2024,4,Districts,palwal district,39937654,50776659800.62549
Haryana,2024,4,Districts,jhajjar district,29796785,43320867449.0543
Haryana,2024,4,Districts,hisar district,27582528,52126530219.102844
Haryana,2024,4,Districts,panipat district,27414381,38295120346.9463
Haryana,2024,4,Districts,rohtak district,21843502,36593837580.10562
Haryana,2025,1,Districts,gurugram district,314643963,278599750911.61646
Haryana,2025,1,Districts,faridabad district,127372908,139606173992.83087
Haryana,2025,1,Districts,rewari district,42345696,55201039708.05762
Haryana,2025,1,Districts,nuh district,42254197,56426414812.37706
Haryana,2025,1,Districts,sonipat district,40772507,54318478025.71883
Haryana,2025,1,Districts,palwal district,38592072,50274134641.38516
Haryana,2025,1,Districts,jhajjar district,29462960,42463376695.359955
Haryana,2025,1,Districts,panipat district,28166220,37925045317.27258
Haryana,2025,1,Districts,hisar district,27823447,50421882904.73233
Haryana,2025,1,Districts,rohtak district,22069672,36216016600.932785
Haryana,2025,2,Districts,gurugram district,338835331,285581445190.33545
Haryana,2025,2,Districts,faridabad district,137798197,141264744650.0202
Haryana,2025,2,Districts,nuh district,49152435,59983765926.00537
Haryana,2025,2,Districts,rewari district,48326183,59859285378.631775
Haryana,2025,2,Districts,sonipat district,45947484,57402365732.30915
Haryana,2025,2,Districts,palwal district,44889441,55336586857.43033
Haryana,2025,2,Districts,jhajjar district,33607340,46603667967.46752
Haryana,2025,2,Districts,hisar district,30873525,53913940923.520454
Haryana,2025,2,Districts,panipat district,30484253,38013969450.80638
Haryana,2025,2,Districts,rohtak district,24494483,38352239441.55411
Haryana,2025,3,Districts,gurugram district,369206900,301265609907.4647
Haryana,2025,3,Districts,faridabad district,149026626,146279067641.52603
Haryana,2025,3,Districts,rewari district,52326274,60699182409.51168
Haryana,2025,3,Districts,nuh district,51887406,56987596089.9012
Haryana,2025,3,Districts,sonipat district,50262650,57862853145.53345
Haryana,2025,3,Districts,palwal district,47706634,53633495035.40056
Haryana,2025,3,Districts,jhajjar district,36618966,45919545817.65212
Haryana,2025,3,Districts,panipat district,33862501,39697583130.966515
Haryana,2025,3,Districts,hisar district,32092743,52792561826.48941
Haryana,2025,3,Districts,rohtak district,25724888,37454678613.33331
Haryana,2025,4,Districts,gurugram district,364699052,310948159943.2939
Haryana,2025,4,Districts,faridabad district,151994846,155682957517.1631
Haryana,2025,4,Districts,rewari district,52836696,66322492478.29702
Haryana,2025,4,Districts,nuh district,51640154,62987918575.364685
Haryana,2025,4,Districts,sonipat district,51377088,63616580799.09129
Haryana,2025,4,Districts,palwal district,49012796,60129074222.51231
Haryana,2025,4,Districts,jhajjar district,37555535,50395826037.619354
Haryana,2025,4,Districts,panipat district,34966954,45121084052.6534
Haryana,2025,4,Districts,hisar district,33161760,59222323408.65012
Haryana,2025,4,Districts,rohtak district,26417181,41685244405.50138
Haryana,2026,1,Districts,gurugram district,370105054,314986447932.10535
Haryana,2026,1,Districts,faridabad district,153065849,156925622211.82446
Haryana,2026,1,Districts,rewari district,52383888,64391040499.40737
Haryana,2026,1,Districts,nuh district,52341029,64171723065.623634
Haryana,2026,1,Districts,sonipat district,51664135,63023630244.019684
Haryana,2026,1,Districts,palwal district,49082092,60446060777.9222
Haryana,2026,1,Districts,jhajjar district,37569670,49237015428.1695
Haryana,2026,1,Districts,panipat district,34817059,42482728649.713196
Haryana,2026,1,Districts,hisar district,33093725,57315913363.59004
Haryana,2026,1,Districts,rohtak district,26433973,40234434690.431366
Haryana,2026,2,Districts,gurugram district,405201286,332087409061.3963
Haryana,2026,2,Districts,faridabad district,166618683,162810392921.0694
Haryana,2026,2,Districts,rewari district,57775474,67560465787.51903
Haryana,2026,2,Districts,sonipat district,56947232,67951561768.79908
Haryana,2026,2,Districts,nuh district,55133036,66141626693.24094
Haryana,2026,2,Districts,palwal district,54368476,65675470380.47134
Haryana,2026,2,Districts,jhajjar district,41818978,53437506951.90154
Haryana,2026,2,Districts,panipat district,37978024,44721871421.82805
Haryana,2026,2,Districts,hisar district,36869760,63066914045.109726
Haryana,2026,2,Districts,rohtak district,29566479,43689109372.14713
Himachal Pradesh,2018,1,Districts,solan district,149567,176408145.91081092
Himachal Pradesh,2018,1,Districts,kangra district,67634,85823986.43427885
Himachal Pradesh,2018,1,Districts,shimla district,66266,99322843.84980501
Himachal Pradesh,2018,1,Districts,mandi district,53940,59178195.98950255
Himachal Pradesh,2018,1,Districts,sirmaur district,42119,48937304.61747851
Himachal Pradesh,2018,1,Districts,hamirpur district,39988,44636697.10457285
Himachal Pradesh,2018,1,Districts,una district,30992,32392245.19889284
Himachal Pradesh,2018,1,Districts,kullu district,30955,45372983.464924484
Himachal Pradesh,2018,1,Districts,bilaspur district,26810,24900870.672653355
Himachal Pradesh,2018,1,Districts,chamba district,15813,25874269.109303758
Himachal Pradesh,2018,2,Districts,solan district,203340,298541277.3467862
Himachal Pradesh,2018,2,Districts,kangra district,105741,180103159.4143384
Himachal Pradesh,2018,2,Districts,shimla district,99165,186852658.46706542
Himachal Pradesh,2018,2,Districts,mandi district,70324,98454164.08787659
Himachal Pradesh,2018,2,Districts,sirmaur district,58240,81795044.19718559
Himachal Pradesh,2018,2,Districts,hamirpur district,50250,73543909.96288556
Himachal Pradesh,2018,2,Districts,kullu district,49628,114673681.68783347
Himachal Pradesh,2018,2,Districts,una district,41508,59927852.83515909
Himachal Pradesh,2018,2,Districts,bilaspur district,35399,45164252.67313729
Himachal Pradesh,2018,2,Districts,chamba district,25766,55477448.312537625
Himachal Pradesh,2018,3,Districts,solan district,275378,427109173.7512539
Himachal Pradesh,2018,3,Districts,shimla district,131969,297109148.6866445
Himachal Pradesh,2018,3,Districts,kangra district,131527,249624196.10069418
Himachal Pradesh,2018,3,Districts,mandi district,87773,144696112.87997356
Himachal Pradesh,2018,3,Districts,sirmaur district,83326,132085953.7851329
Himachal Pradesh,2018,3,Districts,hamirpur district,69210,102379917.97623901
Himachal Pradesh,2018,3,Districts,una district,54699,102957950.71813077
Himachal Pradesh,2018,3,Districts,kullu district,51157,110834069.64815128
Himachal Pradesh,2018,3,Districts,bilaspur district,43904,61177676.40123641
Himachal Pradesh,2018,3,Districts,chamba district,34379,81155505.16885816
Himachal Pradesh,2018,4,Districts,solan district,422784,663966110.975486
Himachal Pradesh,2018,4,Districts,kangra district,212738,442706552.2022626
Himachal Pradesh,2018,4,Districts,shimla district,190430,448106604.8927659
Himachal Pradesh,2018,4,Districts,sirmaur district,131136,210324960.3623942
Himachal Pradesh,2018,4,Districts,mandi district,130853,230510197.71331605
Himachal Pradesh,2018,4,Districts,hamirpur district,93164,166375258.5290101
Himachal Pradesh,2018,4,Districts,una district,90597,151961347.83551586
Himachal Pradesh,2018,4,Districts,kullu district,80278,182604804.51383543
Himachal Pradesh,2018,4,Districts,bilaspur district,60961,102980325.46315196
Himachal Pradesh,2018,4,Districts,chamba district,49802,127286243.69134669
Himachal Pradesh,2019,1,Districts,solan district,774301,884181899.1378129
Himachal Pradesh,2019,1,Districts,kangra district,306194,536478965.9390453
Himachal Pradesh,2019,1,Districts,shimla district,251270,484772998.6685876
Himachal Pradesh,2019,1,Districts,sirmaur district,217032,286100252.9237112
Himachal Pradesh,2019,1,Districts,mandi district,179436,293574200.5876303
Himachal Pradesh,2019,1,Districts,una district,145735,202299597.40258166
Himachal Pradesh,2019,1,Districts,hamirpur district,144567,203739165.2698335
Himachal Pradesh,2019,1,Districts,kullu district,118050,229851165.23177487
Himachal Pradesh,2019,1,Districts,bilaspur district,87369,125972660.45129561
Himachal Pradesh,2019,1,Districts,chamba district,62250,120566173.49108727
Himachal Pradesh,2019,2,Districts,solan district,681960,1057651651.8507993
Himachal Pradesh,2019,2,Districts,kangra district,394482,759577144.1976016
Himachal Pradesh,2019,2,Districts,shimla district,343734,752916735.0271717
Himachal Pradesh,2019,2,Districts,mandi district,230045,414302684.5325889
Himachal Pradesh,2019,2,Districts,sirmaur district,202331,335150927.4446606
Himachal Pradesh,2019,2,Districts,kullu district,189247,469103521.77282864
Himachal Pradesh,2019,2,Districts,hamirpur district,162963,267197613.90587047
Himachal Pradesh,2019,2,Districts,una district,150883,254033919.7630871
Himachal Pradesh,2019,2,Districts,bilaspur district,104265,184975097.95946112
Himachal Pradesh,2019,2,Districts,chamba district,91372,177308197.27117813
Himachal Pradesh,2019,3,Districts,solan district,693951,1219227512.6991441
Himachal Pradesh,2019,3,Districts,kangra district,440548,814046008.4309962
Himachal Pradesh,2019,3,Districts,shimla district,397168,957752755.4521242
Himachal Pradesh,2019,3,Districts,mandi district,249927,485330088.6294882
Himachal Pradesh,2019,3,Districts,hamirpur district,204054,297631044.660271
Himachal Pradesh,2019,3,Districts,sirmaur district,203254,380877635.8184733
Himachal Pradesh,2019,3,Districts,kullu district,184413,446500617.07637644
Himachal Pradesh,2019,3,Districts,una district,161050,302101322.7072308
Himachal Pradesh,2019,3,Districts,bilaspur district,109885,199478344.5975183
Himachal Pradesh,2019,3,Districts,chamba district,105395,207785730.38352817
Himachal Pradesh,2019,4,Districts,solan district,861006,1528011659.1869717
Himachal Pradesh,2019,4,Districts,kangra district,586283,1112588278.6682785
Himachal Pradesh,2019,4,Districts,shimla district,494257,1160319019.5999959
Himachal Pradesh,2019,4,Districts,mandi district,327089,619947547.1810222
Himachal Pradesh,2019,4,Districts,kullu district,262840,617906398.5047233
Himachal Pradesh,2019,4,Districts,hamirpur district,262728,389131130.31401926
Himachal Pradesh,2019,4,Districts,sirmaur district,253310,476619086.92653286
Himachal Pradesh,2019,4,Districts,una district,208961,385714769.9288424
Himachal Pradesh,2019,4,Districts,bilaspur district,144516,285285190.64410454
Himachal Pradesh,2019,4,Districts,chamba district,135921,266924701.35400385
Himachal Pradesh,2020,1,Districts,solan district,991658,1620964487.1025338
Himachal Pradesh,2020,1,Districts,kangra district,710248,1167839687.012193
Himachal Pradesh,2020,1,Districts,shimla district,536791,1016584665.747027
Himachal Pradesh,2020,1,Districts,mandi district,396039,667673391.8521155
Himachal Pradesh,2020,1,Districts,hamirpur district,311955,426072697.6200577
Himachal Pradesh,2020,1,Districts,kullu district,311067,621404243.9982952
Himachal Pradesh,2020,1,Districts,sirmaur district,306931,537296749.4368709
Himachal Pradesh,2020,1,Districts,una district,255790,419934418.0459668
Himachal Pradesh,2020,1,Districts,bilaspur district,179298,315504559.79640317
Himachal Pradesh,2020,1,Districts,chamba district,168178,282022046.41148984
Himachal Pradesh,2020,2,Districts,solan district,965990,1494526860.656508
Himachal Pradesh,2020,2,Districts,kangra district,964091,1530770810.4621415
Himachal Pradesh,2020,2,Districts,shimla district,575702,1021105831.7628491
Himachal Pradesh,2020,2,Districts,mandi district,521355,843002218.9669628
Himachal Pradesh,2020,2,Districts,sirmaur district,349209,547387529.7929991
Himachal Pradesh,2020,2,Districts,hamirpur district,336670,531250955.32986486
Himachal Pradesh,2020,2,Districts,una district,314366,510031570.53169537
Himachal Pradesh,2020,2,Districts,kullu district,253812,406803527.3403293
Himachal Pradesh,2020,2,Districts,bilaspur district,232672,382170079.0865873
Himachal Pradesh,2020,2,Districts,chamba district,230265,366218643.4801757
Himachal Pradesh,2020,3,Districts,solan district,1278588,2214163474.9645267
Himachal Pradesh,2020,3,Districts,kangra district,1088335,1950209410.5554914
Himachal Pradesh,2020,3,Districts,shimla district,775412,1672165696.213225
Himachal Pradesh,2020,3,Districts,mandi district,583461,1071577646.375536
Himachal Pradesh,2020,3,Districts,sirmaur district,425165,775552763.7092141
Himachal Pradesh,2020,3,Districts,hamirpur district,387354,687522879.3687034
Himachal Pradesh,2020,3,Districts,una district,364859,653587141.7514796
Himachal Pradesh,2020,3,Districts,kullu district,320244,659434961.2698045
Himachal Pradesh,2020,3,Districts,chamba district,269127,476541555.8527341
Himachal Pradesh,2020,3,Districts,bilaspur district,253935,462270201.3050182
Himachal Pradesh,2020,4,Districts,solan district,1669719,2814557533.1323547
Himachal Pradesh,2020,4,Districts,kangra district,1389746,2572592205.270361
Himachal Pradesh,2020,4,Districts,shimla district,987254,2090827809.771954
Himachal Pradesh,2020,4,Districts,mandi district,739304,1373509014.425153
Himachal Pradesh,2020,4,Districts,kullu district,548425,1155121678.6796873
Himachal Pradesh,2020,4,Districts,sirmaur district,545036,992581283.3653356
Himachal Pradesh,2020,4,Districts,hamirpur district,482649,879780543.3985099
Himachal Pradesh,2020,4,Districts,una district,449469,851843905.5957842
Himachal Pradesh,2020,4,Districts,chamba district,354360,602625379.6885264
Himachal Pradesh,2020,4,Districts,bilaspur district,324200,628236709.7157922
Himachal Pradesh,2021,1,Districts,solan district,1865572,3020524665.6079373
Himachal Pradesh,2021,1,Districts,kangra district,1503490,2649554081.9517426
Himachal Pradesh,2021,1,Districts,shimla district,1029284,2075489960.2696543
Himachal Pradesh,2021,1,Districts,mandi district,798729,1502034551.4665742
Himachal Pradesh,2021,1,Districts,kullu district,734339,1580390763.4777203
Himachal Pradesh,2021,1,Districts,sirmaur district,634638,1082101740.8082056
Himachal Pradesh,2021,1,Districts,hamirpur district,511762,861707284.806669
Himachal Pradesh,2021,1,Districts,una district,476981,877921522.157836
Himachal Pradesh,2021,1,Districts,chamba district,365422,661137109.1404517
Himachal Pradesh,2021,1,Districts,bilaspur district,349432,670755251.794138
Himachal Pradesh,2021,2,Districts,solan district,2272853,3437538572.5734863
Himachal Pradesh,2021,2,Districts,kangra district,1969336,3325746849.39482
Himachal Pradesh,2021,2,Districts,shimla district,1266105,2361285200.5460362
Himachal Pradesh,2021,2,Districts,mandi district,1049751,1815139814.9709988
Himachal Pradesh,2021,2,Districts,sirmaur district,831706,1299843262.521907
Himachal Pradesh,2021,2,Districts,kullu district,721922,1314822935.8903754
Himachal Pradesh,2021,2,Districts,hamirpur district,708602,1178084766.0172
Himachal Pradesh,2021,2,Districts,una district,623044,1106101768.5212708
Himachal Pradesh,2021,2,Districts,chamba district,516401,832639578.4593214
Himachal Pradesh,2021,2,Districts,bilaspur district,457560,829391771.5183308
Himachal Pradesh,2021,3,Districts,solan district,2953133,4239511755.4385567
Himachal Pradesh,2021,3,Districts,kangra district,2316794,3863616092.458433
Himachal Pradesh,2021,3,Districts,shimla district,1642068,3454359143.784481
Himachal Pradesh,2021,3,Districts,mandi district,1140386,2062726800.6809938
Himachal Pradesh,2021,3,Districts,kullu district,1020857,2108172112.0705032
Himachal Pradesh,2021,3,Districts,sirmaur district,991172,1510665509.0887334
Himachal Pradesh,2021,3,Districts,hamirpur district,767403,1288572166.7433698
Himachal Pradesh,2021,3,Districts,una district,738145,1253026649.7277064
Himachal Pradesh,2021,3,Districts,chamba district,595975,1017469718.147734
Himachal Pradesh,2021,3,Districts,bilaspur district,513521,921627346.831481
Himachal Pradesh,2021,4,Districts,solan district,3049622,4184940984.875549
Himachal Pradesh,2021,4,Districts,kangra district,2533483,4389130073.874971
Himachal Pradesh,2021,4,Districts,shimla district,1616949,3302604166.1206303
Himachal Pradesh,2021,4,Districts,kullu district,1314917,2639158911.5534897
Himachal Pradesh,2021,4,Districts,mandi district,1172545,2167050580.2844024
Himachal Pradesh,2021,4,Districts,sirmaur district,1063293,1632526426.6085413
Himachal Pradesh,2021,4,Districts,hamirpur district,812898,1363774692.1087153
Himachal Pradesh,2021,4,Districts,una district,780089,1384817178.0705788
Himachal Pradesh,2021,4,Districts,chamba district,609781,1055910306.8224436
Himachal Pradesh,2021,4,Districts,bilaspur district,522605,985258952.7592692
Himachal Pradesh,2022,1,Districts,solan district,3906973,4993104734.269687
Himachal Pradesh,2022,1,Districts,kangra district,3008497,5031744266.24029
Himachal Pradesh,2022,1,Districts,shimla district,1820536,3322168584.9299226
Himachal Pradesh,2022,1,Districts,kullu district,1470369,2729163358.178158
Himachal Pradesh,2022,1,Districts,mandi district,1426854,2504203272.3407598
Himachal Pradesh,2022,1,Districts,sirmaur district,1352667,2045813938.7052615
Himachal Pradesh,2022,1,Districts,hamirpur district,969451,1576059326.4588323
Himachal Pradesh,2022,1,Districts,una district,963670,1638227621.356352
Himachal Pradesh,2022,1,Districts,chamba district,724440,1198176304.435171
Himachal Pradesh,2022,1,Districts,bilaspur district,634861,1150902038.9556682
Himachal Pradesh,2022,2,Districts,solan district,4992354,5729617428.502448
Himachal Pradesh,2022,2,Districts,kangra district,4031856,6226015039.571893
Himachal Pradesh,2022,2,Districts,shimla district,2531244,4334988257.269989
Himachal Pradesh,2022,2,Districts,kullu district,2221162,4261104194.8954716
Himachal Pradesh,2022,2,Districts,mandi district,1875861,3040684614.6721225
Himachal Pradesh,2022,2,Districts,sirmaur district,1716964,2366199719.794565
Himachal Pradesh,2022,2,Districts,una district,1254438,2017410378.0453181
Himachal Pradesh,2022,2,Districts,hamirpur district,1250794,1799740779.5333498
Himachal Pradesh,2022,2,Districts,chamba district,994891,1568585342.3539155
Himachal Pradesh,2022,2,Districts,bilaspur district,821859,1410581347.3712816
Himachal Pradesh,2022,3,Districts,solan district,5960941,6654123085.031898
Himachal Pradesh,2022,3,Districts,kangra district,4263614,6241560921.776724
Himachal Pradesh,2022,3,Districts,shimla district,2976163,5493718649.824061
Himachal Pradesh,2022,3,Districts,sirmaur district,2031679,2629633956.314337
Himachal Pradesh,2022,3,Districts,mandi district,2002363,3114172762.08206
Himachal Pradesh,2022,3,Districts,kullu district,1790140,3178451893.6536884
Himachal Pradesh,2022,3,Districts,una district,1446398,2183443651.648851
Himachal Pradesh,2022,3,Districts,hamirpur district,1349745,1879283792.8970838
Himachal Pradesh,2022,3,Districts,chamba district,1062259,1610699725.7342267
Himachal Pradesh,2022,3,Districts,bilaspur district,896691,1429485545.2956247
Himachal Pradesh,2022,4,Districts,solan district,6540189,6903849873.259644
Himachal Pradesh,2022,4,Districts,kangra district,4898097,7151672229.647851
Himachal Pradesh,2022,4,Districts,shimla district,3111011,5177395404.119497
Himachal Pradesh,2022,4,Districts,kullu district,2574891,4296690783.443874
Himachal Pradesh,2022,4,Districts,sirmaur district,2278741,2844529163.1385894
Himachal Pradesh,2022,4,Districts,mandi district,2249669,3339004918.2577386
Himachal Pradesh,2022,4,Districts,una district,1605146,2478733437.8407936
Himachal Pradesh,2022,4,Districts,hamirpur district,1522837,2117615543.7725773
Himachal Pradesh,2022,4,Districts,chamba district,1229247,1736805992.4856956
Himachal Pradesh,2022,4,Districts,bilaspur district,1006749,1548778311.7170882
Himachal Pradesh,2023,1,Districts,solan district,6805858,6857178121.091679
Himachal Pradesh,2023,1,Districts,kangra district,5076782,7262756015.689107
Himachal Pradesh,2023,1,Districts,shimla district,3027494,4540899761.648204
Himachal Pradesh,2023,1,Districts,kullu district,2682813,4304123956.652764
Himachal Pradesh,2023,1,Districts,sirmaur district,2423818,2984455812.6099567
Himachal Pradesh,2023,1,Districts,mandi district,2369032,3443006992.5166526
Himachal Pradesh,2023,1,Districts,una district,1708333,2555336046.9134116
Himachal Pradesh,2023,1,Districts,hamirpur district,1621435,2243911445.067547
Himachal Pradesh,2023,1,Districts,chamba district,1349531,1758130518.0683355
Himachal Pradesh,2023,1,Districts,bilaspur district,1053440,1602521493.7127132
Himachal Pradesh,2023,2,Districts,solan district,8378697,7880396806.922025
Himachal Pradesh,2023,2,Districts,kangra district,6701456,9084457572.643251
Himachal Pradesh,2023,2,Districts,shimla district,4197508,5930683188.670678
Himachal Pradesh,2023,2,Districts,kullu district,3710934,6264311889.164118
Himachal Pradesh,2023,2,Districts,mandi district,2979364,4067101726.6277447
Himachal Pradesh,2023,2,Districts,sirmaur district,2953132,3373110389.6575785
Himachal Pradesh,2023,2,Districts,una district,2078078,2874806379.7188067
Himachal Pradesh,2023,2,Districts,hamirpur district,1969246,2590691272.27965
Himachal Pradesh,2023,2,Districts,chamba district,1813198,2281575787.5732694
Himachal Pradesh,2023,2,Districts,bilaspur district,1300746,1868249992.2549443
Himachal Pradesh,2023,3,Districts,solan district,8796614,7948866421.282116
Himachal Pradesh,2023,3,Districts,kangra district,6350337,8272268886.261846
Himachal Pradesh,2023,3,Districts,shimla district,4014723,5756896133.150012
Himachal Pradesh,2023,3,Districts,sirmaur district,3035579,3367556008.1103716
Himachal Pradesh,2023,3,Districts,mandi district,2695233,3593203392.86135
Himachal Pradesh,2023,3,Districts,una district,2124673,2941444698.47332
Himachal Pradesh,2023,3,Districts,hamirpur district,2006609,2554374028.4342985
Himachal Pradesh,2023,3,Districts,kullu district,1918883,2828093234.092906
Himachal Pradesh,2023,3,Districts,chamba district,1656535,2191207276.001613
Himachal Pradesh,2023,3,Districts,bilaspur district,1278002,1759163497.0161657
Himachal Pradesh,2023,4,Districts,solan district,9903819,8795257028.929361
Himachal Pradesh,2023,4,Districts,kangra district,7411967,9702310287.429192
Himachal Pradesh,2023,4,Districts,shimla district,4515082,6053166580.783891
Himachal Pradesh,2023,4,Districts,sirmaur district,3404490,3719345367.5008736
Himachal Pradesh,2023,4,Districts,mandi district,3210815,4155193548.833888
Himachal Pradesh,2023,4,Districts,kullu district,3209206,4647957148.555829
Himachal Pradesh,2023,4,Districts,una district,2379704,3416956343.545152
Himachal Pradesh,2023,4,Districts,hamirpur district,2315125,2903041715.3365736
Himachal Pradesh,2023,4,Districts,chamba district,1939350,2394751997.842539
Himachal Pradesh,2023,4,Districts,bilaspur district,1459257,1968441798.2311451
Himachal Pradesh,2024,1,Districts,solan district,10453108,9165044327.766499
Himachal Pradesh,2024,1,Districts,kangra district,7259255,9608646396.714575
Himachal Pradesh,2024,1,Districts,shimla district,4104983,5213932746.561723
Himachal Pradesh,2024,1,Districts,sirmaur district,3547104,3884884456.8111987
Himachal Pradesh,2024,1,Districts,kullu district,3456979,4905014690.435173
Himachal Pradesh,2024,1,Districts,mandi district,3236990,4317136693.106677
Himachal Pradesh,2024,1,Districts,una district,2350317,3333372123.2955904
Himachal Pradesh,2024,1,Districts,hamirpur district,2325187,2943964362.0412083
Himachal Pradesh,2024,1,Districts,chamba district,1884257,2262646825.4720464
Himachal Pradesh,2024,1,Districts,bilaspur district,1510262,2050885323.5206332
Himachal Pradesh,2024,2,Districts,solan district,12894516,10218605610.386988
Himachal Pradesh,2024,2,Districts,kangra district,9489397,11470817408.794788
Himachal Pradesh,2024,2,Districts,shimla district,6089631,7065616661.875137
Himachal Pradesh,2024,2,Districts,kullu district,5541559,8238116580.674518
Himachal Pradesh,2024,2,Districts,sirmaur district,4363194,4342699702.149601
Himachal Pradesh,2024,2,Districts,mandi district,4299594,5131678644.891265
Himachal Pradesh,2024,2,Districts,una district,2950414,3815445575.201267
Himachal Pradesh,2024,2,Districts,hamirpur district,2806916,3219216489.4582543
Himachal Pradesh,2024,2,Districts,chamba district,2719576,2863659433.4516587
Himachal Pradesh,2024,2,Districts,bilaspur district,2085669,2423621915.567932
Himachal Pradesh,2024,3,Districts,solan district,13266213,10819269588.637178
Himachal Pradesh,2024,3,Districts,kangra district,8700711,10944777222.663076
Himachal Pradesh,2024,3,Districts,shimla district,5704891,7309505243.429671
Himachal Pradesh,2024,3,Districts,sirmaur district,4320567,4314692314.875043
Himachal Pradesh,2024,3,Districts,mandi district,3734751,4750984271.270749
Himachal Pradesh,2024,3,Districts,kullu district,3365527,4507804458.3700485
Himachal Pradesh,2024,3,Districts,una district,2950761,3857021119.7347617
Himachal Pradesh,2024,3,Districts,hamirpur district,2699898,3256415286.862086
Himachal Pradesh,2024,3,Districts,chamba district,2380375,2810696971.2031465
Himachal Pradesh,2024,3,Districts,bilaspur district,1889754,2309825427.714997
Himachal Pradesh,2024,4,Districts,solan district,13619728,11501404347.606525
Himachal Pradesh,2024,4,Districts,kangra district,9559417,12585820552.816221
Himachal Pradesh,2024,4,Districts,shimla district,5830897,7561145497.469864
Himachal Pradesh,2024,4,Districts,kullu district,4799494,6566397350.692312
Himachal Pradesh,2024,4,Districts,sirmaur district,4571245,4781191147.109596
Himachal Pradesh,2024,4,Districts,mandi district,4021429,5236443815.768654
Himachal Pradesh,2024,4,Districts,una district,3215579,4474446700.319058
Himachal Pradesh,2024,4,Districts,hamirpur district,2878827,3682328328.570342
Himachal Pradesh,2024,4,Districts,chamba district,2386759,2960978800.1432524
Himachal Pradesh,2024,4,Districts,bilaspur district,2050651,2587185453.2237463
Himachal Pradesh,2025,1,Districts,solan district,13694411,11465573694.557743
Himachal Pradesh,2025,1,Districts,kangra district,10168966,12428477538.799566
Himachal Pradesh,2025,1,Districts,shimla district,6017854,6921658376.869707
Himachal Pradesh,2025,1,Districts,kullu district,5658808,7099674599.647534
Himachal Pradesh,2025,1,Districts,sirmaur district,4885240,4872248108.289194
Himachal Pradesh,2025,1,Districts,mandi district,4650732,5599126367.483165
Himachal Pradesh,2025,1,Districts,una district,3459077,4420283873.077299
Himachal Pradesh,2025,1,Districts,hamirpur district,3147344,3760344161.4587803
Himachal Pradesh,2025,1,Districts,chamba district,2704752,2960949505.395279
Himachal Pradesh,2025,1,Districts,bilaspur district,2299506,2697088534.062292
Himachal Pradesh,2025,2,Districts,solan district,14889663,11859428913.58738
Himachal Pradesh,2025,2,Districts,kangra district,11328765,13474329850.465858
Himachal Pradesh,2025,2,Districts,shimla district,7064345,7881277711.967082
Himachal Pradesh,2025,2,Districts,kullu district,6233234,8199871412.791499
Himachal Pradesh,2025,2,Districts,sirmaur district,5199276,4911234425.083774
Himachal Pradesh,2025,2,Districts,mandi district,5057313,5823433034.582603
Himachal Pradesh,2025,2,Districts,una district,3658378,4486770256.034006
Himachal Pradesh,2025,2,Districts,hamirpur district,3283962,3779274834.078389
Himachal Pradesh,2025,2,Districts,chamba district,3058302,3253770958.7535887
Himachal Pradesh,2025,2,Districts,bilaspur district,2463581,2784591311.015602
Himachal Pradesh,2025,3,Districts,solan district,16208365,12654655822.137396
Himachal Pradesh,2025,3,Districts,kangra district,10442985,12373581135.108152
Himachal Pradesh,2025,3,Districts,shimla district,6826973,8207462771.205137
Himachal Pradesh,2025,3,Districts,sirmaur district,5429098,5075339349.131041
Himachal Pradesh,2025,3,Districts,mandi district,4516138,5245534375.107492
Himachal Pradesh,2025,3,Districts,una district,3736582,4518612859.492332
Himachal Pradesh,2025,3,Districts,kullu district,3468832,4141667499.286571
Himachal Pradesh,2025,3,Districts,hamirpur district,3224395,3652706611.4470925
Himachal Pradesh,2025,3,Districts,chamba district,2607609,2940839448.7855906
Himachal Pradesh,2025,3,Districts,bilaspur district,2327564,2555465736.4590783
Himachal Pradesh,2025,4,Districts,solan district,15931669,13180966822.85529
Himachal Pradesh,2025,4,Districts,kangra district,11301526,14455126837.742561
Himachal Pradesh,2025,4,Districts,shimla district,6643574,8146071884.331011
Himachal Pradesh,2025,4,Districts,sirmaur district,5477252,5573627155.3454
Himachal Pradesh,2025,4,Districts,kullu district,5333018,6913733220.182545
Himachal Pradesh,2025,4,Districts,mandi district,4661373,5927852942.0913925
Himachal Pradesh,2025,4,Districts,una district,3866385,5117868296.729536
Himachal Pradesh,2025,4,Districts,hamirpur district,3345060,4142045645.9134545
Himachal Pradesh,2025,4,Districts,chamba district,2513644,3202888409.0799017
Himachal Pradesh,2025,4,Districts,bilaspur district,2375573,2906473918.168852
Himachal Pradesh,2026,1,Districts,solan district,16023700,13165938772.006927
Himachal Pradesh,2026,1,Districts,kangra district,11114672,13813571258.554262
Himachal Pradesh,2026,1,Districts,shimla district,6316230,7299906813.574154
Himachal Pradesh,2026,1,Districts,kullu district,5592501,6992474933.841281
Himachal Pradesh,2026,1,Districts,sirmaur district,5566209,5476478281.841598
Himachal Pradesh,2026,1,Districts,mandi district,4842026,5894969178.175457
Himachal Pradesh,2026,1,Districts,una district,3792491,4872679208.997071
Himachal Pradesh,2026,1,Districts,hamirpur district,3379929,4098130864.09306
Himachal Pradesh,2026,1,Districts,chamba district,2492933,3002695134.353952
Himachal Pradesh,2026,1,Districts,bilaspur district,2419113,2874994415.0947666
Himachal Pradesh,2026,2,Districts,solan district,17710629,14099892031.45718
Himachal Pradesh,2026,2,Districts,kangra district,13562231,16348362279.885908
Himachal Pradesh,2026,2,Districts,shimla district,7992452,8928945601.073767
Himachal Pradesh,2026,2,Districts,kullu district,7910270,10643095336.581928
Himachal Pradesh,2026,2,Districts,sirmaur district,6086236,5744384380.415441
Himachal Pradesh,2026,2,Districts,mandi district,5727956,6869750993.009743
Himachal Pradesh,2026,2,Districts,una district,4304644,5318956150.669152
Himachal Pradesh,2026,2,Districts,hamirpur district,3753732,4422561493.123875
Himachal Pradesh,2026,2,Districts,chamba district,2978163,3537320851.6242805
Himachal Pradesh,2026,2,Districts,bilaspur district,2815832,3264443076.950103
Jammu & Kashmir,2018,1,Districts,baramulla district,104991,55659345.72754351
Jammu & Kashmir,2018,1,Districts,jammu district,92275,146316775.81226912
Jammu & Kashmir,2018,1,Districts,anantnag district,77822,29114323.455670882
Jammu & Kashmir,2018,1,Districts,budgam district,62618,40831030.997632675
Jammu & Kashmir,2018,1,Districts,srinagar district,59915,69893519.62987578
Jammu & Kashmir,2018,1,Districts,bandipore district,46204,16249777.289791375
Jammu & Kashmir,2018,1,Districts,pulwama district,37791,26489493.62566226
Jammu & Kashmir,2018,1,Districts,kulgam district,25788,10357916.532721484
Jammu & Kashmir,2018,1,Districts,udhampur district,22553,39547480.64508712
Jammu & Kashmir,2018,1,Districts,kathua district,21900,26433152.54646011
Jammu & Kashmir,2018,2,Districts,baramulla district,221245,121289953.2675347
Jammu & Kashmir,2018,2,Districts,jammu district,134501,262851090.10547337
Jammu & Kashmir,2018,2,Districts,srinagar district,115528,163161084.62632334
Jammu & Kashmir,2018,2,Districts,budgam district,107350,87229688.68615098
Jammu & Kashmir,2018,2,Districts,bandipore district,89144,35968859.20877555
Jammu & Kashmir,2018,2,Districts,anantnag district,85765,53554371.131910734
Jammu & Kashmir,2018,2,Districts,pulwama district,51850,51972090.72339969
Jammu & Kashmir,2018,2,Districts,kupwara district,39756,61081314.43552486
Jammu & Kashmir,2018,2,Districts,udhampur district,35373,72980268.01074927
Jammu & Kashmir,2018,2,Districts,kulgam district,33505,18258748.183872573
Jammu & Kashmir,2018,3,Districts,baramulla district,261230,238649451.69807345
Jammu & Kashmir,2018,3,Districts,srinagar district,174581,312232005.9073294
Jammu & Kashmir,2018,3,Districts,jammu district,162642,415542740.9390804
Jammu & Kashmir,2018,3,Districts,anantnag district,82724,113635499.6234997
Jammu & Kashmir,2018,3,Districts,bandipore district,82177,68674526.80779725
Jammu & Kashmir,2018,3,Districts,budgam district,81970,134823943.48323226
Jammu & Kashmir,2018,3,Districts,pulwama district,66590,87459947.60223171
Jammu & Kashmir,2018,3,Districts,ganderbal district,51442,55543277.19978006
Jammu & Kashmir,2018,3,Districts,udhampur district,43072,106161896.15147153
Jammu & Kashmir,2018,3,Districts,kathua district,38982,72604913.38226268
Jammu & Kashmir,2018,4,Districts,jammu district,261851,733382531.4245439
Jammu & Kashmir,2018,4,Districts,srinagar district,169340,380881531.3229624
Jammu & Kashmir,2018,4,Districts,baramulla district,124742,247181758.59680536
Jammu & Kashmir,2018,4,Districts,anantnag district,87272,131951961.38072287
Jammu & Kashmir,2018,4,Districts,budgam district,82123,190838408.66054863
Jammu & Kashmir,2018,4,Districts,udhampur district,59559,183130859.9267675
Jammu & Kashmir,2018,4,Districts,samba district,58734,156602786.7248571
Jammu & Kashmir,2018,4,Districts,kupwara district,58500,182482163.04402757
Jammu & Kashmir,2018,4,Districts,kathua district,57972,124807367.05754754
Jammu & Kashmir,2018,4,Districts,rajouri district,52673,164909461.40800503
Jammu & Kashmir,2019,1,Districts,jammu district,343375,858841219.9516437
Jammu & Kashmir,2019,1,Districts,srinagar district,211741,425437602.4105704
Jammu & Kashmir,2019,1,Districts,baramulla district,206892,289210433.32918
Jammu & Kashmir,2019,1,Districts,budgam district,171943,215272715.78074935
Jammu & Kashmir,2019,1,Districts,anantnag district,119678,146251181.24891433
Jammu & Kashmir,2019,1,Districts,kupwara district,84127,195252523.7176796
Jammu & Kashmir,2019,1,Districts,kathua district,78480,142174223.4898329
Jammu & Kashmir,2019,1,Districts,udhampur district,75911,199640454.14760506
Jammu & Kashmir,2019,1,Districts,pulwama district,74274,125433952.06413116
Jammu & Kashmir,2019,1,Districts,samba district,71358,167082593.6149497
Jammu & Kashmir,2019,2,Districts,jammu district,415906,1170145494.2911665
Jammu & Kashmir,2019,2,Districts,srinagar district,266407,749617031.2941897
Jammu & Kashmir,2019,2,Districts,baramulla district,213276,446790663.5522388
Jammu & Kashmir,2019,2,Districts,budgam district,162534,318318373.2359142
Jammu & Kashmir,2019,2,Districts,kupwara district,112592,332735571.204012
Jammu & Kashmir,2019,2,Districts,anantnag district,112052,245532930.80787402
Jammu & Kashmir,2019,2,Districts,udhampur district,96774,289255542.21025753
Jammu & Kashmir,2019,2,Districts,kathua district,86861,187829598.75699052
Jammu & Kashmir,2019,2,Districts,samba district,86205,225699320.21433243
Jammu & Kashmir,2019,2,Districts,rajouri district,84859,272729590.48604393
Jammu & Kashmir,2019,3,Districts,jammu district,238824,749933554.9730421
Jammu & Kashmir,2019,3,Districts,srinagar district,106676,379872390.15968055
Jammu & Kashmir,2019,3,Districts,baramulla district,67557,210969262.4277591
Jammu & Kashmir,2019,3,Districts,udhampur district,51174,175640215.48274896
Jammu & Kashmir,2019,3,Districts,anantnag district,49804,159905317.4369178
Jammu & Kashmir,2019,3,Districts,budgam district,48872,150750794.30435276
Jammu & Kashmir,2019,3,Districts,kathua district,48367,118731281.41749918
Jammu & Kashmir,2019,3,Districts,kupwara district,47046,170667613.56895217
Jammu & Kashmir,2019,3,Districts,samba district,43869,127998437.4560132
Jammu & Kashmir,2019,3,Districts,rajouri district,38961,142484220.38723812
Jammu & Kashmir,2019,4,Districts,jammu district,137120,565000883.5862811
Jammu & Kashmir,2019,4,Districts,kathua district,32312,104692926.01562822
Jammu & Kashmir,2019,4,Districts,udhampur district,23759,111414504.8578158
Jammu & Kashmir,2019,4,Districts,samba district,18555,75305204.33136195
Jammu & Kashmir,2019,4,Districts,reasi district,15866,58735595.17360924
Jammu & Kashmir,2019,4,Districts,rajouri district,11576,63365312.20160206
Jammu & Kashmir,2019,4,Districts,srinagar district,7981,42469791.38241511
Jammu & Kashmir,2019,4,Districts,ramban district,4908,22942115.455290012
Jammu & Kashmir,2019,4,Districts,poonch district,4587,26092102.710610352
Jammu & Kashmir,2019,4,Districts,kishtwar district,3184,15567493.276813895
Jammu & Kashmir,2020,1,Districts,jammu district,259528,859326884.9665515
Jammu & Kashmir,2020,1,Districts,srinagar district,75845,259013966.97444576
Jammu & Kashmir,2020,1,Districts,udhampur district,56187,189669936.0365324
Jammu & Kashmir,2020,1,Districts,kathua district,54940,141688068.88066813
Jammu & Kashmir,2020,1,Districts,baramulla district,48397,145400944.30377078
Jammu & Kashmir,2020,1,Districts,samba district,44779,139331000.08610854
Jammu & Kashmir,2020,1,Districts,budgam district,38481,126041905.30143164
Jammu & Kashmir,2020,1,Districts,kupwara district,37510,124710627.92846075
Jammu & Kashmir,2020,1,Districts,rajouri district,37491,134471768.30297598
Jammu & Kashmir,2020,1,Districts,anantnag district,28942,82968234.6020058
Jammu & Kashmir,2020,2,Districts,jammu district,583611,1638109952.3289845
Jammu & Kashmir,2020,2,Districts,srinagar district,233910,844857239.3676531
Jammu & Kashmir,2020,2,Districts,baramulla district,175071,564595725.9824178
Jammu & Kashmir,2020,2,Districts,udhampur district,155467,428883436.6151865
Jammu & Kashmir,2020,2,Districts,kupwara district,146320,497410654.8720468
Jammu & Kashmir,2020,2,Districts,rajouri district,139918,459721775.24122334
Jammu & Kashmir,2020,2,Districts,budgam district,132284,425911438.521495
Jammu & Kashmir,2020,2,Districts,kathua district,129811,289903193.5412578
Jammu & Kashmir,2020,2,Districts,samba district,126122,314393828.0478944
Jammu & Kashmir,2020,2,Districts,anantnag district,101266,297739439.5704992
Jammu & Kashmir,2020,3,Districts,jammu district,752484,2348810848.9916725
Jammu & Kashmir,2020,3,Districts,srinagar district,346162,1246511694.8028235
Jammu & Kashmir,2020,3,Districts,baramulla district,239205,792072791.3510478
Jammu & Kashmir,2020,3,Districts,kupwara district,207448,713827576.9867676
Jammu & Kashmir,2020,3,Districts,udhampur district,195733,603173214.830388
Jammu & Kashmir,2020,3,Districts,budgam district,177217,608720412.9705764
Jammu & Kashmir,2020,3,Districts,rajouri district,173605,614426949.9672005
Jammu & Kashmir,2020,3,Districts,samba district,160700,476089902.3211804
Jammu & Kashmir,2020,3,Districts,kathua district,148643,391532207.4062937
Jammu & Kashmir,2020,3,Districts,anantnag district,144998,446835997.36631
Jammu & Kashmir,2020,4,Districts,jammu district,1235764,3270871103.1975374
Jammu & Kashmir,2020,4,Districts,srinagar district,654075,1670346320.5553703
Jammu & Kashmir,2020,4,Districts,baramulla district,501259,1059873327.1868851
Jammu & Kashmir,2020,4,Districts,kupwara district,374119,888440484.5416795
Jammu & Kashmir,2020,4,Districts,anantnag district,327911,578775035.7828557
Jammu & Kashmir,2020,4,Districts,budgam district,322812,773573846.8412793
Jammu & Kashmir,2020,4,Districts,udhampur district,297191,790344547.1730577
Jammu & Kashmir,2020,4,Districts,samba district,252968,663782527.494544
Jammu & Kashmir,2020,4,Districts,rajouri district,252889,762240286.8882134
Jammu & Kashmir,2020,4,Districts,kathua district,251867,527422317.21536726
Jammu & Kashmir,2021,1,Districts,jammu district,1592738,3726462624.9077415
Jammu & Kashmir,2021,1,Districts,srinagar district,799835,1718112785.6349115
Jammu & Kashmir,2021,1,Districts,baramulla district,568679,1048853172.7192565
Jammu & Kashmir,2021,1,Districts,kupwara district,402211,875211056.4276391
Jammu & Kashmir,2021,1,Districts,anantnag district,399546,586539796.0363591
Jammu & Kashmir,2021,1,Districts,budgam district,395462,774622591.0510406
Jammu & Kashmir,2021,1,Districts,udhampur district,342357,879428201.0828903
Jammu & Kashmir,2021,1,Districts,kathua district,314621,584770400.0438334
Jammu & Kashmir,2021,1,Districts,samba district,300464,718770417.8170681
Jammu & Kashmir,2021,1,Districts,pulwama district,273982,550793720.9254042
Jammu & Kashmir,2021,2,Districts,jammu district,2054133,4570991000.189578
Jammu & Kashmir,2021,2,Districts,srinagar district,1130067,2225935380.1836576
Jammu & Kashmir,2021,2,Districts,baramulla district,809311,1336661146.5492668
Jammu & Kashmir,2021,2,Districts,anantnag district,625639,848728077.4338703
Jammu & Kashmir,2021,2,Districts,kupwara district,600498,1139378759.3438828
Jammu & Kashmir,2021,2,Districts,budgam district,585106,1022684097.821307
Jammu & Kashmir,2021,2,Districts,udhampur district,507789,1148390731.6045623
Jammu & Kashmir,2021,2,Districts,kathua district,445547,809071968.4325722
Jammu & Kashmir,2021,2,Districts,samba district,427387,948421349.2481962
Jammu & Kashmir,2021,2,Districts,pulwama district,415015,722993391.9050573
Jammu & Kashmir,2021,3,Districts,jammu district,2744181,5973195874.12396
Jammu & Kashmir,2021,3,Districts,srinagar district,1404912,3060519126.5548353
Jammu & Kashmir,2021,3,Districts,baramulla district,929174,1758814643.2796004
Jammu & Kashmir,2021,3,Districts,anantnag district,747973,1108507595.1467178
Jammu & Kashmir,2021,3,Districts,budgam district,697244,1361973645.4570978
Jammu & Kashmir,2021,3,Districts,kupwara district,695544,1555274939.5549974
Jammu & Kashmir,2021,3,Districts,udhampur district,659970,1463452711.594521
Jammu & Kashmir,2021,3,Districts,samba district,550154,1233495512.689692
Jammu & Kashmir,2021,3,Districts,kathua district,535333,937842518.5559369
Jammu & Kashmir,2021,3,Districts,pulwama district,487143,914116409.6639023
Jammu & Kashmir,2021,4,Districts,jammu district,3300281,6988658052.08029
Jammu & Kashmir,2021,4,Districts,srinagar district,1455479,3072872572.542584
Jammu & Kashmir,2021,4,Districts,baramulla district,975501,1816977594.2428095
Jammu & Kashmir,2021,4,Districts,anantnag district,766476,1042939172.6189566
Jammu & Kashmir,2021,4,Districts,kupwara district,751377,1553549437.1754088
Jammu & Kashmir,2021,4,Districts,budgam district,750493,1434374264.1129816
Jammu & Kashmir,2021,4,Districts,udhampur district,741164,1616380814.6092367
Jammu & Kashmir,2021,4,Districts,samba district,647586,1441972835.2693186
Jammu & Kashmir,2021,4,Districts,kathua district,608592,1152001705.0161624
Jammu & Kashmir,2021,4,Districts,pulwama district,499390,957520779.2067385
Jammu & Kashmir,2022,1,Districts,jammu district,4478329,8751300412.704012
Jammu & Kashmir,2022,1,Districts,srinagar district,1772063,3491719199.3943954
Jammu & Kashmir,2022,1,Districts,baramulla district,1201804,2133782786.601846
Jammu & Kashmir,2022,1,Districts,udhampur district,973833,2036261140.770415
Jammu & Kashmir,2022,1,Districts,kupwara district,917951,1750081505.241723
Jammu & Kashmir,2022,1,Districts,anantnag district,915317,1218826912.887538
Jammu & Kashmir,2022,1,Districts,budgam district,879947,1590357254.7065856
Jammu & Kashmir,2022,1,Districts,samba district,864389,1748794320.6035955
Jammu & Kashmir,2022,1,Districts,kathua district,783344,1408530908.9101734
Jammu & Kashmir,2022,1,Districts,pulwama district,608488,1103798369.1544793
Jammu & Kashmir,2022,2,Districts,jammu district,5714661,10420364174.709257
Jammu & Kashmir,2022,2,Districts,srinagar district,2923678,5636227953.43078
Jammu & Kashmir,2022,2,Districts,baramulla district,1714987,2858881484.7735353
Jammu & Kashmir,2022,2,Districts,anantnag district,1557007,2217910680.518591
Jammu & Kashmir,2022,2,Districts,kupwara district,1393882,2454852933.7281528
Jammu & Kashmir,2022,2,Districts,budgam district,1295189,2349404050.478027
Jammu & Kashmir,2022,2,Districts,udhampur district,1282048,2424586960.0506015
Jammu & Kashmir,2022,2,Districts,samba district,1170377,2242752300.188313
Jammu & Kashmir,2022,2,Districts,kathua district,1073949,1812690154.7006598
Jammu & Kashmir,2022,2,Districts,pulwama district,966129,1676672459.1117506
Jammu & Kashmir,2022,3,Districts,jammu district,7153610,12193345433.117594
Jammu & Kashmir,2022,3,Districts,srinagar district,3674976,6593351547.377676
Jammu & Kashmir,2022,3,Districts,baramulla district,2143072,3337689523.6317935
Jammu & Kashmir,2022,3,Districts,anantnag district,2070107,2916577855.1611223
Jammu & Kashmir,2022,3,Districts,kupwara district,1715988,2833610687.6418343
Jammu & Kashmir,2022,3,Districts,budgam district,1639440,2684913520.587527
Jammu & Kashmir,2022,3,Districts,udhampur district,1580654,2792096843.728573
Jammu & Kashmir,2022,3,Districts,samba district,1454745,2590280443.1192594
Jammu & Kashmir,2022,3,Districts,kathua district,1285465,2080445391.701366
Jammu & Kashmir,2022,3,Districts,pulwama district,1208715,2052003096.8648717
Jammu & Kashmir,2022,4,Districts,jammu district,8929430,14072218761.156338
Jammu & Kashmir,2022,4,Districts,srinagar district,4171684,6443444017.670078
Jammu & Kashmir,2022,4,Districts,baramulla district,2665457,3590338576.663074
Jammu & Kashmir,2022,4,Districts,anantnag district,2239896,2513369093.275773
Jammu & Kashmir,2022,4,Districts,kupwara district,2077559,2784713386.5367227
Jammu & Kashmir,2022,4,Districts,udhampur district,1970459,3054816696.7957773
Jammu & Kashmir,2022,4,Districts,budgam district,1903790,2589934521.399442
Jammu & Kashmir,2022,4,Districts,samba district,1766035,2940062363.8885956
Jammu & Kashmir,2022,4,Districts,kathua district,1615449,2498580003.879425
Jammu & Kashmir,2022,4,Districts,pulwama district,1431563,2056869615.0563312
Jammu & Kashmir,2023,1,Districts,jammu district,10481735,15371099700.538574
Jammu & Kashmir,2023,1,Districts,srinagar district,4482229,6483265382.680945
Jammu & Kashmir,2023,1,Districts,baramulla district,3031787,3636146280.3480206
Jammu & Kashmir,2023,1,Districts,anantnag district,2426669,2504990512.805897
Jammu & Kashmir,2023,1,Districts,udhampur district,2283954,3237227359.0720053
Jammu & Kashmir,2023,1,Districts,kupwara district,2272702,2853197299.1197925
Jammu & Kashmir,2023,1,Districts,budgam district,2055962,2628394090.725632
Jammu & Kashmir,2023,1,Districts,samba district,2013368,3126381886.2608385
Jammu & Kashmir,2023,1,Districts,kathua district,1826217,2669288457.6534142
Jammu & Kashmir,2023,1,Districts,pulwama district,1577306,2006520474.0656118
Jammu & Kashmir,2023,2,Districts,jammu district,13045696,18027654205.512352
Jammu & Kashmir,2023,2,Districts,srinagar district,6973404,10313858301.68456
Jammu & Kashmir,2023,2,Districts,baramulla district,4292675,5137001821.005628
Jammu & Kashmir,2023,2,Districts,anantnag district,3667657,4086364416.1239777
Jammu & Kashmir,2023,2,Districts,kupwara district,3369759,4240043120.8677807
Jammu & Kashmir,2023,2,Districts,udhampur district,2995858,4076228126.964
Jammu & Kashmir,2023,2,Districts,budgam district,2883201,3777228829.394907
Jammu & Kashmir,2023,2,Districts,samba district,2818438,3892416399.7732353
Jammu & Kashmir,2023,2,Districts,kathua district,2506941,3228779169.612407
Jammu & Kashmir,2023,2,Districts,pulwama district,2229018,2956145343.305646
Jammu & Kashmir,2023,3,Districts,jammu district,14659084,19727116272.69961
Jammu & Kashmir,2023,3,Districts,srinagar district,8347804,11505868353.347273
Jammu & Kashmir,2023,3,Districts,baramulla district,5092562,5815823485.509678
Jammu & Kashmir,2023,3,Districts,anantnag district,4472221,5205214150.731303
Jammu & Kashmir,2023,3,Districts,kupwara district,3882109,4594518956.34098
Jammu & Kashmir,2023,3,Districts,budgam district,3377017,4448254820.404676
Jammu & Kashmir,2023,3,Districts,udhampur district,3174232,4283135604.834793
Jammu & Kashmir,2023,3,Districts,samba district,3122801,4166029531.6209188
Jammu & Kashmir,2023,3,Districts,kathua district,2725252,3625933926.245984
Jammu & Kashmir,2023,3,Districts,pulwama district,2503609,3313484703.4519377
Jammu & Kashmir,2023,4,Districts,jammu district,17201722,23248295709.622253
Jammu & Kashmir,2023,4,Districts,srinagar district,8433455,11547982108.570637
Jammu & Kashmir,2023,4,Districts,baramulla district,5434531,6586477509.380427
Jammu & Kashmir,2023,4,Districts,anantnag district,4278386,4750789659.354757
Jammu & Kashmir,2023,4,Districts,kupwara district,4152397,4821096639.109842
Jammu & Kashmir,2023,4,Districts,udhampur district,3677009,4861801165.145083
Jammu & Kashmir,2023,4,Districts,samba district,3604157,4802908599.563207
Jammu & Kashmir,2023,4,Districts,budgam district,3501116,4477422624.377729
Jammu & Kashmir,2023,4,Districts,kathua district,3340443,4467426116.769077
Jammu & Kashmir,2023,4,Districts,rajouri district,2702735,4151315562.8502245
Jammu & Kashmir,2024,1,Districts,jammu district,19355742,24971464242.625153
Jammu & Kashmir,2024,1,Districts,srinagar district,8117411,10604906260.76325
Jammu & Kashmir,2024,1,Districts,baramulla district,5496194,6198583913.357426
Jammu & Kashmir,2024,1,Districts,kupwara district,4362084,4764876938.625081
Jammu & Kashmir,2024,1,Districts,anantnag district,4234577,4302042280.968887
Jammu & Kashmir,2024,1,Districts,udhampur district,4079444,5292799888.457523
Jammu & Kashmir,2024,1,Districts,samba district,3943784,5093774641.076402
Jammu & Kashmir,2024,1,Districts,kathua district,3605029,4618967772.44055
Jammu & Kashmir,2024,1,Districts,budgam district,3562000,4413724642.009799
Jammu & Kashmir,2024,1,Districts,rajouri district,3129817,4646902812.772365
Jammu & Kashmir,2024,2,Districts,jammu district,23235675,28058826190.304375
Jammu & Kashmir,2024,2,Districts,srinagar district,13099447,17142466353.76164
Jammu & Kashmir,2024,2,Districts,baramulla district,8189545,8791761784.659176
Jammu & Kashmir,2024,2,Districts,anantnag district,7301881,7537244332.907733
Jammu & Kashmir,2024,2,Districts,kupwara district,6875162,7195402736.590182
Jammu & Kashmir,2024,2,Districts,udhampur district,5330861,6481246739.067384
Jammu & Kashmir,2024,2,Districts,budgam district,5294851,6365266338.4875345
Jammu & Kashmir,2024,2,Districts,samba district,5076093,5961194066.687149
Jammu & Kashmir,2024,2,Districts,rajouri district,4598443,6218689130.679478
Jammu & Kashmir,2024,2,Districts,kathua district,4579432,5471089844.366573
Jammu & Kashmir,2024,3,Districts,jammu district,24741825,30671733582.37522
Jammu & Kashmir,2024,3,Districts,srinagar district,14388529,17780030695.402218
Jammu & Kashmir,2024,3,Districts,baramulla district,8884095,9797178398.39744
Jammu & Kashmir,2024,3,Districts,anantnag district,8136213,8807080333.956118
Jammu & Kashmir,2024,3,Districts,kupwara district,7248751,7785437443.586032
Jammu & Kashmir,2024,3,Districts,budgam district,5923710,7222191163.702986
Jammu & Kashmir,2024,3,Districts,udhampur district,5517859,7133992011.5416355
Jammu & Kashmir,2024,3,Districts,samba district,5405957,6488944550.525351
Jammu & Kashmir,2024,3,Districts,pulwama district,4927578,5939556007.450993
Jammu & Kashmir,2024,3,Districts,kathua district,4869981,6201333490.212099
Jammu & Kashmir,2024,4,Districts,jammu district,28021061,35515414941.235214
Jammu & Kashmir,2024,4,Districts,srinagar district,14162539,18596899285.102123
Jammu & Kashmir,2024,4,Districts,baramulla district,9681193,12104561585.474094
Jammu & Kashmir,2024,4,Districts,anantnag district,7659479,8683748655.158289
Jammu & Kashmir,2024,4,Districts,kupwara district,7579139,8788768486.998356
Jammu & Kashmir,2024,4,Districts,budgam district,5944901,7549416433.758039
Jammu & Kashmir,2024,4,Districts,samba district,5943067,7522696834.066755
Jammu & Kashmir,2024,4,Districts,udhampur district,5865764,7654233672.46105
Jammu & Kashmir,2024,4,Districts,kathua district,5489317,7446716512.609575
Jammu & Kashmir,2024,4,Districts,rajouri district,5091001,7561823467.652423
Jammu & Kashmir,2025,1,Districts,jammu district,30413447,35855709346.92558
Jammu & Kashmir,2025,1,Districts,srinagar district,14429986,17873655613.361145
Jammu & Kashmir,2025,1,Districts,baramulla district,9952883,10419631760.737144
Jammu & Kashmir,2025,1,Districts,anantnag district,7861080,7850101388.226122
Jammu & Kashmir,2025,1,Districts,kupwara district,7446116,7459755256.235547
Jammu & Kashmir,2025,1,Districts,samba district,6084940,7208767506.091947
Jammu & Kashmir,2025,1,Districts,udhampur district,6043919,7192777422.183479
Jammu & Kashmir,2025,1,Districts,budgam district,5927959,6531474482.49617
Jammu & Kashmir,2025,1,Districts,kathua district,5771200,7186297770.077001
Jammu & Kashmir,2025,1,Districts,rajouri district,5410203,7156692847.614887
Jammu & Kashmir,2025,2,Districts,jammu district,29245187,33423035350.562454
Jammu & Kashmir,2025,2,Districts,srinagar district,17738155,20529813159.588017
Jammu & Kashmir,2025,2,Districts,baramulla district,12297116,12126215971.92889
Jammu & Kashmir,2025,2,Districts,anantnag district,10730069,10255523946.20678
Jammu & Kashmir,2025,2,Districts,kupwara district,10291204,9904727587.989388
Jammu & Kashmir,2025,2,Districts,budgam district,7574316,8251845288.103827
Jammu & Kashmir,2025,2,Districts,udhampur district,6682129,7592945759.192059
Jammu & Kashmir,2025,2,Districts,pulwama district,6587605,6944230516.175739
Jammu & Kashmir,2025,2,Districts,samba district,6529030,7255710934.029383
Jammu & Kashmir,2025,2,Districts,kathua district,6285754,7097531009.9949255
Jammu & Kashmir,2025,3,Districts,jammu district,31443774,35403125280.884834
Jammu & Kashmir,2025,3,Districts,srinagar district,18971938,21852230500.403797
Jammu & Kashmir,2025,3,Districts,baramulla district,12870820,13284733649.199238
Jammu & Kashmir,2025,3,Districts,anantnag district,11427696,11639614375.992184
Jammu & Kashmir,2025,3,Districts,kupwara district,10923254,10861934637.640427
Jammu & Kashmir,2025,3,Districts,budgam district,8156227,9122121328.795399
Jammu & Kashmir,2025,3,Districts,samba district,7015470,7726038585.596033
Jammu & Kashmir,2025,3,Districts,pulwama district,6997609,7539217868.864889
Jammu & Kashmir,2025,3,Districts,udhampur district,6623449,7667643718.8105545
Jammu & Kashmir,2025,3,Districts,rajouri district,6507710,8403628801.0447645
Jammu & Kashmir,2025,4,Districts,jammu district,34325848,40830789569.53259
Jammu & Kashmir,2025,4,Districts,srinagar district,17509676,21140184820.60998
Jammu & Kashmir,2025,4,Districts,baramulla district,12727614,14321310843.77993
Jammu & Kashmir,2025,4,Districts,kupwara district,10411285,10996542414.694077
Jammu & Kashmir,2025,4,Districts,anantnag district,10167625,11077953176.034746
Jammu & Kashmir,2025,4,Districts,budgam district,7563480,8932625650.271091
Jammu & Kashmir,2025,4,Districts,samba district,7095655,8654237444.142536
Jammu & Kashmir,2025,4,Districts,udhampur district,6915504,8575555305.729276
Jammu & Kashmir,2025,4,Districts,rajouri district,6707538,9094258525.730234
Jammu & Kashmir,2025,4,Districts,pulwama district,6575429,7720252144.45707
Jammu & Kashmir,2026,1,Districts,jammu district,35902750,40889963570.87419
Jammu & Kashmir,2026,1,Districts,srinagar district,15768434,18959115299.41404
Jammu & Kashmir,2026,1,Districts,baramulla district,11414540,12087215310.686935
Jammu & Kashmir,2026,1,Districts,kupwara district,9270804,9216042953.098246
Jammu & Kashmir,2026,1,Districts,anantnag district,8999904,9348660645.951876
Jammu & Kashmir,2026,1,Districts,samba district,7136387,8274371969.710357
Jammu & Kashmir,2026,1,Districts,udhampur district,6899547,8183968615.125403
Jammu & Kashmir,2026,1,Districts,rajouri district,6769663,8682010673.887798
Jammu & Kashmir,2026,1,Districts,budgam district,6730924,7749321688.015001
Jammu & Kashmir,2026,1,Districts,kathua district,6581104,7891665413.047952
Jammu & Kashmir,2026,2,Districts,jammu district,36376849,40933379457.51095
Jammu & Kashmir,2026,2,Districts,srinagar district,21983296,25199270567.642582
Jammu & Kashmir,2026,2,Districts,baramulla district,14493705,14607556242.477608
Jammu & Kashmir,2026,2,Districts,anantnag district,12753501,12695912594.158527
Jammu & Kashmir,2026,2,Districts,kupwara district,12264398,11880257433.847229
Jammu & Kashmir,2026,2,Districts,budgam district,8763825,9741535081.661283
Jammu & Kashmir,2026,2,Districts,pulwama district,7936368,8507456410.518659
Jammu & Kashmir,2026,2,Districts,samba district,7902714,8947697648.571154
Jammu & Kashmir,2026,2,Districts,rajouri district,7841470,10023682203.693249
Jammu & Kashmir,2026,2,Districts,udhampur district,7647998,8969644368.187098
Jharkhand,2018,1,Districts,ranchi district,430414,513904643.648648
Jharkhand,2018,1,Districts,dhanbad district,408210,324605002.43035007
Jharkhand,2018,1,Districts,bokaro district,317318,250830964.87166005
Jharkhand,2018,1,Districts,east singhbhum district,261720,295533361.91006255
Jharkhand,2018,1,Districts,hazaribag district,189187,210386962.6461534
Jharkhand,2018,1,Districts,giridih district,166394,160475491.01670033
Jharkhand,2018,1,Districts,ramgarh district,119862,104526163.40319403
Jharkhand,2018,1,Districts,palamu district,107198,156324495.71778896
Jharkhand,2018,1,Districts,seraikela kharsawan district,104511,91611839.69879928
Jharkhand,2018,1,Districts,deoghar district,84994,106960099.75444281
Jharkhand,2018,2,Districts,dhanbad district,603834,585116718.2179568
Jharkhand,2018,2,Districts,ranchi district,593696,959912372.1659192
Jharkhand,2018,2,Districts,bokaro district,459557,466743071.70932996
Jharkhand,2018,2,Districts,east singhbhum district,376400,533860414.5654688
Jharkhand,2018,2,Districts,hazaribag district,259603,440034234.89674944
Jharkhand,2018,2,Districts,giridih district,209711,315629937.703489
Jharkhand,2018,2,Districts,palamu district,162113,389241057.0317935
Jharkhand,2018,2,Districts,ramgarh district,145446,205567949.1432615
Jharkhand,2018,2,Districts,seraikela kharsawan district,142677,152851478.53545642
Jharkhand,2018,2,Districts,deoghar district,111144,164622343.03230333
Jharkhand,2018,3,Districts,dhanbad district,2301511,1582914759.2059712
Jharkhand,2018,3,Districts,bokaro district,1796148,1269836587.3023689
Jharkhand,2018,3,Districts,ranchi district,1177764,1575600131.6903949
Jharkhand,2018,3,Districts,east singhbhum district,804599,928027290.1598048
Jharkhand,2018,3,Districts,hazaribag district,622375,767409187.1581918
Jharkhand,2018,3,Districts,giridih district,382169,525566341.5927452
Jharkhand,2018,3,Districts,seraikela kharsawan district,332566,307424483.73608553
Jharkhand,2018,3,Districts,ramgarh district,302817,356190494.6406032
Jharkhand,2018,3,Districts,palamu district,196360,469535832.7742596
Jharkhand,2018,3,Districts,dumka district,170606,152025081.97013435
Jharkhand,2018,4,Districts,dhanbad district,1156305,1270627277.017432
Jharkhand,2018,4,Districts,ranchi district,1132149,2056950281.7543867
Jharkhand,2018,4,Districts,bokaro district,882844,1029299952.8252722
Jharkhand,2018,4,Districts,east singhbhum district,706422,1111004556.1424403
Jharkhand,2018,4,Districts,hazaribag district,533500,975521012.1244302
Jharkhand,2018,4,Districts,giridih district,423751,663283700.0543171
Jharkhand,2018,4,Districts,seraikela kharsawan district,285006,341648722.68939114
Jharkhand,2018,4,Districts,palamu district,284872,717729601.0426139
Jharkhand,2018,4,Districts,ramgarh district,279978,468290034.823588
Jharkhand,2018,4,Districts,garhwa district,184916,576594370.0081519
Jharkhand,2019,1,Districts,ranchi district,1735738,2678337367.148415
Jharkhand,2019,1,Districts,dhanbad district,1640712,1565739616.200424
Jharkhand,2019,1,Districts,bokaro district,1295665,1268516978.5054948
Jharkhand,2019,1,Districts,east singhbhum district,1057043,1428995540.2466946
Jharkhand,2019,1,Districts,hazaribag district,810993,1342633872.8613577
Jharkhand,2019,1,Districts,giridih district,660555,852476492.0999587
Jharkhand,2019,1,Districts,seraikela kharsawan district,480839,458925396.49187446
Jharkhand,2019,1,Districts,ramgarh district,419924,589189039.8966527
Jharkhand,2019,1,Districts,palamu district,418257,1076468454.1314979
Jharkhand,2019,1,Districts,koderma district,255458,469419750.38847697
Jharkhand,2019,2,Districts,ranchi district,2134190,3639831965.4236827
Jharkhand,2019,2,Districts,dhanbad district,1711967,2118756262.6648827
Jharkhand,2019,2,Districts,bokaro district,1361363,1779736250.816048
Jharkhand,2019,2,Districts,east singhbhum district,1223220,1853530433.7849088
Jharkhand,2019,2,Districts,hazaribag district,895969,1859098322.6558502
Jharkhand,2019,2,Districts,giridih district,648029,1242132141.9083622
Jharkhand,2019,2,Districts,palamu district,480218,1484993969.7411287
Jharkhand,2019,2,Districts,ramgarh district,474985,839672335.9282221
Jharkhand,2019,2,Districts,seraikela kharsawan district,467280,584592863.7048331
Jharkhand,2019,2,Districts,deoghar district,306000,527660723.2643825
Jharkhand,2019,3,Districts,dhanbad district,2952193,2493967792.9886045
Jharkhand,2019,3,Districts,ranchi district,2897645,4351701467.247221
Jharkhand,2019,3,Districts,bokaro district,2196106,2057845972.42121
Jharkhand,2019,3,Districts,east singhbhum district,1739041,2276604941.146641
Jharkhand,2019,3,Districts,hazaribag district,1170691,2066177794.5284045
Jharkhand,2019,3,Districts,giridih district,641244,1232957150.31733
Jharkhand,2019,3,Districts,ramgarh district,597933,936266199.7006911
Jharkhand,2019,3,Districts,seraikela kharsawan district,561043,698769909.7312769
Jharkhand,2019,3,Districts,palamu district,516159,1550554229.1979914
Jharkhand,2019,3,Districts,deoghar district,433877,730085869.0830036
Jharkhand,2019,4,Districts,dhanbad district,3891039,3369706744.3131456
Jharkhand,2019,4,Districts,ranchi district,3529963,5460933243.611233
Jharkhand,2019,4,Districts,bokaro district,2817509,2768630809.1913233
Jharkhand,2019,4,Districts,east singhbhum district,2071181,2962761405.822052
Jharkhand,2019,4,Districts,hazaribag district,1437273,2653653284.6232195
Jharkhand,2019,4,Districts,giridih district,867528,1656080938.2973185
Jharkhand,2019,4,Districts,ramgarh district,777155,1262578606.2224865
Jharkhand,2019,4,Districts,palamu district,726127,2171259948.9986167
Jharkhand,2019,4,Districts,seraikela kharsawan district,698274,881053457.2860949
Jharkhand,2019,4,Districts,deoghar district,525552,891429388.2531452
Jharkhand,2020,1,Districts,ranchi district,3922125,6266386298.973255
Jharkhand,2020,1,Districts,dhanbad district,2868859,3713045915.3406987
Jharkhand,2020,1,Districts,bokaro district,2384359,3154581890.306222
Jharkhand,2020,1,Districts,east singhbhum district,2250173,3530058952.2635865
Jharkhand,2020,1,Districts,hazaribag district,1559688,3355743646.6518536
Jharkhand,2020,1,Districts,giridih district,936922,2015115599.6120372
Jharkhand,2020,1,Districts,palamu district,915979,2850856909.8216047
Jharkhand,2020,1,Districts,ramgarh district,892252,1521143072.6200638
Jharkhand,2020,1,Districts,seraikela kharsawan district,765078,1042173029.8935288
Jharkhand,2020,1,Districts,deoghar district,554603,1056510323.6439683
Jharkhand,2020,2,Districts,ranchi district,3136707,5305144009.058383
Jharkhand,2020,2,Districts,dhanbad district,2566407,3745367470.21441
Jharkhand,2020,2,Districts,bokaro district,2558941,3500626867.3098416
Jharkhand,2020,2,Districts,east singhbhum district,2246308,3285306558.923458
Jharkhand,2020,2,Districts,hazaribag district,1755343,3486766640.954799
Jharkhand,2020,2,Districts,giridih district,1320379,2405525057.110254
Jharkhand,2020,2,Districts,palamu district,1207353,3470986909.094519
Jharkhand,2020,2,Districts,ramgarh district,1090498,1744268983.1420577
Jharkhand,2020,2,Districts,garhwa district,743270,2382254167.8701057
Jharkhand,2020,2,Districts,seraikela kharsawan district,719283,1028308862.4407758
Jharkhand,2020,3,Districts,ranchi district,5089151,9197530937.102718
Jharkhand,2020,3,Districts,bokaro district,3739662,5196472687.371772
Jharkhand,2020,3,Districts,dhanbad district,3711522,5772278610.090496
Jharkhand,2020,3,Districts,east singhbhum district,3390061,5300180119.762603
Jharkhand,2020,3,Districts,hazaribag district,2585832,5206998752.437994
Jharkhand,2020,3,Districts,giridih district,1693280,3204796188.3945956
Jharkhand,2020,3,Districts,ramgarh district,1556168,2640884323.757044
Jharkhand,2020,3,Districts,palamu district,1515805,4095159445.895582
Jharkhand,2020,3,Districts,seraikela kharsawan district,1029147,1593896357.3152614
Jharkhand,2020,3,Districts,deoghar district,891004,1678070176.1331747
Jharkhand,2020,4,Districts,ranchi district,7536594,13099794893.38697
Jharkhand,2020,4,Districts,dhanbad district,5181198,8017818603.088722
Jharkhand,2020,4,Districts,bokaro district,5060493,7042785638.185607
Jharkhand,2020,4,Districts,east singhbhum district,4832786,7283864843.682088
Jharkhand,2020,4,Districts,hazaribag district,3638472,7058345138.892033
Jharkhand,2020,4,Districts,giridih district,2247784,4419634481.507455
Jharkhand,2020,4,Districts,palamu district,2194737,5835727410.77817
Jharkhand,2020,4,Districts,ramgarh district,2108103,3616351322.5951886
Jharkhand,2020,4,Districts,seraikela kharsawan district,1394631,2085954429.745142
Jharkhand,2020,4,Districts,garhwa district,1268210,3783622679.8330135
Jharkhand,2021,1,Districts,ranchi district,9849222,15664404262.104156
Jharkhand,2021,1,Districts,dhanbad district,6063697,8931689378.068756
Jharkhand,2021,1,Districts,bokaro district,5809936,7710303512.800528
Jharkhand,2021,1,Districts,east singhbhum district,5700797,8410587463.397996
Jharkhand,2021,1,Districts,hazaribag district,4524210,8660594668.59851
Jharkhand,2021,1,Districts,palamu district,2674715,7466684680.824325
Jharkhand,2021,1,Districts,giridih district,2561593,5319669783.044238
Jharkhand,2021,1,Districts,ramgarh district,2424563,4068529254.192607
Jharkhand,2021,1,Districts,seraikela kharsawan district,1620586,2428007183.4669366
Jharkhand,2021,1,Districts,garhwa district,1471705,4829991698.550095
Jharkhand,2021,2,Districts,ranchi district,10052626,17237080435.05995
Jharkhand,2021,2,Districts,dhanbad district,7357203,11107905649.805317
Jharkhand,2021,2,Districts,bokaro district,7214284,10001644585.115093
Jharkhand,2021,2,Districts,east singhbhum district,6472928,9744860201.529188
Jharkhand,2021,2,Districts,hazaribag district,5694458,11389703104.572607
Jharkhand,2021,2,Districts,giridih district,3992793,7802154961.537496
Jharkhand,2021,2,Districts,palamu district,3810107,10186159227.550343
Jharkhand,2021,2,Districts,ramgarh district,3144131,5235035444.265121
Jharkhand,2021,2,Districts,koderma district,2172164,4687635346.609152
Jharkhand,2021,2,Districts,garhwa district,2105386,6511896626.987813
Jharkhand,2021,3,Districts,ranchi district,15825455,24190436111.85258
Jharkhand,2021,3,Districts,dhanbad district,9650820,13814930556.3254
Jharkhand,2021,3,Districts,bokaro district,9175750,11825586028.615856
Jharkhand,2021,3,Districts,east singhbhum district,8821455,12711420506.658606
Jharkhand,2021,3,Districts,hazaribag district,7706753,13133073085.915737
Jharkhand,2021,3,Districts,palamu district,4525280,9928392839.60627
Jharkhand,2021,3,Districts,giridih district,4509830,8157540928.0836935
Jharkhand,2021,3,Districts,ramgarh district,4066068,6286149387.013795
Jharkhand,2021,3,Districts,koderma district,2612016,5043537845.377791
Jharkhand,2021,3,Districts,seraikela kharsawan district,2598569,3740987212.3694673
Jharkhand,2021,4,Districts,ranchi district,18726749,28191226284.41559
Jharkhand,2021,4,Districts,dhanbad district,11107726,16289170004.959593
Jharkhand,2021,4,Districts,bokaro district,10916988,13774779275.04307
Jharkhand,2021,4,Districts,east singhbhum district,9765409,14243553924.54802
Jharkhand,2021,4,Districts,hazaribag district,9089873,15482573162.231339
Jharkhand,2021,4,Districts,palamu district,5631267,12019520444.503078
Jharkhand,2021,4,Districts,giridih district,5566017,10120074013.482628
Jharkhand,2021,4,Districts,ramgarh district,4647096,7299182095.016639
Jharkhand,2021,4,Districts,koderma district,3080516,5960494631.927069
Jharkhand,2021,4,Districts,garhwa district,2928596,7406555530.746855
Jharkhand,2022,1,Districts,ranchi district,24006764,36024416294.33632
Jharkhand,2022,1,Districts,dhanbad district,14414023,20704305802.972313
Jharkhand,2022,1,Districts,bokaro district,13070276,17036568273.110685
Jharkhand,2022,1,Districts,east singhbhum district,12261284,17874152573.308353
Jharkhand,2022,1,Districts,hazaribag district,11620184,20353773257.23938
Jharkhand,2022,1,Districts,palamu district,7689894,16813769078.238806
Jharkhand,2022,1,Districts,giridih district,7600544,13509185326.627653
Jharkhand,2022,1,Districts,ramgarh district,6011397,9454707397.962034
Jharkhand,2022,1,Districts,garhwa district,4135617,10478411117.23318
Jharkhand,2022,1,Districts,koderma district,4112975,8110792168.2727
Jharkhand,2022,2,Districts,ranchi district,29290183,42396633446.6577
Jharkhand,2022,2,Districts,dhanbad district,16951517,24557751573.51857
Jharkhand,2022,2,Districts,bokaro district,15618254,20115069326.90461
Jharkhand,2022,2,Districts,hazaribag district,14242171,24141482515.7453
Jharkhand,2022,2,Districts,east singhbhum district,14156463,20018151021.424206
Jharkhand,2022,2,Districts,giridih district,9907837,16958456788.179928
Jharkhand,2022,2,Districts,palamu district,9381510,19195842873.308895
Jharkhand,2022,2,Districts,ramgarh district,7211448,11138335586.669485
Jharkhand,2022,2,Districts,garhwa district,5188468,11777971907.453344
Jharkhand,2022,2,Districts,koderma district,5179156,10017855729.708084
Jharkhand,2022,3,Districts,ranchi district,35602666,47348130620.42822
Jharkhand,2022,3,Districts,dhanbad district,19622038,26291156127.363083
Jharkhand,2022,3,Districts,bokaro district,17114161,21059409376.77964
Jharkhand,2022,3,Districts,hazaribag district,16879905,24985919012.103546
Jharkhand,2022,3,Districts,east singhbhum district,16855798,22318891265.691887
Jharkhand,2022,3,Districts,giridih district,11042670,16880271455.273174
Jharkhand,2022,3,Districts,palamu district,10291071,18310960179.37749
Jharkhand,2022,3,Districts,ramgarh district,8279099,11607769775.401642
Jharkhand,2022,3,Districts,deoghar district,5997827,8842334720.489382
Jharkhand,2022,3,Districts,koderma district,5750657,9881217899.425573
Jharkhand,2022,4,Districts,ranchi district,40579777,54427065146.40764
Jharkhand,2022,4,Districts,dhanbad district,22150127,30710902230.746822
Jharkhand,2022,4,Districts,bokaro district,19376122,24232768898.14805
Jharkhand,2022,4,Districts,east singhbhum district,19283353,25046947573.53453
Jharkhand,2022,4,Districts,hazaribag district,19067869,28839838212.129044
Jharkhand,2022,4,Districts,giridih district,13132103,20069112050.931347
Jharkhand,2022,4,Districts,palamu district,12613240,21870582316.725143
Jharkhand,2022,4,Districts,ramgarh district,9461901,13522331068.50297
Jharkhand,2022,4,Districts,garhwa district,7133156,13074164358.337656
Jharkhand,2022,4,Districts,koderma district,6627407,11431243834.238775
Jharkhand,2023,1,Districts,ranchi district,45730247,61251486675.134026
Jharkhand,2023,1,Districts,dhanbad district,24782535,34461418162.283424
Jharkhand,2023,1,Districts,bokaro district,21408015,27013863917.51835
Jharkhand,2023,1,Districts,hazaribag district,21216624,33801132496.174587
Jharkhand,2023,1,Districts,east singhbhum district,20628856,27290142086.552124
Jharkhand,2023,1,Districts,giridih district,15406969,24395272045.689693
Jharkhand,2023,1,Districts,palamu district,14288518,25517437814.343582
Jharkhand,2023,1,Districts,ramgarh district,10667917,15174553036.48235
Jharkhand,2023,1,Districts,garhwa district,8784867,16412801345.45028
Jharkhand,2023,1,Districts,deoghar district,7751243,11226738752.959103
Jharkhand,2023,2,Districts,ranchi district,55074932,71731450686.89821
Jharkhand,2023,2,Districts,dhanbad district,28682516,38346557672.053024
Jharkhand,2023,2,Districts,hazaribag district,25474026,38264073222.006935
Jharkhand,2023,2,Districts,bokaro district,24573833,30336221657.003723
Jharkhand,2023,2,Districts,east singhbhum district,23798101,30316789100.722057
Jharkhand,2023,2,Districts,giridih district,19054866,28437502754.182556
Jharkhand,2023,2,Districts,palamu district,18407514,30558364373.237255
Jharkhand,2023,2,Districts,ramgarh district,12782969,17306387842.054375
Jharkhand,2023,2,Districts,garhwa district,11118022,19518310722.391018
Jharkhand,2023,2,Districts,deoghar district,9881250,13567618017.039152
Jharkhand,2023,3,Districts,ranchi district,61665522,73582917055.21033
Jharkhand,2023,3,Districts,dhanbad district,31677983,39775359719.968025
Jharkhand,2023,3,Districts,hazaribag district,28536629,37552194983.85508
Jharkhand,2023,3,Districts,east singhbhum district,27002553,31778067751.424557
Jharkhand,2023,3,Districts,bokaro district,26787016,30400330829.99723
Jharkhand,2023,3,Districts,giridih district,20031981,26694684903.47039
Jharkhand,2023,3,Districts,palamu district,18790083,27317484673.401176
Jharkhand,2023,3,Districts,ramgarh district,13737297,17104463534.45811
Jharkhand,2023,3,Districts,deoghar district,11974648,14742705023.201788
Jharkhand,2023,3,Districts,garhwa district,10836150,17211152977.969658
Jharkhand,2023,4,Districts,ranchi district,69371773,84566006702.7751
Jharkhand,2023,4,Districts,dhanbad district,36865455,47424515689.78563
Jharkhand,2023,4,Districts,hazaribag district,33385251,45126454070.403564
Jharkhand,2023,4,Districts,east singhbhum district,31431600,37394053708.660515
Jharkhand,2023,4,Districts,bokaro district,31381778,36174409496.885635
Jharkhand,2023,4,Districts,giridih district,24818999,33133532943.280502
Jharkhand,2023,4,Districts,palamu district,24246027,34604591234.04569
Jharkhand,2023,4,Districts,ramgarh district,16435576,20873089562.981747
Jharkhand,2023,4,Districts,garhwa district,14301544,21602089474.453266
Jharkhand,2023,4,Districts,deoghar district,12876317,16026297680.115997
Jharkhand,2024,1,Districts,ranchi district,76474337,91776953358.83545
Jharkhand,2024,1,Districts,dhanbad district,41322078,50006010066.86258
Jharkhand,2024,1,Districts,hazaribag district,37577728,51843352703.9922
Jharkhand,2024,1,Districts,bokaro district,35137406,38876731434.40899
Jharkhand,2024,1,Districts,east singhbhum district,33871362,39460920691.58264
Jharkhand,2024,1,Districts,palamu district,28649524,40854254034.827576
Jharkhand,2024,1,Districts,giridih district,27894847,37446813477.53818
Jharkhand,2024,1,Districts,ramgarh district,18837169,23100944842.979507
Jharkhand,2024,1,Districts,garhwa district,16733463,25107659373.459595
Jharkhand,2024,1,Districts,deoghar district,15338093,18733934360.783936
Jharkhand,2024,2,Districts,ranchi district,88193162,100400446596.13654
Jharkhand,2024,2,Districts,dhanbad district,46692849,54328369533.98533
Jharkhand,2024,2,Districts,hazaribag district,43641734,57007909696.77963
Jharkhand,2024,2,Districts,bokaro district,40121557,42445891718.26205
Jharkhand,2024,2,Districts,east singhbhum district,37953352,41737183504.396126
Jharkhand,2024,2,Districts,giridih district,33998136,43108462526.21821
Jharkhand,2024,2,Districts,palamu district,33271348,44292707421.39189
Jharkhand,2024,2,Districts,ramgarh district,21745198,25153672373.3915
Jharkhand,2024,2,Districts,garhwa district,20254179,28547983530.950798
Jharkhand,2024,2,Districts,deoghar district,18940306,21339420445.085728
Jharkhand,2024,3,Districts,ranchi district,94121045,102877223679.2669
Jharkhand,2024,3,Districts,dhanbad district,49101593,54906912703.00239
Jharkhand,2024,3,Districts,hazaribag district,45239350,55688830290.92296
Jharkhand,2024,3,Districts,bokaro district,42005059,42427452820.18938
Jharkhand,2024,3,Districts,east singhbhum district,40847675,43601000642.90591
Jharkhand,2024,3,Districts,giridih district,33364967,39737844431.94337
Jharkhand,2024,3,Districts,palamu district,32838269,40501795532.41553
Jharkhand,2024,3,Districts,ramgarh district,22378419,24742354402.688198
Jharkhand,2024,3,Districts,deoghar district,21249189,23445780080.08195
Jharkhand,2024,3,Districts,garhwa district,19747164,25451722657.77896
Jharkhand,2024,4,Districts,ranchi district,103582008,115897800157.7896
Jharkhand,2024,4,Districts,dhanbad district,55944845,63822692465.03358
Jharkhand,2024,4,Districts,hazaribag district,48821868,63101013729.747215
Jharkhand,2024,4,Districts,bokaro district,47650021,48853689087.87858
Jharkhand,2024,4,Districts,east singhbhum district,46168395,49077824734.254425
Jharkhand,2024,4,Districts,giridih district,38577734,47562937680.45443
Jharkhand,2024,4,Districts,palamu district,38481159,48285872138.96335
Jharkhand,2024,4,Districts,ramgarh district,25066162,28652901340.413517
Jharkhand,2024,4,Districts,garhwa district,23650428,31006033728.74443
Jharkhand,2024,4,Districts,deoghar district,21430488,24671908634.68001
Jharkhand,2025,1,Districts,ranchi district,106392133,120258286270.1685
Jharkhand,2025,1,Districts,dhanbad district,57123270,65298651583.78415
Jharkhand,2025,1,Districts,hazaribag district,48581575,65914508856.485405
Jharkhand,2025,1,Districts,bokaro district,47788339,49504069191.04873
Jharkhand,2025,1,Districts,east singhbhum district,47428613,50246419061.899956
Jharkhand,2025,1,Districts,giridih district,39090895,50712173082.71472
Jharkhand,2025,1,Districts,palamu district,38773738,52360891837.276474
Jharkhand,2025,1,Districts,ramgarh district,24948135,29120525440.78607
Jharkhand,2025,1,Districts,garhwa district,23691007,33140728777.18667
Jharkhand,2025,1,Districts,deoghar district,21946264,25040271814.295773
Jharkhand,2025,2,Districts,ranchi district,114548915,125980851091.1404
Jharkhand,2025,2,Districts,dhanbad district,61239953,67644344407.17036
Jharkhand,2025,2,Districts,hazaribag district,54530372,70894275510.99306
Jharkhand,2025,2,Districts,bokaro district,51632571,52453731020.116234
Jharkhand,2025,2,Districts,east singhbhum district,49136222,50376084863.39624
Jharkhand,2025,2,Districts,palamu district,45785119,57936298985.11877
Jharkhand,2025,2,Districts,giridih district,45228363,56428226178.96401
Jharkhand,2025,2,Districts,garhwa district,28642160,38138444629.215096
Jharkhand,2025,2,Districts,ramgarh district,27714752,31070495169.865517
Jharkhand,2025,2,Districts,deoghar district,25540929,28120436777.24798
Jharkhand,2025,3,Districts,ranchi district,123967920,125873704274.87204
Jharkhand,2025,3,Districts,dhanbad district,65296326,67880164642.07843
Jharkhand,2025,3,Districts,hazaribag district,56307202,65975808692.76766
Jharkhand,2025,3,Districts,bokaro district,54532551,52045174977.44254
Jharkhand,2025,3,Districts,east singhbhum district,53456674,51546770696.01395
Jharkhand,2025,3,Districts,palamu district,44134335,49881586163.45699
Jharkhand,2025,3,Districts,giridih district,43716707,49797075357.79768
Jharkhand,2025,3,Districts,deoghar district,29460591,30542699040.87307
Jharkhand,2025,3,Districts,ramgarh district,28853260,29883701889.357483
Jharkhand,2025,3,Districts,garhwa district,26962021,31498936827.51789
Jharkhand,2025,4,Districts,ranchi district,129886447,136944970334.60945
Jharkhand,2025,4,Districts,dhanbad district,70490814,74430966050.01372
Jharkhand,2025,4,Districts,hazaribag district,59463969,72880259770.31308
Jharkhand,2025,4,Districts,bokaro district,58915192,57041022649.988754
Jharkhand,2025,4,Districts,east singhbhum district,57124854,56023422969.2964
Jharkhand,2025,4,Districts,palamu district,48889721,57320047346.84912
Jharkhand,2025,4,Districts,giridih district,48226143,56617443848.380806
Jharkhand,2025,4,Districts,ramgarh district,30607485,33087491886.374912
Jharkhand,2025,4,Districts,garhwa district,29964074,35783461723.157135
Jharkhand,2025,4,Districts,deoghar district,28201376,30646616752.849873
Jharkhand,2026,1,Districts,ranchi district,131580218,140468378024.6281
Jharkhand,2026,1,Districts,dhanbad district,71998005,77088143873.36365
Jharkhand,2026,1,Districts,hazaribag district,61667425,78820246849.76105
Jharkhand,2026,1,Districts,bokaro district,60154883,59010941102.25853
Jharkhand,2026,1,Districts,east singhbhum district,57832258,57321879533.454216
Jharkhand,2026,1,Districts,giridih district,50534129,61814616213.527306
Jharkhand,2026,1,Districts,palamu district,50515524,61784473266.178444
Jharkhand,2026,1,Districts,ramgarh district,31653482,34738217000.50921
Jharkhand,2026,1,Districts,garhwa district,30878843,39493216469.15879
Jharkhand,2026,1,Districts,deoghar district,30084715,32563271728.49202
Jharkhand,2026,2,Districts,ranchi district,141573465,148823277216.8411
Jharkhand,2026,2,Districts,dhanbad district,74512731,78547803179.19537
Jharkhand,2026,2,Districts,hazaribag district,65325880,81131102750.49986
Jharkhand,2026,2,Districts,bokaro district,62276101,60075360583.96661
Jharkhand,2026,2,Districts,east singhbhum district,60278892,58701796668.39952
Jharkhand,2026,2,Districts,palamu district,55340012,65100938675.0037
Jharkhand,2026,2,Districts,giridih district,55023454,64673775222.51787
Jharkhand,2026,2,Districts,garhwa district,35094203,42245762504.8731
Jharkhand,2026,2,Districts,deoghar district,33053789,34302808109.924942
Jharkhand,2026,2,Districts,ramgarh district,32965214,35515993664.59194
Karnataka,2018,1,Districts,bengaluru urban district,6616121,11618894297.3087
Karnataka,2018,1,Districts,mysuru district,389401,582445568.2341833
Karnataka,2018,1,Districts,belagavi district,329269,331433365.94970685
Karnataka,2018,1,Districts,dharwad district,259236,272793453.78160226
Karnataka,2018,1,Districts,bengaluru rural district,239701,379012989.6911764
Karnataka,2018,1,Districts,tumakuru district,226261,320457862.8784343
Karnataka,2018,1,Districts,dakshina kannada district,220676,310335676.2737225
Karnataka,2018,1,Districts,ballari district,201613,282726086.4604659
Karnataka,2018,1,Districts,kalaburagi district,194787,260046318.1623357
Karnataka,2018,1,Districts,bagalkote district,181510,161720166.90491405
Karnataka,2018,2,Districts,bengaluru urban district,9712621,19485897086.69862
Karnataka,2018,2,Districts,mysuru district,520184,1009880619.3684855
Karnataka,2018,2,Districts,belagavi district,433680,640016630.5410199
Karnataka,2018,2,Districts,bengaluru rural district,341454,697253379.1280326
Karnataka,2018,2,Districts,dharwad district,337953,511396192.13107747
Karnataka,2018,2,Districts,tumakuru district,318882,579308302.3702309
Karnataka,2018,2,Districts,dakshina kannada district,302129,503370688.0171988
Karnataka,2018,2,Districts,kalaburagi district,278280,554599327.3787204
Karnataka,2018,2,Districts,ballari district,271722,528787412.0326062
Karnataka,2018,2,Districts,bidar district,238417,477277323.40441376
Karnataka,2018,3,Districts,bengaluru urban district,14509236,27630007745.74162
Karnataka,2018,3,Districts,mysuru district,730003,1433907906.8764458
Karnataka,2018,3,Districts,belagavi district,620849,938306285.6291075
Karnataka,2018,3,Districts,bengaluru rural district,515376,1042805964.0237359
Karnataka,2018,3,Districts,dharwad district,506542,744078460.205254
Karnataka,2018,3,Districts,tumakuru district,433016,857662264.3980689
Karnataka,2018,3,Districts,dakshina kannada district,402094,717055030.4607217
Karnataka,2018,3,Districts,ballari district,391899,749840144.1399922
Karnataka,2018,3,Districts,kalaburagi district,386863,749516309.4545531
Karnataka,2018,3,Districts,kolar district,359373,658120066.5916579
Karnataka,2018,4,Districts,bengaluru urban district,28907063,42080086865.57781
Karnataka,2018,4,Districts,mysuru district,1139568,2149119273.1516123
Karnataka,2018,4,Districts,bengaluru rural district,960702,1738037162.0164287
Karnataka,2018,4,Districts,belagavi district,928716,1536708700.2810724
Karnataka,2018,4,Districts,dharwad district,746778,1187883650.266004
Karnataka,2018,4,Districts,kolar district,672533,1111420731.346848
Karnataka,2018,4,Districts,tumakuru district,662061,1309844986.9386442
Karnataka,2018,4,Districts,dakshina kannada district,643255,1121467489.9594522
Karnataka,2018,4,Districts,ballari district,598782,1147374867.681928
Karnataka,2018,4,Districts,kalaburagi district,583896,1214276060.6155462
Karnataka,2019,1,Districts,bengaluru urban district,59064825,72527681808.76355
Karnataka,2019,1,Districts,mysuru district,2247725,3643987310.2844377
Karnataka,2019,1,Districts,bengaluru rural district,2099453,3189672399.447442
Karnataka,2019,1,Districts,belagavi district,1722277,2404572392.9809985
Karnataka,2019,1,Districts,dharwad district,1462512,1924762220.406392
Karnataka,2019,1,Districts,kolar district,1296648,2003135855.8056133
Karnataka,2019,1,Districts,ballari district,1286250,1928011536.1219435
Karnataka,2019,1,Districts,tumakuru district,1152160,2194172268.0864973
Karnataka,2019,1,Districts,bengaluru south district,1140770,1769469420.6152732
Karnataka,2019,1,Districts,dakshina kannada district,1133300,1670417821.124126
Karnataka,2019,2,Districts,bengaluru urban district,85209550,104449865772.4034
Karnataka,2019,2,Districts,mysuru district,3364034,5647690517.828257
Karnataka,2019,2,Districts,bengaluru rural district,2815363,4875381607.195901
Karnataka,2019,2,Districts,belagavi district,2292737,3631667693.1818433
Karnataka,2019,2,Districts,dharwad district,2183045,3011347798.8625603
Karnataka,2019,2,Districts,tumakuru district,1726337,3445591884.00363
Karnataka,2019,2,Districts,kolar district,1610061,3126802617.2248325
Karnataka,2019,2,Districts,ballari district,1494221,2849594940.695522
Karnataka,2019,2,Districts,dakshina kannada district,1444351,2292646002.260183
Karnataka,2019,2,Districts,bengaluru south district,1408002,2712107316.833728
Karnataka,2019,3,Districts,bengaluru urban district,132962940,142166678759.92896
Karnataka,2019,3,Districts,mysuru district,5021619,7571954900.5706
Karnataka,2019,3,Districts,bengaluru rural district,4093830,6492125033.345591
Karnataka,2019,3,Districts,dharwad district,3737258,4101469351.651968
Karnataka,2019,3,Districts,belagavi district,3130986,4397654106.31083
Karnataka,2019,3,Districts,tumakuru district,2441899,4444837809.0100155
Karnataka,2019,3,Districts,kolar district,2126121,4155991501.271803
Karnataka,2019,3,Districts,ballari district,1902836,3555123726.554616
Karnataka,2019,3,Districts,dakshina kannada district,1895921,2811331823.67895
Karnataka,2019,3,Districts,bengaluru south district,1753650,3283695495.5028496
Karnataka,2019,4,Districts,bengaluru urban district,177953987,186914877505.19537
Karnataka,2019,4,Districts,mysuru district,7321486,10828855559.156979
Karnataka,2019,4,Districts,bengaluru rural district,5898628,9076624565.88906
Karnataka,2019,4,Districts,dharwad district,5102079,6038633576.357784
Karnataka,2019,4,Districts,belagavi district,4364882,6717138821.531932
Karnataka,2019,4,Districts,tumakuru district,3722566,6584749824.908757
Karnataka,2019,4,Districts,kolar district,3108324,5951560314.115518
Karnataka,2019,4,Districts,dakshina kannada district,2885649,4091404144.261157
Karnataka,2019,4,Districts,ballari district,2767536,5199660447.635274
Karnataka,2019,4,Districts,bengaluru south district,2616821,4657457041.493599
Karnataka,2020,1,Districts,bengaluru urban district,192571907,213624070823.93967
Karnataka,2020,1,Districts,mysuru district,8633504,13260538757.32236
Karnataka,2020,1,Districts,bengaluru rural district,7023962,10954271401.38398
Karnataka,2020,1,Districts,dharwad district,5891142,7139209436.427072
Karnataka,2020,1,Districts,belagavi district,5458709,8609936723.544466
Karnataka,2020,1,Districts,tumakuru district,4804840,8693879813.63923
Karnataka,2020,1,Districts,kolar district,4005562,7606812335.886068
Karnataka,2020,1,Districts,dakshina kannada district,3537742,4883225477.4273815
Karnataka,2020,1,Districts,ballari district,3479039,6622112319.959438
Karnataka,2020,1,Districts,bengaluru south district,3341628,5962761000.670424
Karnataka,2020,2,Districts,bengaluru urban district,117712836,147872819626.48013
Karnataka,2020,2,Districts,mysuru district,6673852,11133675451.16444
Karnataka,2020,2,Districts,bengaluru rural district,6279558,9800096866.596565
Karnataka,2020,2,Districts,belagavi district,6002271,10873768827.403503
Karnataka,2020,2,Districts,tumakuru district,5708890,10443688377.363853
Karnataka,2020,2,Districts,kolar district,4989296,9037652704.67405
Karnataka,2020,2,Districts,dharwad district,4663535,7277892717.415707
Karnataka,2020,2,Districts,ballari district,3990903,7674383546.074641
Karnataka,2020,2,Districts,kalaburagi district,3765036,8296779273.869375
Karnataka,2020,2,Districts,mandya district,3539815,7028994068.300566
Karnataka,2020,3,Districts,bengaluru urban district,169673985,223637602318.49246
Karnataka,2020,3,Districts,mysuru district,10193782,17818498826.072865
Karnataka,2020,3,Districts,bengaluru rural district,9698043,15737947519.91329
Karnataka,2020,3,Districts,belagavi district,8371415,15455772908.581558
Karnataka,2020,3,Districts,tumakuru district,7650926,15026475187.80737
Karnataka,2020,3,Districts,dharwad district,7131955,11021250896.586254
Karnataka,2020,3,Districts,kolar district,6847950,13835587184.607582
Karnataka,2020,3,Districts,ballari district,5537014,10840436542.863613
Karnataka,2020,3,Districts,kalaburagi district,5094434,11382937425.896997
Karnataka,2020,3,Districts,bengaluru south district,4938032,9244050215.205717
Karnataka,2020,4,Districts,bengaluru urban district,246986278,314581957467.2123
Karnataka,2020,4,Districts,mysuru district,15020266,25581280843.676136
Karnataka,2020,4,Districts,bengaluru rural district,13738245,21777666637.981422
Karnataka,2020,4,Districts,belagavi district,11347948,20477358886.247826
Karnataka,2020,4,Districts,dharwad district,10334604,15146587599.95293
Karnataka,2020,4,Districts,tumakuru district,10267960,19980089247.95804
Karnataka,2020,4,Districts,kolar district,9224444,17911591270.481186
Karnataka,2020,4,Districts,ballari district,7531679,14782647827.223368
Karnataka,2020,4,Districts,kalaburagi district,7165227,15195453745.217573
Karnataka,2020,4,Districts,bengaluru south district,6671764,12249609415.263025
Karnataka,2021,1,Districts,bengaluru urban district,311799555,370371675254.0968
Karnataka,2021,1,Districts,mysuru district,18964647,29936477904.821106
Karnataka,2021,1,Districts,bengaluru rural district,16246313,24505669126.771755
Karnataka,2021,1,Districts,belagavi district,12980675,22873369158.224014
Karnataka,2021,1,Districts,dharwad district,12686623,16876507425.18301
Karnataka,2021,1,Districts,tumakuru district,12069425,22653754792.657078
Karnataka,2021,1,Districts,kolar district,10432651,19283747858.015472
Karnataka,2021,1,Districts,ballari district,8570499,16155467661.672913
Karnataka,2021,1,Districts,kalaburagi district,8539032,18133952201.141
Karnataka,2021,1,Districts,dakshina kannada district,8156309,11358490099.275473
Karnataka,2021,2,Districts,bengaluru urban district,276990613,357918670986.052
Karnataka,2021,2,Districts,mysuru district,18639192,31223423623.29511
Karnataka,2021,2,Districts,bengaluru rural district,17106859,26987122968.788563
Karnataka,2021,2,Districts,belagavi district,15375735,29265469846.3351
Karnataka,2021,2,Districts,tumakuru district,14547360,28113843026.45978
Karnataka,2021,2,Districts,kolar district,12766983,23598026593.7808
Karnataka,2021,2,Districts,dharwad district,12484289,19154903994.805107
Karnataka,2021,2,Districts,kalaburagi district,11547918,23757513652.337986
Karnataka,2021,2,Districts,ballari district,10251270,20394286531.7506
Karnataka,2021,2,Districts,bidar district,9644503,18320478179.40288
Karnataka,2021,3,Districts,bengaluru urban district,411775215,521353788178.5072
Karnataka,2021,3,Districts,mysuru district,26811443,43670503060.982155
Karnataka,2021,3,Districts,bengaluru rural district,24502111,37300514580.13531
Karnataka,2021,3,Districts,belagavi district,21230188,37510318096.01614
Karnataka,2021,3,Districts,dharwad district,18847960,26546257805.412704
Karnataka,2021,3,Districts,tumakuru district,18776270,35293832509.80877
Karnataka,2021,3,Districts,kolar district,16582315,30585101927.37905
Karnataka,2021,3,Districts,kalaburagi district,14579519,27749357238.601814
Karnataka,2021,3,Districts,ballari district,13429694,24636806840.350475
Karnataka,2021,3,Districts,bidar district,11945770,21432626595.142994
Karnataka,2021,4,Districts,bengaluru urban district,440708485,549406315387.4751
Karnataka,2021,4,Districts,mysuru district,29710377,47321305754.4931
Karnataka,2021,4,Districts,bengaluru rural district,26122806,38728849966.43658
Karnataka,2021,4,Districts,belagavi district,24247728,41669213853.593216
Karnataka,2021,4,Districts,dharwad district,20637620,28452587465.555
Karnataka,2021,4,Districts,tumakuru district,19938522,35947170889.84951
Karnataka,2021,4,Districts,kolar district,16934172,29828014949.19368
Karnataka,2021,4,Districts,kalaburagi district,15600006,30220488665.604702
Karnataka,2021,4,Districts,ballari district,14279974,25341304743.44863
Karnataka,2021,4,Districts,dakshina kannada district,13439604,19602241994.322643
Karnataka,2022,1,Districts,bengaluru urban district,557496794,692764776006.3445
Karnataka,2022,1,Districts,mysuru district,39180272,62188201818.450424
Karnataka,2022,1,Districts,bengaluru rural district,33225779,49355303739.43564
Karnataka,2022,1,Districts,belagavi district,32406208,55027821442.03383
Karnataka,2022,1,Districts,dharwad district,26969210,35882118867.02562
Karnataka,2022,1,Districts,tumakuru district,26564408,48102757724.66216
Karnataka,2022,1,Districts,kolar district,21945222,38584876031.71652
Karnataka,2022,1,Districts,kalaburagi district,21416914,40676519642.71517
Karnataka,2022,1,Districts,ballari district,18510894,32116941719.74321
Karnataka,2022,1,Districts,dakshina kannada district,17359853,25316457453.08588
Karnataka,2022,2,Districts,bengaluru urban district,684558409,849047823826.2317
Karnataka,2022,2,Districts,mysuru district,47337847,72666485893.43416
Karnataka,2022,2,Districts,bengaluru rural district,39122722,58187487361.15308
Karnataka,2022,2,Districts,belagavi district,39040448,63988595667.825615
Karnataka,2022,2,Districts,tumakuru district,31808755,56283600284.42601
Karnataka,2022,2,Districts,dharwad district,31691248,42547397336.605896
Karnataka,2022,2,Districts,kalaburagi district,26367176,47795111913.74245
Karnataka,2022,2,Districts,kolar district,25746411,45706927202.78659
Karnataka,2022,2,Districts,ballari district,21803251,36129829415.55277
Karnataka,2022,2,Districts,vijayapura district,20589503,37764033547.46485
Karnataka,2022,3,Districts,bengaluru urban district,832145845,991834589788.6337
Karnataka,2022,3,Districts,mysuru district,56752736,82737724840.87878
Karnataka,2022,3,Districts,bengaluru rural district,45907520,65014258308.58867
Karnataka,2022,3,Districts,belagavi district,44709524,66580886797.42939
Karnataka,2022,3,Districts,tumakuru district,37190502,60636736798.881454
Karnataka,2022,3,Districts,dharwad district,36524557,45332154297.534065
Karnataka,2022,3,Districts,kalaburagi district,30594767,49328596191.0315
Karnataka,2022,3,Districts,kolar district,30023949,51403119379.472466
Karnataka,2022,3,Districts,ballari district,24877326,38577107985.36503
Karnataka,2022,3,Districts,vijayapura district,23943709,39119013090.48343
Karnataka,2022,4,Districts,bengaluru urban district,891920111,1049985241070.1135
Karnataka,2022,4,Districts,mysuru district,63378574,92477295304.66994
Karnataka,2022,4,Districts,belagavi district,50995529,75460269427.5362
Karnataka,2022,4,Districts,bengaluru rural district,50017454,69399239701.96643
Karnataka,2022,4,Districts,tumakuru district,40682171,65655693077.53462
Karnataka,2022,4,Districts,dharwad district,40481938,50697919790.65793
Karnataka,2022,4,Districts,kalaburagi district,34895880,55395414925.10406
Karnataka,2022,4,Districts,kolar district,31852047,52829585146.72554
Karnataka,2022,4,Districts,ballari district,27102594,42409302911.7433
Karnataka,2022,4,Districts,vijayapura district,26411170,42514641459.89137
Karnataka,2023,1,Districts,bengaluru urban district,1002681520,1170990685423.776
Karnataka,2023,1,Districts,mysuru district,68950612,101886737383.31262
Karnataka,2023,1,Districts,belagavi district,57188140,85066315511.8268
Karnataka,2023,1,Districts,bengaluru rural district,55609990,77963246674.04149
Karnataka,2023,1,Districts,tumakuru district,45934884,75285850488.70706
Karnataka,2023,1,Districts,dharwad district,44807593,55576462494.14295
Karnataka,2023,1,Districts,kalaburagi district,38877805,62829393007.03681
Karnataka,2023,1,Districts,kolar district,35293429,58449191883.8375
Karnataka,2023,1,Districts,ballari district,30357346,46893850414.2302
Karnataka,2023,1,Districts,hassan district,29361073,51713064236.13887
Karnataka,2023,2,Districts,bengaluru urban district,1113631696,1314153140857.9216
Karnataka,2023,2,Districts,mysuru district,77329299,113153708187.6063
Karnataka,2023,2,Districts,belagavi district,63799215,93688590128.22238
Karnataka,2023,2,Districts,bengaluru rural district,61685163,86789055860.30006
Karnataka,2023,2,Districts,tumakuru district,51630604,84228950060.23648
Karnataka,2023,2,Districts,dharwad district,49756083,62819339724.86544
Karnataka,2023,2,Districts,kalaburagi district,44202058,70064350585.90285
Karnataka,2023,2,Districts,kolar district,39627772,66024649428.889885
Karnataka,2023,2,Districts,ballari district,34550923,53719654996.970795
Karnataka,2023,2,Districts,vijayapura district,33789604,54611345915.710396
Karnataka,2023,3,Districts,bengaluru urban district,1290641278,1446171023573.5032
Karnataka,2023,3,Districts,mysuru district,87764576,123222933597.1218
Karnataka,2023,3,Districts,bengaluru rural district,72247734,95021643825.50256
Karnataka,2023,3,Districts,belagavi district,71339088,96879014614.56961
Karnataka,2023,3,Districts,tumakuru district,59648653,90631632580.19849
Karnataka,2023,3,Districts,dharwad district,56638746,65726267221.244415
Karnataka,2023,3,Districts,kalaburagi district,50680430,72808357418.94672
Karnataka,2023,3,Districts,kolar district,46397500,73892362143.91959
Karnataka,2023,3,Districts,ballari district,40112678,56312573595.00749
Karnataka,2023,3,Districts,vijayapura district,39240892,57091440279.98183
Karnataka,2023,4,Districts,bengaluru urban district,1337595533,1505702694331.5107
Karnataka,2023,4,Districts,mysuru district,97786789,137697831211.81384
Karnataka,2023,4,Districts,belagavi district,82726485,113006003735.02045
Karnataka,2023,4,Districts,bengaluru rural district,79778191,104208365704.8918
Karnataka,2023,4,Districts,tumakuru district,66428260,99441001515.60722
Karnataka,2023,4,Districts,dharwad district,63611731,74971232286.60815
Karnataka,2023,4,Districts,kalaburagi district,58885519,84488705848.68059
Karnataka,2023,4,Districts,kolar district,51805324,79790406897.08163
Karnataka,2023,4,Districts,ballari district,45621056,63570680275.62846
Karnataka,2023,4,Districts,vijayapura district,45135621,65004455821.538956
Karnataka,2024,1,Districts,bengaluru urban district,1405152399,1538141550233.7258
Karnataka,2024,1,Districts,mysuru district,105552690,147639043257.55527
Karnataka,2024,1,Districts,belagavi district,96459981,128929955421.44289
Karnataka,2024,1,Districts,bengaluru rural district,89461047,113242375969.47824
Karnataka,2024,1,Districts,tumakuru district,75234588,110329515169.43787
Karnataka,2024,1,Districts,dharwad district,72294228,81890373696.33104
Karnataka,2024,1,Districts,kalaburagi district,68017934,97932180044.33928
Karnataka,2024,1,Districts,kolar district,59111731,88346774118.13312
Karnataka,2024,1,Districts,vijayapura district,53672224,75623875593.48323
Karnataka,2024,1,Districts,ballari district,52692134,71336239971.36865
Karnataka,2024,2,Districts,bengaluru urban district,1490547321,1632253908295.5454
Karnataka,2024,2,Districts,mysuru district,116534358,161388463380.90546
Karnataka,2024,2,Districts,belagavi district,107509117,141191716656.4566
Karnataka,2024,2,Districts,bengaluru rural district,97869476,124743988414.27359
Karnataka,2024,2,Districts,tumakuru district,83169641,123048236510.50653
Karnataka,2024,2,Districts,dharwad district,79240457,90266946021.83978
Karnataka,2024,2,Districts,kalaburagi district,76240293,106763960465.47258
Karnataka,2024,2,Districts,kolar district,66269915,99532523645.77388
Karnataka,2024,2,Districts,vijayapura district,60823027,84747416793.36252
Karnataka,2024,2,Districts,ballari district,58058859,75817883761.09236
Karnataka,2024,3,Districts,bengaluru urban district,1631812292,1756644287127.2886
Karnataka,2024,3,Districts,mysuru district,122992135,166379921598.59695
Karnataka,2024,3,Districts,belagavi district,113087277,140440567517.48126
Karnataka,2024,3,Districts,bengaluru rural district,109246961,132857799830.26132
Karnataka,2024,3,Districts,tumakuru district,88522548,124835133333.54903
Karnataka,2024,3,Districts,dharwad district,83547108,91666162288.81323
Karnataka,2024,3,Districts,kalaburagi district,81323336,104719414626.17854
Karnataka,2024,3,Districts,kolar district,71648450,104590020067.96921
Karnataka,2024,3,Districts,vijayapura district,65783522,85247306916.20401
Karnataka,2024,3,Districts,ballari district,61142469,75850875545.3396
Karnataka,2024,4,Districts,bengaluru urban district,1677998065,1797349053352.607
Karnataka,2024,4,Districts,mysuru district,136136450,180877221963.10736
Karnataka,2024,4,Districts,belagavi district,128406159,159396928386.89026
Karnataka,2024,4,Districts,bengaluru rural district,115479712,139706614773.64737
Karnataka,2024,4,Districts,tumakuru district,94770288,131242579969.44174
Karnataka,2024,4,Districts,dharwad district,91443952,101318337201.03864
Karnataka,2024,4,Districts,kalaburagi district,88763517,115912184335.94302
Karnataka,2024,4,Districts,kolar district,75746815,108337085087.05322
Karnataka,2024,4,Districts,vijayapura district,71067849,93476928395.57089
Karnataka,2024,4,Districts,hassan district,64844516,96863581606.64693
Karnataka,2025,1,Districts,bengaluru urban district,1862104522,1962733592853.573
Karnataka,2025,1,Districts,mysuru district,143840447,190279622263.96616
Karnataka,2025,1,Districts,belagavi district,134761872,165311742620.3581
Karnataka,2025,1,Districts,bengaluru rural district,122287595,146800849797.0136
Karnataka,2025,1,Districts,tumakuru district,102331248,140882734250.8003
Karnataka,2025,1,Districts,dharwad district,94049330,101873607100.91501
Karnataka,2025,1,Districts,kalaburagi district,92054404,120301138543.78442
Karnataka,2025,1,Districts,kolar district,79034384,111651705189.11371
Karnataka,2025,1,Districts,vijayapura district,72883813,95171229919.44664
Karnataka,2025,1,Districts,hassan district,68422331,103648649285.99731
Karnataka,2025,2,Districts,bengaluru urban district,1801469534,1932690432961.4429
Karnataka,2025,2,Districts,mysuru district,145021251,190965168184.19315
Karnataka,2025,2,Districts,belagavi district,138065926,170135314597.94263
Karnataka,2025,2,Districts,bengaluru rural district,126287877,152683154414.8521
Karnataka,2025,2,Districts,tumakuru district,103609033,143173098634.22452
Karnataka,2025,2,Districts,kalaburagi district,98065360,127999877635.55922
Karnataka,2025,2,Districts,dharwad district,97851579,107877389653.6992
Karnataka,2025,2,Districts,kolar district,81509904,115214575888.98132
Karnataka,2025,2,Districts,vijayapura district,79511324,104764168907.77519
Karnataka,2025,2,Districts,hassan district,69677603,104698963115.41457
Karnataka,2025,3,Districts,bengaluru urban district,1916901045,1985750949746.5142
Karnataka,2025,3,Districts,mysuru district,149628860,187490134979.24905
Karnataka,2025,3,Districts,belagavi district,136417269,158223275744.9648
Karnataka,2025,3,Districts,bengaluru rural district,135822859,155027100785.96564
Karnataka,2025,3,Districts,tumakuru district,103615697,137161679079.2111
Karnataka,2025,3,Districts,dharwad district,97481877,102395641618.35812
Karnataka,2025,3,Districts,kalaburagi district,96889360,116266958254.90614
Karnataka,2025,3,Districts,kolar district,85198428,115135197049.42105
Karnataka,2025,3,Districts,vijayapura district,78774606,95850812631.69728
Karnataka,2025,3,Districts,hassan district,70198949,98680992524.28859
Karnataka,2025,4,Districts,bengaluru urban district,1979286786,2035783160529.7837
Karnataka,2025,4,Districts,mysuru district,162208144,203812491247.87756
Karnataka,2025,4,Districts,belagavi district,147805883,174625099582.9555
Karnataka,2025,4,Districts,bengaluru rural district,142383186,163369526920.64114
Karnataka,2025,4,Districts,tumakuru district,110867540,145608268743.98328
Karnataka,2025,4,Districts,dharwad district,106548159,113066890936.3855
Karnataka,2025,4,Districts,kalaburagi district,105307001,130317905889.15234
Karnataka,2025,4,Districts,kolar district,88678537,119382534043.19016
Karnataka,2025,4,Districts,vijayapura district,82756614,104449174545.41612
Karnataka,2025,4,Districts,hassan district,76928321,108283405594.55774
Karnataka,2026,1,Districts,bengaluru urban district,2025840374,2126190211137.4692
Karnataka,2026,1,Districts,mysuru district,169070463,218294028172.82697
Karnataka,2026,1,Districts,belagavi district,157663160,191060333970.69955
Karnataka,2026,1,Districts,bengaluru rural district,148652595,173583918916.6664
Karnataka,2026,1,Districts,tumakuru district,117813036,158473045538.69147
Karnataka,2026,1,Districts,kalaburagi district,112423299,142332806426.61203
Karnataka,2026,1,Districts,dharwad district,110886677,118617275245.96893
Karnataka,2026,1,Districts,kolar district,93308094,126740036445.50322
Karnataka,2026,1,Districts,vijayapura district,88327026,112888365471.13362
Karnataka,2026,1,Districts,hassan district,81190857,119506787478.47888
Karnataka,2026,2,Districts,bengaluru urban district,2113433404,2237234966747.106
Karnataka,2026,2,Districts,mysuru district,183550671,234615696478.4011
Karnataka,2026,2,Districts,belagavi district,169229045,205774959801.14075
Karnataka,2026,2,Districts,bengaluru rural district,158598671,187652207915.38574
Karnataka,2026,2,Districts,tumakuru district,127067740,170409235171.76218
Karnataka,2026,2,Districts,kalaburagi district,121286983,151224426334.60477
Karnataka,2026,2,Districts,dharwad district,118951459,128383326792.53949
Karnataka,2026,2,Districts,kolar district,100222275,138935018500.43454
Karnataka,2026,2,Districts,vijayapura district,98492191,130094120370.10371
Karnataka,2026,2,Districts,hassan district,88081824,127101185281.3815
Kerala,2018,1,Districts,ernakulam district,416545,676478842.9768195
Kerala,2018,1,Districts,malappuram district,230712,227150798.42012405
Kerala,2018,1,Districts,kozhikode district,196438,243252416.33272934
Kerala,2018,1,Districts,thiruvananthapuram district,191461,297893125.0130873
Kerala,2018,1,Districts,thrissur district,146558,191916852.602391
Kerala,2018,1,Districts,palakkad district,119848,150778273.97464806
Kerala,2018,1,Districts,kannur district,103362,118780841.62091337
Kerala,2018,1,Districts,kottayam district,95494,119454153.29676896
Kerala,2018,1,Districts,kollam district,79002,89807459.58244902
Kerala,2018,1,Districts,alappuzha district,77568,96004128.28841153
Kerala,2018,2,Districts,ernakulam district,532018,999903440.5679202
Kerala,2018,2,Districts,thiruvananthapuram district,265761,479434098.49701756
Kerala,2018,2,Districts,malappuram district,243765,335454617.4769667
Kerala,2018,2,Districts,kozhikode district,237783,371669157.596444
Kerala,2018,2,Districts,thrissur district,185232,294725686.4635131
Kerala,2018,2,Districts,palakkad district,149977,242367085.14267114
Kerala,2018,2,Districts,kannur district,137304,204011424.71348572
Kerala,2018,2,Districts,kottayam district,124584,196463796.1961105
Kerala,2018,2,Districts,kollam district,109478,152446516.40732062
Kerala,2018,2,Districts,alappuzha district,104234,154733922.23182458
Kerala,2018,3,Districts,ernakulam district,720870,1327670181.7897058
Kerala,2018,3,Districts,thiruvananthapuram district,367853,704777609.5268573
Kerala,2018,3,Districts,kozhikode district,333205,535095172.1200795
Kerala,2018,3,Districts,malappuram district,296786,467203893.72943544
Kerala,2018,3,Districts,thrissur district,245177,408434303.7710756
Kerala,2018,3,Districts,palakkad district,204464,330498275.4847943
Kerala,2018,3,Districts,kannur district,176676,270173302.4766744
Kerala,2018,3,Districts,kottayam district,166290,261070048.534139
Kerala,2018,3,Districts,kollam district,155795,231900976.20465475
Kerala,2018,3,Districts,alappuzha district,132770,208570523.41311315
Kerala,2018,4,Districts,ernakulam district,1042583,1937409568.3914762
Kerala,2018,4,Districts,thiruvananthapuram district,520471,1002942968.9324989
Kerala,2018,4,Districts,kozhikode district,465583,786988235.3311734
Kerala,2018,4,Districts,malappuram district,442852,671982094.6192244
Kerala,2018,4,Districts,thrissur district,358969,627129153.1804183
Kerala,2018,4,Districts,palakkad district,285756,491544112.9247197
Kerala,2018,4,Districts,kannur district,250236,412150218.4681105
Kerala,2018,4,Districts,kottayam district,234361,400794693.32441396
Kerala,2018,4,Districts,kollam district,213910,343642908.77847004
Kerala,2018,4,Districts,alappuzha district,195934,318888155.0116974
Kerala,2019,1,Districts,ernakulam district,1535220,2578913210.829506
Kerala,2019,1,Districts,thiruvananthapuram district,804640,1348687969.2968857
Kerala,2019,1,Districts,kozhikode district,728063,1057443886.957756
Kerala,2019,1,Districts,malappuram district,721057,888862142.4994166
Kerala,2019,1,Districts,thrissur district,532218,843608404.2452475
Kerala,2019,1,Districts,palakkad district,422222,661867753.8704027
Kerala,2019,1,Districts,kannur district,352978,550575684.833385
Kerala,2019,1,Districts,kottayam district,325450,515703687.2816179
Kerala,2019,1,Districts,kollam district,298819,464678457.2732162
Kerala,2019,1,Districts,alappuzha district,277911,416043244.51398164
Kerala,2019,2,Districts,ernakulam district,1803274,3231619277.9778485
Kerala,2019,2,Districts,thiruvananthapuram district,980297,1737029060.5512722
Kerala,2019,2,Districts,kozhikode district,783367,1369398194.7971818
Kerala,2019,2,Districts,malappuram district,702083,1115372449.7030718
Kerala,2019,2,Districts,thrissur district,624573,1083377959.4287596
Kerala,2019,2,Districts,palakkad district,485102,885924447.0184281
Kerala,2019,2,Districts,kannur district,438730,741855636.7729605
Kerala,2019,2,Districts,kollam district,382264,657508372.3743783
Kerala,2019,2,Districts,kottayam district,375664,658246398.2058417
Kerala,2019,2,Districts,alappuzha district,351012,557815815.0585957
Kerala,2019,3,Districts,ernakulam district,2408033,4188789901.837882
Kerala,2019,3,Districts,thiruvananthapuram district,1329364,2304075654.0880513
Kerala,2019,3,Districts,kozhikode district,990499,1717205545.1304421
Kerala,2019,3,Districts,thrissur district,791143,1368747568.724302
Kerala,2019,3,Districts,malappuram district,740164,1316815312.0152411
Kerala,2019,3,Districts,palakkad district,554816,1079527789.9644666
Kerala,2019,3,Districts,kannur district,523372,944648129.078013
Kerala,2019,3,Districts,kollam district,519504,917745745.4813322
Kerala,2019,3,Districts,alappuzha district,472545,768729983.193996
Kerala,2019,3,Districts,kottayam district,436664,825310347.1646249
Kerala,2019,4,Districts,ernakulam district,3176596,5194701530.384522
Kerala,2019,4,Districts,thiruvananthapuram district,1824010,2924394667.4562798
Kerala,2019,4,Districts,kozhikode district,1303822,2212266052.778525
Kerala,2019,4,Districts,malappuram district,1004501,1711928972.0742822
Kerala,2019,4,Districts,thrissur district,981572,1737881242.2776904
Kerala,2019,4,Districts,kollam district,751852,1201732747.5019727
Kerala,2019,4,Districts,palakkad district,733539,1396011276.7819886
Kerala,2019,4,Districts,kannur district,712204,1232807453.4138336
Kerala,2019,4,Districts,alappuzha district,677844,1034574035.358751
Kerala,2019,4,Districts,kottayam district,598340,1072481755.2938938
Kerala,2020,1,Districts,ernakulam district,3643345,5724771319.763562
Kerala,2020,1,Districts,thiruvananthapuram district,2207816,3393562334.345892
Kerala,2020,1,Districts,kozhikode district,1650632,2757171108.5242715
Kerala,2020,1,Districts,malappuram district,1162066,2050698771.9526396
Kerala,2020,1,Districts,thrissur district,1108265,1979646888.8363082
Kerala,2020,1,Districts,kollam district,921794,1408637187.2146513
Kerala,2020,1,Districts,palakkad district,885052,1624645318.0581493
Kerala,2020,1,Districts,kannur district,883251,1501469244.6906424
Kerala,2020,1,Districts,alappuzha district,813375,1240122311.2892869
Kerala,2020,1,Districts,kottayam district,697903,1186420526.2013865
Kerala,2020,2,Districts,ernakulam district,2760646,4299630908.892486
Kerala,2020,2,Districts,thiruvananthapuram district,1911983,2823230616.944567
Kerala,2020,2,Districts,kozhikode district,1711656,2470292649.4266763
Kerala,2020,2,Districts,malappuram district,1357701,2000965589.6034825
Kerala,2020,2,Districts,kannur district,1192203,1578200905.1470532
Kerala,2020,2,Districts,thrissur district,1185284,1769150914.3212037
Kerala,2020,2,Districts,kollam district,1038846,1456184113.7713656
Kerala,2020,2,Districts,palakkad district,1035872,1603647457.2156522
Kerala,2020,2,Districts,alappuzha district,894264,1184387767.3906379
Kerala,2020,2,Districts,kottayam district,766908,1102718763.3385758
Kerala,2020,3,Districts,ernakulam district,4343404,7124443018.2081375
Kerala,2020,3,Districts,thiruvananthapuram district,2514477,4347090837.598484
Kerala,2020,3,Districts,kozhikode district,2474224,4592259876.440572
Kerala,2020,3,Districts,malappuram district,1940237,3731315379.1131306
Kerala,2020,3,Districts,thrissur district,1715897,3091476521.2866397
Kerala,2020,3,Districts,kannur district,1604562,2915116335.6562037
Kerala,2020,3,Districts,kollam district,1523948,2620484971.01538
Kerala,2020,3,Districts,palakkad district,1367301,2578029323.2158756
Kerala,2020,3,Districts,alappuzha district,1275101,1987641493.2344599
Kerala,2020,3,Districts,kottayam district,1036157,1828308152.152013
Kerala,2020,4,Districts,ernakulam district,7587983,10946526723.246655
Kerala,2020,4,Districts,thiruvananthapuram district,3881713,6474280107.654432
Kerala,2020,4,Districts,kozhikode district,3806096,6421895507.312981
Kerala,2020,4,Districts,malappuram district,3068301,5338300219.12296
Kerala,2020,4,Districts,thrissur district,2516256,4471580582.053549
Kerala,2020,4,Districts,kannur district,2324107,4069374938.9623637
Kerala,2020,4,Districts,kollam district,2120107,3711860833.4252844
Kerala,2020,4,Districts,palakkad district,1949284,3658919263.19223
Kerala,2020,4,Districts,alappuzha district,1815439,2942638012.6791763
Kerala,2020,4,Districts,kottayam district,1553357,2728682051.5925565
Kerala,2021,1,Districts,ernakulam district,10159402,13625413643.11863
Kerala,2021,1,Districts,kozhikode district,5069224,8282256996.40905
Kerala,2021,1,Districts,thiruvananthapuram district,4906102,7817884462.699001
Kerala,2021,1,Districts,malappuram district,4263283,6877139238.946088
Kerala,2021,1,Districts,thrissur district,3081437,5485679552.3954
Kerala,2021,1,Districts,kannur district,2750768,4908627047.213675
Kerala,2021,1,Districts,kollam district,2514778,4426010945.306294
Kerala,2021,1,Districts,palakkad district,2448204,4628803027.77619
Kerala,2021,1,Districts,alappuzha district,2189256,3604404971.5261946
Kerala,2021,1,Districts,kottayam district,1921178,3411717117.914391
Kerala,2021,2,Districts,ernakulam district,9801878,13264397888.542301
Kerala,2021,2,Districts,kozhikode district,5777838,8963827179.075699
Kerala,2021,2,Districts,thiruvananthapuram district,5381686,8258274940.499555
Kerala,2021,2,Districts,malappuram district,5047698,7604699603.993956
Kerala,2021,2,Districts,kannur district,3484272,5779711319.319578
Kerala,2021,2,Districts,thrissur district,3448472,5667269604.404512
Kerala,2021,2,Districts,kollam district,3128446,5104743279.185402
Kerala,2021,2,Districts,palakkad district,2980020,5024117477.397872
Kerala,2021,2,Districts,alappuzha district,2602657,3987786728.089415
Kerala,2021,2,Districts,kottayam district,2291938,3685549675.5483327
Kerala,2021,3,Districts,ernakulam district,13708253,18581803399.25789
Kerala,2021,3,Districts,kozhikode district,7790762,12159575185.451176
Kerala,2021,3,Districts,malappuram district,7214998,11031534800.778173
Kerala,2021,3,Districts,thiruvananthapuram district,7000271,11282798057.168545
Kerala,2021,3,Districts,thrissur district,4516993,7809995152.426181
Kerala,2021,3,Districts,kannur district,4443910,7692254137.84779
Kerala,2021,3,Districts,kollam district,4089473,7151678620.529279
Kerala,2021,3,Districts,palakkad district,3775966,6725048090.5645075
Kerala,2021,3,Districts,alappuzha district,3354456,5456597757.973542
Kerala,2021,3,Districts,kottayam district,2963916,5073606459.611737
Kerala,2021,4,Districts,ernakulam district,15654427,19887471384.43161
Kerala,2021,4,Districts,kozhikode district,8780196,12774850256.638542
Kerala,2021,4,Districts,malappuram district,8210786,11529428759.43425
Kerala,2021,4,Districts,thiruvananthapuram district,7653769,11579943820.017452
Kerala,2021,4,Districts,thrissur district,5164824,8187752357.588928
Kerala,2021,4,Districts,kannur district,4983175,8027892095.298308
Kerala,2021,4,Districts,palakkad district,4403855,7168064843.228306
Kerala,2021,4,Districts,kollam district,4386574,7273021192.272417
Kerala,2021,4,Districts,alappuzha district,3681828,5675748247.254458
Kerala,2021,4,Districts,kottayam district,3369871,5448131764.76994
Kerala,2022,1,Districts,ernakulam district,19831193,24163450702.505806
Kerala,2022,1,Districts,kozhikode district,11393008,15922690856.896935
Kerala,2022,1,Districts,malappuram district,10863984,14786868588.129993
Kerala,2022,1,Districts,thiruvananthapuram district,9700009,14319949613.247446
Kerala,2022,1,Districts,thrissur district,6647370,10129871800.750114
Kerala,2022,1,Districts,kannur district,6442313,10229323967.822655
Kerala,2022,1,Districts,palakkad district,5808180,9215932379.989027
Kerala,2022,1,Districts,kollam district,5654452,9259330261.546001
Kerala,2022,1,Districts,alappuzha district,4756116,7215320247.497642
Kerala,2022,1,Districts,kottayam district,4294708,6902480902.732114
Kerala,2022,2,Districts,ernakulam district,22358006,26999612189.1444
Kerala,2022,2,Districts,kozhikode district,12634764,17473261034.82805
Kerala,2022,2,Districts,malappuram district,11861443,16138299472.026236
Kerala,2022,2,Districts,thiruvananthapuram district,11344419,16093309618.13464
Kerala,2022,2,Districts,thrissur district,7527142,11068396460.671022
Kerala,2022,2,Districts,kannur district,7306056,11556451001.830654
Kerala,2022,2,Districts,kollam district,6610678,10271228605.531277
Kerala,2022,2,Districts,palakkad district,6534936,10266337269.579784
Kerala,2022,2,Districts,alappuzha district,5437712,8139987222.939224
Kerala,2022,2,Districts,kottayam district,4913701,7507472980.846085
Kerala,2022,3,Districts,ernakulam district,27392990,31838831514.554543
Kerala,2022,3,Districts,kozhikode district,15569918,20105471565.69109
Kerala,2022,3,Districts,malappuram district,14791848,18928515780.908714
Kerala,2022,3,Districts,thiruvananthapuram district,13974469,19117145871.894573
Kerala,2022,3,Districts,thrissur district,9076407,12799077432.300657
Kerala,2022,3,Districts,kannur district,8771715,12866058227.506065
Kerala,2022,3,Districts,kollam district,7988897,12277353454.92156
Kerala,2022,3,Districts,palakkad district,7913779,11700244590.76651
Kerala,2022,3,Districts,alappuzha district,6523073,9304648747.285257
Kerala,2022,3,Districts,kottayam district,5899810,8523553388.583358
Kerala,2022,4,Districts,ernakulam district,29501403,33143377531.677517
Kerala,2022,4,Districts,kozhikode district,16920916,20735333177.707172
Kerala,2022,4,Districts,malappuram district,15575116,19235294832.50895
Kerala,2022,4,Districts,thiruvananthapuram district,15334806,20029607624.024174
Kerala,2022,4,Districts,thrissur district,9795523,13255733269.630373
Kerala,2022,4,Districts,kannur district,9764251,13579352761.456825
Kerala,2022,4,Districts,kollam district,8604488,12601755603.000275
Kerala,2022,4,Districts,palakkad district,8499752,12133993163.61694
Kerala,2022,4,Districts,alappuzha district,7072002,9859709791.11364
Kerala,2022,4,Districts,kottayam district,6579698,9234695080.118275
Kerala,2023,1,Districts,ernakulam district,30095536,33987993420.49237
Kerala,2023,1,Districts,kozhikode district,17590234,21863824934.132458
Kerala,2023,1,Districts,thiruvananthapuram district,15937594,20557015406.52436
Kerala,2023,1,Districts,malappuram district,15897429,19955975704.366936
Kerala,2023,1,Districts,kannur district,10138293,14213980718.02305
Kerala,2023,1,Districts,thrissur district,10002779,13691295518.311007
Kerala,2023,1,Districts,kollam district,8906297,13060487222.8026
Kerala,2023,1,Districts,palakkad district,8648958,12570000382.804031
Kerala,2023,1,Districts,alappuzha district,7150609,10017826874.31549
Kerala,2023,1,Districts,kottayam district,6620981,9307714811.830252
Kerala,2023,2,Districts,ernakulam district,31450029,36480336020.948296
Kerala,2023,2,Districts,kozhikode district,18278619,23299547361.72366
Kerala,2023,2,Districts,thiruvananthapuram district,17052161,22149648854.480656
Kerala,2023,2,Districts,malappuram district,16387878,20942295710.344315
Kerala,2023,2,Districts,kannur district,10948372,15379874315.885086
Kerala,2023,2,Districts,thrissur district,10696607,14674304446.240679
Kerala,2023,2,Districts,kollam district,9639168,13990608766.00619
Kerala,2023,2,Districts,palakkad district,9153710,13426609644.314514
Kerala,2023,2,Districts,alappuzha district,7835007,11036718190.563263
Kerala,2023,2,Districts,kottayam district,7085174,9889491817.339457
Kerala,2023,3,Districts,ernakulam district,34673063,39038380988.45275
Kerala,2023,3,Districts,kozhikode district,19384048,24014127327.70674
Kerala,2023,3,Districts,thiruvananthapuram district,18809260,23959221803.315807
Kerala,2023,3,Districts,malappuram district,18149956,22287248667.695457
Kerala,2023,3,Districts,kannur district,11973569,16124959190.786991
Kerala,2023,3,Districts,thrissur district,11557876,15489534313.95953
Kerala,2023,3,Districts,kollam district,10543681,15320517489.27083
Kerala,2023,3,Districts,palakkad district,9767241,13935020941.292425
Kerala,2023,3,Districts,alappuzha district,8441793,11666948467.671265
Kerala,2023,3,Districts,kottayam district,7714694,10386043869.779243
Kerala,2023,4,Districts,ernakulam district,36253677,40414796450.726166
Kerala,2023,4,Districts,kozhikode district,20523085,24506195120.509674
Kerala,2023,4,Districts,thiruvananthapuram district,19485595,24186081771.04223
Kerala,2023,4,Districts,malappuram district,18941128,22557955449.05889
Kerala,2023,4,Districts,kannur district,12986323,16689663398.783274
Kerala,2023,4,Districts,thrissur district,12166777,15786702884.29195
Kerala,2023,4,Districts,kollam district,10884484,15116772768.60132
Kerala,2023,4,Districts,palakkad district,10190920,14013440899.631922
Kerala,2023,4,Districts,alappuzha district,8931930,11909179174.407703
Kerala,2023,4,Districts,kottayam district,8330678,11064016980.145317
Kerala,2024,1,Districts,ernakulam district,36395935,40589905339.17401
Kerala,2024,1,Districts,kozhikode district,20530422,24858073845.685066
Kerala,2024,1,Districts,thiruvananthapuram district,19649632,24187207605.277737
Kerala,2024,1,Districts,malappuram district,18973500,22891242482.88223
Kerala,2024,1,Districts,kannur district,13213011,17057283044.724043
Kerala,2024,1,Districts,thrissur district,12262929,15957121948.067225
Kerala,2024,1,Districts,kollam district,11249524,15426717643.06546
Kerala,2024,1,Districts,palakkad district,10262753,14100970531.548168
Kerala,2024,1,Districts,alappuzha district,9110920,12000811283.589699
Kerala,2024,1,Districts,kottayam district,8440253,11164358929.615383
Kerala,2024,2,Districts,ernakulam district,38181176,42317714859.37837
Kerala,2024,2,Districts,kozhikode district,22161097,26448689153.29409
Kerala,2024,2,Districts,malappuram district,20936868,25003979838.545372
Kerala,2024,2,Districts,thiruvananthapuram district,20701293,25297531021.914047
Kerala,2024,2,Districts,kannur district,14578125,18707246577.287235
Kerala,2024,2,Districts,thrissur district,13167715,16872692930.223711
Kerala,2024,2,Districts,kollam district,12012358,16258074496.228376
Kerala,2024,2,Districts,palakkad district,11078732,14930684024.902609
Kerala,2024,2,Districts,alappuzha district,9687881,12613402871.99574
Kerala,2024,2,Districts,kottayam district,8829473,11480775631.020355
Kerala,2024,3,Districts,ernakulam district,43029577,46357836551.55548
Kerala,2024,3,Districts,kozhikode district,24390248,28058634033.628494
Kerala,2024,3,Districts,malappuram district,23954378,27441879404.72452
Kerala,2024,3,Districts,thiruvananthapuram district,22716962,27594535550.367004
Kerala,2024,3,Districts,kannur district,16002816,19850121841.802963
Kerala,2024,3,Districts,thrissur district,14471074,17997583425.61735
Kerala,2024,3,Districts,kollam district,13158912,17782772563.571407
Kerala,2024,3,Districts,palakkad district,12199034,15879788589.61395
Kerala,2024,3,Districts,alappuzha district,10459777,13171838779.4246
Kerala,2024,3,Districts,kottayam district,9736758,12196782021.321383
Kerala,2024,4,Districts,ernakulam district,45939422,48755919129.876755
Kerala,2024,4,Districts,kozhikode district,25959979,29237933993.480644
Kerala,2024,4,Districts,malappuram district,25637281,28599436349.53676
Kerala,2024,4,Districts,thiruvananthapuram district,24072458,28451808957.3173
Kerala,2024,4,Districts,kannur district,17445642,21095477405.70433
Kerala,2024,4,Districts,thrissur district,15788529,19033870995.006687
Kerala,2024,4,Districts,kollam district,13711623,17920812287.70258
Kerala,2024,4,Districts,palakkad district,13243368,16738573226.330908
Kerala,2024,4,Districts,alappuzha district,11367244,13975342073.301125
Kerala,2024,4,Districts,kottayam district,10870148,13383918145.082087
Kerala,2025,1,Districts,ernakulam district,48606525,51623289249.33087
Kerala,2025,1,Districts,kozhikode district,27603625,31387362004.19128
Kerala,2025,1,Districts,malappuram district,26804401,30573694805.586376
Kerala,2025,1,Districts,thiruvananthapuram district,25852920,30008961310.90074
Kerala,2025,1,Districts,kannur district,18496174,22434491492.729584
Kerala,2025,1,Districts,thrissur district,17249136,20586389721.499046
Kerala,2025,1,Districts,kollam district,14424037,18592418925.53242
Kerala,2025,1,Districts,palakkad district,14170129,17821218956.24489
Kerala,2025,1,Districts,alappuzha district,12045030,14522022409.849533
Kerala,2025,1,Districts,kottayam district,11597714,14291852104.867258
Kerala,2025,2,Districts,ernakulam district,45824552,49178866439.12565
Kerala,2025,2,Districts,kozhikode district,26481161,30588284161.255066
Kerala,2025,2,Districts,malappuram district,26328457,30086775351.77504
Kerala,2025,2,Districts,thiruvananthapuram district,24328672,28824378843.77176
Kerala,2025,2,Districts,kannur district,18294894,22736277548.652733
Kerala,2025,2,Districts,thrissur district,16354095,19746334518.55103
Kerala,2025,2,Districts,kollam district,14021661,18387424493.066444
Kerala,2025,2,Districts,palakkad district,13805250,17513936157.61609
Kerala,2025,2,Districts,alappuzha district,11452837,14022360412.134602
Kerala,2025,2,Districts,kottayam district,10947079,13448347300.553415
Kerala,2025,3,Districts,ernakulam district,51083759,53085519210.06484
Kerala,2025,3,Districts,malappuram district,29714393,32669545602.340942
Kerala,2025,3,Districts,kozhikode district,29174220,32555843434.49694
Kerala,2025,3,Districts,thiruvananthapuram district,26482170,31063531241.640266
Kerala,2025,3,Districts,kannur district,20150379,24119666029.195198
Kerala,2025,3,Districts,thrissur district,17815126,20986812844.73174
Kerala,2025,3,Districts,kollam district,15248545,19928921599.9491
Kerala,2025,3,Districts,palakkad district,15067938,18437090325.985016
Kerala,2025,3,Districts,alappuzha district,12542720,14959675403.379433
Kerala,2025,3,Districts,kottayam district,12084706,14433542499.048016
Kerala,2025,4,Districts,ernakulam district,54182418,55373724700.58522
Kerala,2025,4,Districts,malappuram district,31510145,33571715984.431576
Kerala,2025,4,Districts,kozhikode district,31280726,33605216840.565544
Kerala,2025,4,Districts,thiruvananthapuram district,28138714,32132676465.489742
Kerala,2025,4,Districts,kannur district,21746344,25478656673.57523
Kerala,2025,4,Districts,thrissur district,19274689,21967844973.288185
Kerala,2025,4,Districts,palakkad district,16173309,19272789608.03283
Kerala,2025,4,Districts,kollam district,16017559,20073036275.8257
Kerala,2025,4,Districts,alappuzha district,13570051,15627783328.822956
Kerala,2025,4,Districts,kottayam district,13261931,15488940737.169762
Kerala,2026,1,Districts,ernakulam district,54115511,56311951098.60241
Kerala,2026,1,Districts,kozhikode district,31964658,35212021258.00534
Kerala,2026,1,Districts,malappuram district,31568693,34848916733.99776
Kerala,2026,1,Districts,thiruvananthapuram district,28773296,33111935233.63351
Kerala,2026,1,Districts,kannur district,22093276,26486687998.532944
Kerala,2026,1,Districts,thrissur district,19653930,22987015331.955845
Kerala,2026,1,Districts,palakkad district,16666837,20123791881.361183
Kerala,2026,1,Districts,kollam district,16523637,20846585734.985016
Kerala,2026,1,Districts,alappuzha district,13830947,16173000804.728676
Kerala,2026,1,Districts,kottayam district,13287206,15847377045.109726
Kerala,2026,2,Districts,ernakulam district,53710581,55471147409.076294
Kerala,2026,2,Districts,malappuram district,33828704,36364696971.52071
Kerala,2026,2,Districts,kozhikode district,33385313,35843449264.669266
Kerala,2026,2,Districts,thiruvananthapuram district,29708347,34085333435.639828
Kerala,2026,2,Districts,kannur district,23650060,27986601957.535404
Kerala,2026,2,Districts,thrissur district,20261573,23378298140.875233
Kerala,2026,2,Districts,palakkad district,17712733,21062656307.149654
Kerala,2026,2,Districts,kollam district,17340785,21693339257.9798
Kerala,2026,2,Districts,alappuzha district,14056562,16547026796.816353
Kerala,2026,2,Districts,kottayam district,12928740,15396414475.353916
Ladakh,2018,1,Districts,leh ladakh district,6177,11030176.567637855
Ladakh,2018,1,Districts,kargil district,1556,4210823.782440876
Ladakh,2018,2,Districts,leh ladakh district,13472,39879468.501456685
Ladakh,2018,2,Districts,kargil district,4940,16507462.958548976
Ladakh,2018,3,Districts,leh ladakh district,22834,74288611.86359888
Ladakh,2018,3,Districts,kargil district,7515,23201165.98792359
Ladakh,2018,4,Districts,leh ladakh district,33942,120752755.35105373
Ladakh,2018,4,Districts,kargil district,10556,36373940.19978361
Ladakh,2019,1,Districts,leh ladakh district,47621,146177113.9900755
Ladakh,2019,1,Districts,kargil district,12649,41166164.24582499
Ladakh,2019,2,Districts,leh ladakh district,80627,289470640.6128227
Ladakh,2019,2,Districts,kargil district,22767,81121946.29283202
Ladakh,2019,3,Districts,leh ladakh district,103478,405235489.24368286
Ladakh,2019,3,Districts,kargil district,17540,66803381.09861013
Ladakh,2019,4,Districts,leh ladakh district,106714,436190210.9446326
Ladakh,2019,4,Districts,kargil district,6496,28312542.757377796
Ladakh,2020,1,Districts,leh ladakh district,119381,434412319.3680589
Ladakh,2020,1,Districts,kargil district,30127,94356634.68712677
Ladakh,2020,2,Districts,leh ladakh district,148716,540935268.4244897
Ladakh,2020,2,Districts,kargil district,47686,163946558.73926663
Ladakh,2020,3,Districts,leh ladakh district,225793,899046586.3389314
Ladakh,2020,3,Districts,kargil district,65832,238222597.2869781
Ladakh,2020,4,Districts,leh ladakh district,307488,1079222874.2357955
Ladakh,2020,4,Districts,kargil district,92766,285027743.2762327
Ladakh,2021,1,Districts,leh ladakh district,319726,1117251449.9501023
Ladakh,2021,1,Districts,kargil district,80420,233577565.27441198
Ladakh,2021,2,Districts,leh ladakh district,512278,1713592358.3712435
Ladakh,2021,2,Districts,kargil district,138300,394769952.6917813
Ladakh,2021,3,Districts,leh ladakh district,739865,2590734981.6978707
Ladakh,2021,3,Districts,kargil district,190098,603898107.7182416
Ladakh,2021,4,Districts,leh ladakh district,688076,2184195576.025497
Ladakh,2021,4,Districts,kargil district,169563,478760216.62522525
Ladakh,2022,1,Districts,leh ladakh district,803074,2420161119.07896
Ladakh,2022,1,Districts,kargil district,188888,500112790.734145
Ladakh,2022,2,Districts,leh ladakh district,1363382,4120032104.6021323
Ladakh,2022,2,Districts,kargil district,327589,851929903.6846582
Ladakh,2022,3,Districts,leh ladakh district,1678114,4830683795.375256
Ladakh,2022,3,Districts,kargil district,400172,962232811.148193
Ladakh,2022,4,Districts,leh ladakh district,1552664,3852918537.6922026
Ladakh,2022,4,Districts,kargil district,384024,804512975.2084752
Ladakh,2023,1,Districts,leh ladakh district,1550191,3658854399.902035
Ladakh,2023,1,Districts,kargil district,332734,628329987.1417996
Ladakh,2023,2,Districts,leh ladakh district,2698755,6534859611.514465
Ladakh,2023,2,Districts,kargil district,697273,1255530165.6911628
Ladakh,2023,3,Districts,leh ladakh district,3176922,7433066417.143849
Ladakh,2023,3,Districts,kargil district,888704,1533144284.7094724
Ladakh,2023,4,Districts,leh ladakh district,2768554,6295054697.9808235
Ladakh,2023,4,Districts,kargil district,754933,1220280821.6807282
Ladakh,2024,1,Districts,leh ladakh district,2638176,5685752555.606774
Ladakh,2024,1,Districts,kargil district,615265,902521085.2556012
Ladakh,2024,2,Districts,leh ladakh district,4367703,8923647423.746952
Ladakh,2024,2,Districts,kargil district,1324236,1809314723.6689014
Ladakh,2024,3,Districts,leh ladakh district,5246159,10346939807.57526
Ladakh,2024,3,Districts,kargil district,1717069,2386039526.5338416
Ladakh,2024,4,Districts,leh ladakh district,4308955,8897395837.312595
Ladakh,2024,4,Districts,kargil district,1423467,2031351195.4125192
Ladakh,2025,1,Districts,leh ladakh district,3743123,7254768327.38596
Ladakh,2025,1,Districts,kargil district,1086806,1318467795.6146538
Ladakh,2025,2,Districts,leh ladakh district,5692751,10203913760.391066
Ladakh,2025,2,Districts,kargil district,1960961,2252598418.3271437
Ladakh,2025,3,Districts,leh ladakh district,6288596,11156444635.758974
Ladakh,2025,3,Districts,kargil district,2493670,2966643992.4117465
Ladakh,2025,4,Districts,leh ladakh district,4471349,9042907269.794502
Ladakh,2025,4,Districts,kargil district,1872379,2459854108.3955407
Ladakh,2026,1,Districts,leh ladakh district,4364060,8068365620.851923
Ladakh,2026,1,Districts,kargil district,1416296,1666031385.2752147
Ladakh,2026,2,Districts,leh ladakh district,6775664,12496089553.552267
Ladakh,2026,2,Districts,kargil district,2481761,2964197648.63043
Lakshadweep,2018,1,Districts,lakshadweep district,1124,3053772.2105995324
Lakshadweep,2018,2,Districts,lakshadweep district,2875,8629831.452342756
Lakshadweep,2018,3,Districts,lakshadweep district,2676,7647500.449565988
Lakshadweep,2018,4,Districts,lakshadweep district,3019,9506907.553999448
Lakshadweep,2019,1,Districts,lakshadweep district,4622,15684901.402080333
Lakshadweep,2019,2,Districts,lakshadweep district,5608,16590874.568089642
Lakshadweep,2019,3,Districts,lakshadweep district,5310,16856067.000797193
Lakshadweep,2019,4,Districts,lakshadweep district,6097,19723480.776782963
Lakshadweep,2020,1,Districts,lakshadweep district,8729,26322589.50098286
Lakshadweep,2020,2,Districts,lakshadweep district,11502,30917214.412092246
Lakshadweep,2020,3,Districts,lakshadweep district,13906,37809773.97093215
Lakshadweep,2020,4,Districts,lakshadweep district,17672,47628614.570741504
Lakshadweep,2021,1,Districts,lakshadweep district,16065,49159946.336578116
Lakshadweep,2021,2,Districts,lakshadweep district,20788,49741657.90632099
Lakshadweep,2021,3,Districts,lakshadweep district,24627,71786359.45006214
Lakshadweep,2021,4,Districts,lakshadweep district,25317,80761077.71397853
Lakshadweep,2022,1,Districts,lakshadweep district,30348,100573065.28366518
Lakshadweep,2022,2,Districts,lakshadweep district,33079,98136938.13431951
Lakshadweep,2022,3,Districts,lakshadweep district,34974,100075631.86162713
Lakshadweep,2022,4,Districts,lakshadweep district,37014,107487767.57716052
Lakshadweep,2023,1,Districts,lakshadweep district,43520,120064282.06789018
Lakshadweep,2023,2,Districts,lakshadweep district,50557,135198933.54788217
Lakshadweep,2023,3,Districts,lakshadweep district,61690,127653819.39619118
Lakshadweep,2023,4,Districts,lakshadweep district,96514,176451021.5524603
Lakshadweep,2024,1,Districts,lakshadweep district,120325,194003286.4243723
Lakshadweep,2024,2,Districts,lakshadweep district,161844,213925009.20390272
Lakshadweep,2024,3,Districts,lakshadweep district,183660,214944305.44486734
Lakshadweep,2024,4,Districts,lakshadweep district,228820,279685503.6960153
Lakshadweep,2025,1,Districts,lakshadweep district,286444,330371406.7975748
Lakshadweep,2025,2,Districts,lakshadweep district,282186,285436602.3281378
Lakshadweep,2025,3,Districts,lakshadweep district,295580,269362417.0022364
Lakshadweep,2025,4,Districts,lakshadweep district,326937,328386753.15942854
Lakshadweep,2026,1,Districts,lakshadweep district,351993,352164967.77212626
Lakshadweep,2026,2,Districts,lakshadweep district,371196,370577513.730895
Madhya Pradesh,2018,1,Districts,bhopal district,1137054,1332714942.4833617
Madhya Pradesh,2018,1,Districts,indore district,1082574,1506335604.4141088
Madhya Pradesh,2018,1,Districts,gwalior district,416291,518486440.1083761
Madhya Pradesh,2018,1,Districts,jabalpur district,340260,385576586.67453444
Madhya Pradesh,2018,1,Districts,sehore district,301678,286658278.9069604
Madhya Pradesh,2018,1,Districts,ujjain district,267596,304043820.63323915
Madhya Pradesh,2018,1,Districts,sagar district,265021,192450421.86839175
Madhya Pradesh,2018,1,Districts,rewa district,229984,261791869.25621447
Madhya Pradesh,2018,1,Districts,dhar district,226166,250432546.92619997
Madhya Pradesh,2018,1,Districts,dewas district,219694,234670515.30003133
Madhya Pradesh,2018,2,Districts,bhopal district,1491484,2228350205.8379664
Madhya Pradesh,2018,2,Districts,indore district,1385017,2438955520.449446
Madhya Pradesh,2018,2,Districts,gwalior district,563329,886628464.1945308
Madhya Pradesh,2018,2,Districts,jabalpur district,477343,661097911.1742635
Madhya Pradesh,2018,2,Districts,sehore district,389806,522045047.1302355
Madhya Pradesh,2018,2,Districts,ujjain district,342333,536796495.5064437
Madhya Pradesh,2018,2,Districts,sagar district,317052,372462935.66465616
Madhya Pradesh,2018,2,Districts,rewa district,298778,476099592.30029684
Madhya Pradesh,2018,2,Districts,dhar district,285314,414406094.99522936
Madhya Pradesh,2018,2,Districts,dewas district,271962,419000002.7198886
Madhya Pradesh,2018,3,Districts,bhopal district,2411884,3318268824.8550344
Madhya Pradesh,2018,3,Districts,indore district,2102275,3722395937.3445644
Madhya Pradesh,2018,3,Districts,sagar district,890530,766442814.4660432
Madhya Pradesh,2018,3,Districts,sehore district,841757,889278875.1705437
Madhya Pradesh,2018,3,Districts,gwalior district,811241,1311021116.3928947
Madhya Pradesh,2018,3,Districts,jabalpur district,769298,1062109699.4127271
Madhya Pradesh,2018,3,Districts,ujjain district,569558,822598709.2813516
Madhya Pradesh,2018,3,Districts,dhar district,489999,652085711.7693741
Madhya Pradesh,2018,3,Districts,narsinghpur district,481633,400284645.67477036
Madhya Pradesh,2018,3,Districts,dewas district,444261,632565199.3833671
Madhya Pradesh,2018,4,Districts,bhopal district,3321233,4651440973.11517
Madhya Pradesh,2018,4,Districts,indore district,2940069,5252156733.878971
Madhya Pradesh,2018,4,Districts,gwalior district,999837,1848499543.8603535
Madhya Pradesh,2018,4,Districts,jabalpur district,968133,1508856249.7309911
Madhya Pradesh,2018,4,Districts,sehore district,869944,1126269133.004704
Madhya Pradesh,2018,4,Districts,ujjain district,672827,1109786415.5634274
Madhya Pradesh,2018,4,Districts,sagar district,663513,854004068.0004785
Madhya Pradesh,2018,4,Districts,dhar district,628502,935556483.1402861
Madhya Pradesh,2018,4,Districts,dewas district,574577,909780438.4925528
Madhya Pradesh,2018,4,Districts,rewa district,569844,881561931.2385507
Madhya Pradesh,2019,1,Districts,bhopal district,6005732,6445769469.198994
Madhya Pradesh,2019,1,Districts,indore district,5037494,7452641182.37024
Madhya Pradesh,2019,1,Districts,sehore district,1879285,1606898086.6004725
Madhya Pradesh,2019,1,Districts,gwalior district,1599148,2502282142.5634522
Madhya Pradesh,2019,1,Districts,jabalpur district,1480052,2029553234.8175542
Madhya Pradesh,2019,1,Districts,dhar district,1181412,1283653338.4539669
Madhya Pradesh,2019,1,Districts,ujjain district,1124659,1503740247.1078236
Madhya Pradesh,2019,1,Districts,sagar district,1124106,1259482011.6779299
Madhya Pradesh,2019,1,Districts,dewas district,1095900,1300026260.6629746
Madhya Pradesh,2019,1,Districts,singrauli district,948856,1111689249.8074126
Madhya Pradesh,2019,2,Districts,bhopal district,7900850,9107360303.3703
Madhya Pradesh,2019,2,Districts,indore district,6017688,9924400672.51846
Madhya Pradesh,2019,2,Districts,gwalior district,1759676,3370626889.7041035
Madhya Pradesh,2019,2,Districts,jabalpur district,1636654,2721319953.0481296
Madhya Pradesh,2019,2,Districts,sehore district,1436874,2126021978.8206646
Madhya Pradesh,2019,2,Districts,ujjain district,1189657,2059144347.5994105
Madhya Pradesh,2019,2,Districts,sagar district,1077372,1725105548.417089
Madhya Pradesh,2019,2,Districts,dewas district,1012820,1726563593.454562
Madhya Pradesh,2019,2,Districts,dhar district,977020,1570409169.5641475
Madhya Pradesh,2019,2,Districts,rewa district,882827,1627979652.7736292
Madhya Pradesh,2019,3,Districts,bhopal district,12886403,11681666565.96815
Madhya Pradesh,2019,3,Districts,indore district,9861382,13104175062.544748
Madhya Pradesh,2019,3,Districts,gwalior district,2490557,4057749668.6049376
Madhya Pradesh,2019,3,Districts,jabalpur district,2276985,3206887072.481766
Madhya Pradesh,2019,3,Districts,ujjain district,1607476,2513953635.8974237
Madhya Pradesh,2019,3,Districts,sehore district,1590877,2318608577.16827
Madhya Pradesh,2019,3,Districts,dewas district,1262849,2073965743.4659722
Madhya Pradesh,2019,3,Districts,sagar district,1170412,1859388350.629059
Madhya Pradesh,2019,3,Districts,dhar district,1104927,1863260689.7189062
Madhya Pradesh,2019,3,Districts,rewa district,986062,1727395505.4584322
Madhya Pradesh,2019,4,Districts,bhopal district,15222823,15142231258.572495
Madhya Pradesh,2019,4,Districts,indore district,13849917,17414908191.478867
Madhya Pradesh,2019,4,Districts,gwalior district,3200958,5563220821.824423
Madhya Pradesh,2019,4,Districts,jabalpur district,2758945,4264047478.5269737
Madhya Pradesh,2019,4,Districts,sehore district,2114289,3208033579.5788975
Madhya Pradesh,2019,4,Districts,ujjain district,2060558,3422900310.6632442
Madhya Pradesh,2019,4,Districts,dewas district,1593750,2859057237.984064
Madhya Pradesh,2019,4,Districts,sagar district,1543802,2565693244.203899
Madhya Pradesh,2019,4,Districts,dhar district,1484309,2556303594.881153
Madhya Pradesh,2019,4,Districts,rewa district,1289643,2442871301.5848627
Madhya Pradesh,2020,1,Districts,indore district,15961812,20011149360.687202
Madhya Pradesh,2020,1,Districts,bhopal district,15468576,16412013438.229078
Madhya Pradesh,2020,1,Districts,gwalior district,3632292,6628282074.214594
Madhya Pradesh,2020,1,Districts,jabalpur district,2973195,4757170663.549378
Madhya Pradesh,2020,1,Districts,ujjain district,2514826,4156421421.964117
Madhya Pradesh,2020,1,Districts,sehore district,2278850,3762602274.81235
Madhya Pradesh,2020,1,Districts,dewas district,1997668,3444561827.5375466
Madhya Pradesh,2020,1,Districts,dhar district,1883533,3227455690.163625
Madhya Pradesh,2020,1,Districts,sagar district,1690194,2925632446.3274684
Madhya Pradesh,2020,1,Districts,rewa district,1426324,2909350355.0933986
Madhya Pradesh,2020,2,Districts,bhopal district,9033499,12170414642.84537
Madhya Pradesh,2020,2,Districts,indore district,8019428,13757991996.197874
Madhya Pradesh,2020,2,Districts,gwalior district,3183921,6163798969.419299
Madhya Pradesh,2020,2,Districts,jabalpur district,2534986,4616381780.668784
Madhya Pradesh,2020,2,Districts,ujjain district,2516089,4661845202.670817
Madhya Pradesh,2020,2,Districts,sehore district,2503244,4698044951.624253
Madhya Pradesh,2020,2,Districts,dewas district,2337396,4349533005.202391
Madhya Pradesh,2020,2,Districts,dhar district,2153016,3846857229.4113016
Madhya Pradesh,2020,2,Districts,sagar district,1993309,4027018822.360784
Madhya Pradesh,2020,2,Districts,rajgarh district,1706567,4150172594.061468
Madhya Pradesh,2020,3,Districts,indore district,14875834,24765918028.214188
Madhya Pradesh,2020,3,Districts,bhopal district,14252742,19659305792.68438
Madhya Pradesh,2020,3,Districts,gwalior district,4842356,9850054407.61257
Madhya Pradesh,2020,3,Districts,jabalpur district,3750656,7021571911.696253
Madhya Pradesh,2020,3,Districts,ujjain district,3689743,7047055238.185125
Madhya Pradesh,2020,3,Districts,sehore district,3213247,5648464553.652138
Madhya Pradesh,2020,3,Districts,dewas district,3175572,5880223628.645636
Madhya Pradesh,2020,3,Districts,dhar district,3148397,5651264542.572101
Madhya Pradesh,2020,3,Districts,sagar district,2553414,4993185559.727369
Madhya Pradesh,2020,3,Districts,rewa district,2270576,4438500651.638676
Madhya Pradesh,2020,4,Districts,indore district,23058137,35781826815.551605
Madhya Pradesh,2020,4,Districts,bhopal district,21200470,28112587013.335545
Madhya Pradesh,2020,4,Districts,gwalior district,6798351,13672869471.85346
Madhya Pradesh,2020,4,Districts,jabalpur district,5337857,9854460481.044302
Madhya Pradesh,2020,4,Districts,ujjain district,4977590,9384615644.014366
Madhya Pradesh,2020,4,Districts,dhar district,4402912,7643832821.236128
Madhya Pradesh,2020,4,Districts,dewas district,4273732,7727718036.968652
Madhya Pradesh,2020,4,Districts,sehore district,4259799,7285292557.712434
Madhya Pradesh,2020,4,Districts,sagar district,3378667,6428714373.6728945
Madhya Pradesh,2020,4,Districts,rewa district,3100795,6468395319.847092
Madhya Pradesh,2021,1,Districts,indore district,33295634,44880115541.8291
Madhya Pradesh,2021,1,Districts,bhopal district,28506350,33916410887.127953
Madhya Pradesh,2021,1,Districts,gwalior district,8623505,15962970046.807022
Madhya Pradesh,2021,1,Districts,jabalpur district,6698342,11553114932.510954
Madhya Pradesh,2021,1,Districts,ujjain district,6468014,11296407620.591496
Madhya Pradesh,2021,1,Districts,dhar district,5652634,9549749441.542553
Madhya Pradesh,2021,1,Districts,dewas district,5248251,8914596117.20311
Madhya Pradesh,2021,1,Districts,sehore district,5008467,8120584075.685537
Madhya Pradesh,2021,1,Districts,sagar district,4188942,7427536452.152392
Madhya Pradesh,2021,1,Districts,chhindwara district,3586936,6756858383.283744
Madhya Pradesh,2021,2,Districts,indore district,25537075,42401584655.80161
Madhya Pradesh,2021,2,Districts,bhopal district,23310126,33982951680.452312
Madhya Pradesh,2021,2,Districts,gwalior district,9193851,18747432715.114918
Madhya Pradesh,2021,2,Districts,jabalpur district,6865066,12964405322.376669
Madhya Pradesh,2021,2,Districts,dhar district,6777467,12066769916.899612
Madhya Pradesh,2021,2,Districts,ujjain district,6689029,13031393790.69621
Madhya Pradesh,2021,2,Districts,dewas district,6062246,11412694069.27676
Madhya Pradesh,2021,2,Districts,sehore district,5769025,10532974521.11784
Madhya Pradesh,2021,2,Districts,sagar district,5077671,10255025899.20018
Madhya Pradesh,2021,2,Districts,rajgarh district,4581766,10324633318.604261
Madhya Pradesh,2021,3,Districts,indore district,46015536,64197844989.88191
Madhya Pradesh,2021,3,Districts,bhopal district,38224180,47100427227.28354
Madhya Pradesh,2021,3,Districts,gwalior district,13008785,23161728133.05269
Madhya Pradesh,2021,3,Districts,ujjain district,10303197,17497339546.97205
Madhya Pradesh,2021,3,Districts,jabalpur district,10045786,16811916422.691898
Madhya Pradesh,2021,3,Districts,dhar district,9314035,14990067086.29655
Madhya Pradesh,2021,3,Districts,dewas district,8208619,13218114698.282173
Madhya Pradesh,2021,3,Districts,sehore district,7386951,11484673822.466944
Madhya Pradesh,2021,3,Districts,sagar district,6450268,11206084030.60665
Madhya Pradesh,2021,3,Districts,rajgarh district,5962491,10817254879.769594
Madhya Pradesh,2021,4,Districts,indore district,51819206,71627093610.01544
Madhya Pradesh,2021,4,Districts,bhopal district,42969924,52092928102.0023
Madhya Pradesh,2021,4,Districts,gwalior district,14453360,26000501894.307545
Madhya Pradesh,2021,4,Districts,jabalpur district,11344944,18834103877.887405
Madhya Pradesh,2021,4,Districts,ujjain district,10977152,19342424974.75544
Madhya Pradesh,2021,4,Districts,dhar district,10028873,16383794479.077892
Madhya Pradesh,2021,4,Districts,dewas district,8885351,14769568242.69074
Madhya Pradesh,2021,4,Districts,sehore district,7867490,12366506037.624718
Madhya Pradesh,2021,4,Districts,sagar district,7158049,12402216524.385334
Madhya Pradesh,2021,4,Districts,rajgarh district,6642364,12259144278.59092
Madhya Pradesh,2022,1,Districts,indore district,67479841,90942896108.90944
Madhya Pradesh,2022,1,Districts,bhopal district,54129645,64260202102.65486
Madhya Pradesh,2022,1,Districts,gwalior district,18515353,32635941805.18317
Madhya Pradesh,2022,1,Districts,ujjain district,14593475,24608460179.526535
Madhya Pradesh,2022,1,Districts,jabalpur district,14320538,23863872084.105766
Madhya Pradesh,2022,1,Districts,dhar district,13058695,21108043363.77972
Madhya Pradesh,2022,1,Districts,dewas district,11606910,18622623172.669132
Madhya Pradesh,2022,1,Districts,sehore district,10213633,15729550823.124775
Madhya Pradesh,2022,1,Districts,sagar district,9320765,15530567736.05192
Madhya Pradesh,2022,1,Districts,rajgarh district,9082764,15400153958.746014
Madhya Pradesh,2022,2,Districts,indore district,81411073,106597932582.14536
Madhya Pradesh,2022,2,Districts,bhopal district,63742172,75436629959.96283
Madhya Pradesh,2022,2,Districts,gwalior district,21552142,37793899407.64131
Madhya Pradesh,2022,2,Districts,jabalpur district,16987917,27612011410.6298
Madhya Pradesh,2022,2,Districts,ujjain district,16910767,28391193923.85937
Madhya Pradesh,2022,2,Districts,dhar district,15086889,24083591676.97146
Madhya Pradesh,2022,2,Districts,dewas district,13142483,21512308395.977028
Madhya Pradesh,2022,2,Districts,sehore district,11547592,18587750321.53174
Madhya Pradesh,2022,2,Districts,sagar district,10749448,18790465041.91718
Madhya Pradesh,2022,2,Districts,chhindwara district,10059025,15755501441.613739
Madhya Pradesh,2022,3,Districts,indore district,98007107,120483461907.99
Madhya Pradesh,2022,3,Districts,bhopal district,71898048,80595103102.2847
Madhya Pradesh,2022,3,Districts,gwalior district,25318585,40783073454.19581
Madhya Pradesh,2022,3,Districts,ujjain district,20748649,31178257963.891567
Madhya Pradesh,2022,3,Districts,jabalpur district,19335107,29033899952.203484
Madhya Pradesh,2022,3,Districts,dhar district,18180210,25940889096.375526
Madhya Pradesh,2022,3,Districts,dewas district,15314138,22295867635.34889
Madhya Pradesh,2022,3,Districts,sehore district,12602707,17788201138.46518
Madhya Pradesh,2022,3,Districts,sagar district,12057087,17946983992.6537
Madhya Pradesh,2022,3,Districts,rajgarh district,11434647,17112656280.588932
Madhya Pradesh,2022,4,Districts,indore district,110388562,137393352436.38257
Madhya Pradesh,2022,4,Districts,bhopal district,80735726,91914201165.7509
Madhya Pradesh,2022,4,Districts,gwalior district,28642075,46345963411.6885
Madhya Pradesh,2022,4,Districts,ujjain district,23036797,36461014752.39739
Madhya Pradesh,2022,4,Districts,jabalpur district,22158288,33372236705.921097
Madhya Pradesh,2022,4,Districts,dhar district,20061975,29445160122.063152
Madhya Pradesh,2022,4,Districts,dewas district,17159294,26316093845.634483
Madhya Pradesh,2022,4,Districts,sehore district,14006801,21130812810.136715
Madhya Pradesh,2022,4,Districts,sagar district,13722248,21047292732.232132
Madhya Pradesh,2022,4,Districts,chhindwara district,13035659,18685491330.95082
Madhya Pradesh,2023,1,Districts,indore district,123830691,151771692721.802
Madhya Pradesh,2023,1,Districts,bhopal district,88673312,100707175480.48245
Madhya Pradesh,2023,1,Districts,gwalior district,32170629,52895782483.70269
Madhya Pradesh,2023,1,Districts,ujjain district,26732739,40694736576.34469
Madhya Pradesh,2023,1,Districts,jabalpur district,25047086,37579965482.49423
Madhya Pradesh,2023,1,Districts,dhar district,22613547,32981827116.255077
Madhya Pradesh,2023,1,Districts,dewas district,19629986,29184941981.32061
Madhya Pradesh,2023,1,Districts,sehore district,16215617,23320653439.210625
Madhya Pradesh,2023,1,Districts,sagar district,15840070,23364938985.066883
Madhya Pradesh,2023,1,Districts,chhindwara district,14850790,20934898259.232258
Madhya Pradesh,2023,2,Districts,indore district,139819874,167786976037.00726
Madhya Pradesh,2023,2,Districts,bhopal district,99607953,111997538918.13379
Madhya Pradesh,2023,2,Districts,gwalior district,36828939,57420879984.2068
Madhya Pradesh,2023,2,Districts,ujjain district,30609043,46435447273.80113
Madhya Pradesh,2023,2,Districts,jabalpur district,28750172,41544371883.27474
Madhya Pradesh,2023,2,Districts,dhar district,26144352,36550492309.530785
Madhya Pradesh,2023,2,Districts,dewas district,22228125,33162361067.166573
Madhya Pradesh,2023,2,Districts,sehore district,18716154,27976192758.55984
Madhya Pradesh,2023,2,Districts,sagar district,18503119,28080659391.436928
Madhya Pradesh,2023,2,Districts,rewa district,17097415,26486393778.5105
Madhya Pradesh,2023,3,Districts,indore district,162826675,181839048589.69608
Madhya Pradesh,2023,3,Districts,bhopal district,114217822,118821595403.88684
Madhya Pradesh,2023,3,Districts,gwalior district,43728007,61552911289.06502
Madhya Pradesh,2023,3,Districts,ujjain district,37210351,49495333350.31511
Madhya Pradesh,2023,3,Districts,jabalpur district,32638051,42924768789.70484
Madhya Pradesh,2023,3,Districts,dhar district,30789094,38991397250.79475
Madhya Pradesh,2023,3,Districts,dewas district,25545466,34163343097.822987
Madhya Pradesh,2023,3,Districts,sehore district,21300696,27852849569.543865
Madhya Pradesh,2023,3,Districts,sagar district,21181009,27503056378.022373
Madhya Pradesh,2023,3,Districts,rajgarh district,19410603,26289281086.386436
Madhya Pradesh,2023,4,Districts,indore district,179103562,205094641179.2243
Madhya Pradesh,2023,4,Districts,bhopal district,126462944,133334225588.87122
Madhya Pradesh,2023,4,Districts,gwalior district,48057562,70187261686.24988
Madhya Pradesh,2023,4,Districts,ujjain district,40893419,56813960869.92926
Madhya Pradesh,2023,4,Districts,jabalpur district,37128513,49613605503.51097
Madhya Pradesh,2023,4,Districts,dhar district,35322466,45065493664.48911
Madhya Pradesh,2023,4,Districts,dewas district,29284397,39834261005.63899
Madhya Pradesh,2023,4,Districts,sehore district,24130006,32026617913.006706
Madhya Pradesh,2023,4,Districts,sagar district,23606847,31820186451.24451
Madhya Pradesh,2023,4,Districts,rewa district,21618820,29237713072.506172
Madhya Pradesh,2024,1,Districts,indore district,203277253,226268676874.3873
Madhya Pradesh,2024,1,Districts,bhopal district,139424854,144262396643.10254
Madhya Pradesh,2024,1,Districts,gwalior district,54406340,78861310544.86613
Madhya Pradesh,2024,1,Districts,ujjain district,48646873,64218152227.956154
Madhya Pradesh,2024,1,Districts,dhar district,42878486,52725496357.41533
Madhya Pradesh,2024,1,Districts,jabalpur district,41922036,55545895395.81445
Madhya Pradesh,2024,1,Districts,dewas district,34201810,44000926503.45886
Madhya Pradesh,2024,1,Districts,sehore district,28818904,36133105364.922264
Madhya Pradesh,2024,1,Districts,sagar district,27906266,35761988764.60507
Madhya Pradesh,2024,1,Districts,rajgarh district,26302773,35573632339.10147
Madhya Pradesh,2024,2,Districts,indore district,223946747,240102624788.78168
Madhya Pradesh,2024,2,Districts,bhopal district,152854201,154593987601.79297
Madhya Pradesh,2024,2,Districts,gwalior district,61673902,85138682806.43044
Madhya Pradesh,2024,2,Districts,ujjain district,53733637,69748278994.16225
Madhya Pradesh,2024,2,Districts,jabalpur district,47329878,59359984370.902405
Madhya Pradesh,2024,2,Districts,dhar district,46931477,55859446850.3252
Madhya Pradesh,2024,2,Districts,dewas district,37090326,47417651994.47094
Madhya Pradesh,2024,2,Districts,sehore district,31603598,41272667411.4801
Madhya Pradesh,2024,2,Districts,sagar district,31565943,42086791072.24359
Madhya Pradesh,2024,2,Districts,rajgarh district,28708741,39123575757.57426
Madhya Pradesh,2024,3,Districts,indore district,243926087,252922742009.2689
Madhya Pradesh,2024,3,Districts,bhopal district,165468063,160916589761.43723
Madhya Pradesh,2024,3,Districts,gwalior district,67973565,87315597078.50206
Madhya Pradesh,2024,3,Districts,ujjain district,59668488,71331084373.48349
Madhya Pradesh,2024,3,Districts,dhar district,51083366,56915014757.765465
Madhya Pradesh,2024,3,Districts,jabalpur district,50685469,60841237574.61005
Madhya Pradesh,2024,3,Districts,dewas district,39739654,48291621662.06465
Madhya Pradesh,2024,3,Districts,sagar district,33183005,40076097232.050735
Madhya Pradesh,2024,3,Districts,sehore district,33138333,39566391674.16678
Madhya Pradesh,2024,3,Districts,ratlam district,30775532,39863343361.19124
Madhya Pradesh,2024,4,Districts,indore district,264519227,277924275819.40295
Madhya Pradesh,2024,4,Districts,bhopal district,181350524,177880808748.2556
Madhya Pradesh,2024,4,Districts,gwalior district,74890300,97891354981.75745
Madhya Pradesh,2024,4,Districts,ujjain district,63600882,79741209454.51924
Madhya Pradesh,2024,4,Districts,jabalpur district,56789100,69364659523.01256
Madhya Pradesh,2024,4,Districts,dhar district,55374393,64062136499.95482
Madhya Pradesh,2024,4,Districts,dewas district,43925917,55068299165.50961
Madhya Pradesh,2024,4,Districts,sagar district,36140304,45650101501.3857
Madhya Pradesh,2024,4,Districts,sehore district,35763263,43647156586.984955
Madhya Pradesh,2024,4,Districts,rewa district,33825185,40965059214.23944
Madhya Pradesh,2025,1,Districts,indore district,267265386,277089310302.93695
Madhya Pradesh,2025,1,Districts,bhopal district,182212138,178225973353.51224
Madhya Pradesh,2025,1,Districts,gwalior district,75839800,99715686904.05981
Madhya Pradesh,2025,1,Districts,ujjain district,66880084,80002340176.78381
Madhya Pradesh,2025,1,Districts,jabalpur district,58202653,71508353100.64015
Madhya Pradesh,2025,1,Districts,dhar district,55199914,64901566715.284645
Madhya Pradesh,2025,1,Districts,dewas district,44571010,54044046942.70536
Madhya Pradesh,2025,1,Districts,sagar district,37139107,45059359537.00685
Madhya Pradesh,2025,1,Districts,sehore district,36331461,42912411500.22865
Madhya Pradesh,2025,1,Districts,rajgarh district,33964343,42553989506.734726
Madhya Pradesh,2025,2,Districts,indore district,278728040,284139765715.66235
Madhya Pradesh,2025,2,Districts,bhopal district,190491751,186860576281.9893
Madhya Pradesh,2025,2,Districts,gwalior district,80358835,104251075904.90927
Madhya Pradesh,2025,2,Districts,ujjain district,69469885,84730978207.1503
Madhya Pradesh,2025,2,Districts,jabalpur district,61649240,72763663780.71466
Madhya Pradesh,2025,2,Districts,dhar district,59809781,67877537273.56815
Madhya Pradesh,2025,2,Districts,dewas district,47082753,57505033456.67512
Madhya Pradesh,2025,2,Districts,sagar district,40721845,52546857134.32501
Madhya Pradesh,2025,2,Districts,sehore district,39276683,48792787925.79721
Madhya Pradesh,2025,2,Districts,rewa district,36909211,45929433871.17736
Madhya Pradesh,2025,3,Districts,indore district,308862464,298506250794.891
Madhya Pradesh,2025,3,Districts,bhopal district,207868585,191960279484.41315
Madhya Pradesh,2025,3,Districts,gwalior district,88625911,104348364612.59154
Madhya Pradesh,2025,3,Districts,ujjain district,78757426,84397629777.86041
Madhya Pradesh,2025,3,Districts,dhar district,67004987,68693922348.12436
Madhya Pradesh,2025,3,Districts,jabalpur district,65417227,71850270182.68524
Madhya Pradesh,2025,3,Districts,dewas district,51133835,56501290180.081154
Madhya Pradesh,2025,3,Districts,sagar district,42881218,47561734385.0054
Madhya Pradesh,2025,3,Districts,sehore district,42166958,46241874658.94662
Madhya Pradesh,2025,3,Districts,ratlam district,40551313,46502765013.632774
Madhya Pradesh,2025,4,Districts,indore district,325507016,321657348914.8843
Madhya Pradesh,2025,4,Districts,bhopal district,221598315,206862334961.75732
Madhya Pradesh,2025,4,Districts,gwalior district,92409121,113951176762.14552
Madhya Pradesh,2025,4,Districts,ujjain district,82804706,94916597811.31227
Madhya Pradesh,2025,4,Districts,jabalpur district,71548851,80744620285.60378
Madhya Pradesh,2025,4,Districts,dhar district,69368845,75543397489.59698
Madhya Pradesh,2025,4,Districts,dewas district,54670052,63460855879.68149
Madhya Pradesh,2025,4,Districts,sagar district,45376203,53644467962.49513
Madhya Pradesh,2025,4,Districts,sehore district,44148547,50958526137.108505
Madhya Pradesh,2025,4,Districts,ratlam district,42503272,52869334278.77631
Madhya Pradesh,2026,1,Districts,indore district,334698036,328595016016.4119
Madhya Pradesh,2026,1,Districts,bhopal district,223735759,210604549838.9679
Madhya Pradesh,2026,1,Districts,gwalior district,95549086,118183058040.1068
Madhya Pradesh,2026,1,Districts,ujjain district,88203401,96825775662.51018
Madhya Pradesh,2026,1,Districts,dhar district,73337032,79920507144.34344
Madhya Pradesh,2026,1,Districts,jabalpur district,73195296,84800115745.24419
Madhya Pradesh,2026,1,Districts,dewas district,57388265,64571154996.01769
Madhya Pradesh,2026,1,Districts,sagar district,47505264,54294439227.44469
Madhya Pradesh,2026,1,Districts,sehore district,46659516,51485170718.571884
Madhya Pradesh,2026,1,Districts,rajgarh district,43987296,49623872655.92157
Madhya Pradesh,2026,2,Districts,indore district,339895092,333242773526.79156
Madhya Pradesh,2026,2,Districts,bhopal district,230703048,219407172463.6955
Madhya Pradesh,2026,2,Districts,gwalior district,100545755,121378693087.84581
Madhya Pradesh,2026,2,Districts,ujjain district,92566816,104728146385.7399
Madhya Pradesh,2026,2,Districts,jabalpur district,76408578,85907588827.53563
Madhya Pradesh,2026,2,Districts,dhar district,74462317,80332199196.38478
Madhya Pradesh,2026,2,Districts,dewas district,58935467,68793857560.79462
Madhya Pradesh,2026,2,Districts,sagar district,51924904,64306030353.98082
Madhya Pradesh,2026,2,Districts,sehore district,48550426,58028983695.67753
Madhya Pradesh,2026,2,Districts,rajgarh district,46547793,58063738058.211914
Maharashtra,2018,1,Districts,pune district,3440226,4936623280.4816265
Maharashtra,2018,1,Districts,mumbai suburban district,1749592,2902717782.447371
Maharashtra,2018,1,Districts,thane district,1346017,2145363727.2806022
Maharashtra,2018,1,Districts,nashik district,799438,1039844108.8171203
Maharashtra,2018,1,Districts,chhatrapati sambhaji nagar district,741787,797165260.7566154
Maharashtra,2018,1,Districts,nagpur district,703169,925086641.5286236
Maharashtra,2018,1,Districts,mumbai district,559761,1032451842.5932182
Maharashtra,2018,1,Districts,solapur district,540622,636168614.8261547
Maharashtra,2018,1,Districts,ahilyanagar district,532119,625806734.538677
Maharashtra,2018,1,Districts,kolhapur district,422200,414112258.29055655
Maharashtra,2018,2,Districts,pune district,4627919,7705906450.227373
Maharashtra,2018,2,Districts,mumbai suburban district,2430113,4588410618.184628
Maharashtra,2018,2,Districts,thane district,1911738,3583826872.545698
Maharashtra,2018,2,Districts,nashik district,1135398,1747915902.332428
Maharashtra,2018,2,Districts,chhatrapati sambhaji nagar district,931343,1288708821.1022987
Maharashtra,2018,2,Districts,nagpur district,927105,1533445301.7976325
Maharashtra,2018,2,Districts,mumbai district,794416,1659980621.9268913
Maharashtra,2018,2,Districts,solapur district,776590,1175628248.329863
Maharashtra,2018,2,Districts,ahilyanagar district,736469,1120946498.4316
Maharashtra,2018,2,Districts,palghar district,553167,857418429.7946172
Maharashtra,2018,3,Districts,pune district,7177894,11522765067.859064
Maharashtra,2018,3,Districts,mumbai suburban district,3467759,6407027439.691939
Maharashtra,2018,3,Districts,thane district,2774565,5272655927.6202345
Maharashtra,2018,3,Districts,nashik district,1541206,2543167926.014404
Maharashtra,2018,3,Districts,nagpur district,1393069,2273850238.111215
Maharashtra,2018,3,Districts,chhatrapati sambhaji nagar district,1349862,1976557472.8923855
Maharashtra,2018,3,Districts,mumbai district,1162163,2409352554.618287
Maharashtra,2018,3,Districts,solapur district,1104904,1745248455.1081135
Maharashtra,2018,3,Districts,ahilyanagar district,988685,1682176557.5822015
Maharashtra,2018,3,Districts,palghar district,827465,1328876486.6521451
Maharashtra,2018,4,Districts,pune district,10371864,16558613631.65322
Maharashtra,2018,4,Districts,mumbai suburban district,5299733,9437026991.587687
Maharashtra,2018,4,Districts,thane district,4549899,8142391534.560634
Maharashtra,2018,4,Districts,nashik district,2209971,3989630632.272684
Maharashtra,2018,4,Districts,nagpur district,2177882,3476927919.056189
Maharashtra,2018,4,Districts,chhatrapati sambhaji nagar district,1959967,3104649257.327267
Maharashtra,2018,4,Districts,mumbai district,1763672,3623838276.161206
Maharashtra,2018,4,Districts,solapur district,1488728,2672442766.80921
Maharashtra,2018,4,Districts,ahilyanagar district,1458607,2697515330.4648542
Maharashtra,2018,4,Districts,palghar district,1268374,2084657107.5065188
Maharashtra,2019,1,Districts,pune district,19341468,24990485191.659775
Maharashtra,2019,1,Districts,mumbai suburban district,8142349,12988891700.794086
Maharashtra,2019,1,Districts,thane district,7600470,11773779287.353634
Maharashtra,2019,1,Districts,nagpur district,3987423,5078733343.525817
Maharashtra,2019,1,Districts,nashik district,3622271,5480906479.598339
Maharashtra,2019,1,Districts,chhatrapati sambhaji nagar district,3359498,4536226824.0486765
Maharashtra,2019,1,Districts,mumbai district,2738256,4923557933.357532
Maharashtra,2019,1,Districts,ahilyanagar district,2122804,3579933791.550288
Maharashtra,2019,1,Districts,solapur district,2080124,3506018298.9185667
Maharashtra,2019,1,Districts,palghar district,2078590,3082464993.8036823
Maharashtra,2019,2,Districts,pune district,31148227,34930043639.28152
Maharashtra,2019,2,Districts,thane district,9928395,16083609398.140652
Maharashtra,2019,2,Districts,mumbai suburban district,9812665,16663630512.131966
Maharashtra,2019,2,Districts,nashik district,5431158,7953889921.820777
Maharashtra,2019,2,Districts,nagpur district,5087456,7094316130.548661
Maharashtra,2019,2,Districts,chhatrapati sambhaji nagar district,4573881,6354872261.787025
Maharashtra,2019,2,Districts,mumbai district,3263564,6437131121.962597
Maharashtra,2019,2,Districts,solapur district,2587259,4834940857.852875
Maharashtra,2019,2,Districts,ahilyanagar district,2553993,4932716177.274077
Maharashtra,2019,2,Districts,raigad district,2540850,4403879515.662265
Maharashtra,2019,3,Districts,pune district,55748583,50978085833.31982
Maharashtra,2019,3,Districts,thane district,14036476,20726044288.48022
Maharashtra,2019,3,Districts,mumbai suburban district,13214035,20790804814.22579
Maharashtra,2019,3,Districts,nashik district,8939040,11443418181.490337
Maharashtra,2019,3,Districts,chhatrapati sambhaji nagar district,7316293,9153769597.322512
Maharashtra,2019,3,Districts,nagpur district,7305022,9092945051.047289
Maharashtra,2019,3,Districts,mumbai district,4189489,7837322195.496873
Maharashtra,2019,3,Districts,ahilyanagar district,3556575,6581095088.159815
Maharashtra,2019,3,Districts,solapur district,3555866,6299415401.988765
Maharashtra,2019,3,Districts,raigad district,3480116,5660505939.862906
Maharashtra,2019,4,Districts,pune district,74106681,65871523473.3951
Maharashtra,2019,4,Districts,thane district,17257620,26041546433.37506
Maharashtra,2019,4,Districts,mumbai suburban district,15408124,25386830830.298977
Maharashtra,2019,4,Districts,nashik district,12562131,16927920246.419043
Maharashtra,2019,4,Districts,chhatrapati sambhaji nagar district,10084388,13049976902.846823
Maharashtra,2019,4,Districts,nagpur district,9391504,12171671466.283428
Maharashtra,2019,4,Districts,ahilyanagar district,5348811,9719684622.886147
Maharashtra,2019,4,Districts,mumbai district,5104247,9867450388.959093
Maharashtra,2019,4,Districts,solapur district,4714263,8814091274.256218
Maharashtra,2019,4,Districts,raigad district,4543916,7282950595.036866
Maharashtra,2020,1,Districts,pune district,85765872,75895931149.91783
Maharashtra,2020,1,Districts,thane district,19483433,28790220650.45398
Maharashtra,2020,1,Districts,mumbai suburban district,17021372,27542261691.3889
Maharashtra,2020,1,Districts,nashik district,15304366,20761570583.794235
Maharashtra,2020,1,Districts,chhatrapati sambhaji nagar district,12065951,16020426925.56787
Maharashtra,2020,1,Districts,nagpur district,11006213,14322921539.087782
Maharashtra,2020,1,Districts,ahilyanagar district,7067004,12553614397.234005
Maharashtra,2020,1,Districts,solapur district,6298402,11833362191.642027
Maharashtra,2020,1,Districts,mumbai district,5560436,10477169940.856606
Maharashtra,2020,1,Districts,raigad district,5386327,8297567208.189487
Maharashtra,2020,2,Districts,pune district,38716794,48532600315.856125
Maharashtra,2020,2,Districts,nashik district,14463236,22101640879.834084
Maharashtra,2020,2,Districts,thane district,14300396,21876582621.963284
Maharashtra,2020,2,Districts,mumbai suburban district,10773274,17124118504.64202
Maharashtra,2020,2,Districts,chhatrapati sambhaji nagar district,9534020,14822145667.27591
Maharashtra,2020,2,Districts,nagpur district,8630356,12470318020.892698
Maharashtra,2020,2,Districts,ahilyanagar district,8185738,14957326430.975155
Maharashtra,2020,2,Districts,solapur district,7750672,14679944830.67397
Maharashtra,2020,2,Districts,palghar district,5095157,6760012999.730517
Maharashtra,2020,2,Districts,raigad district,4934417,7419505004.967239
Maharashtra,2020,3,Districts,pune district,66362865,80392366611.11436
Maharashtra,2020,3,Districts,nashik district,21526496,34079504837.458946
Maharashtra,2020,3,Districts,thane district,19929099,32459894335.80661
Maharashtra,2020,3,Districts,mumbai suburban district,14894885,25243688401.400402
Maharashtra,2020,3,Districts,chhatrapati sambhaji nagar district,14682723,23188145015.697174
Maharashtra,2020,3,Districts,nagpur district,12791701,19904950924.18351
Maharashtra,2020,3,Districts,ahilyanagar district,11246799,22040136878.371387
Maharashtra,2020,3,Districts,solapur district,10542548,21235898470.577374
Maharashtra,2020,3,Districts,raigad district,6807527,10988312473.281473
Maharashtra,2020,3,Districts,palghar district,6284495,9474723706.777363
Maharashtra,2020,4,Districts,pune district,108756047,118376643910.32768
Maharashtra,2020,4,Districts,thane district,34270557,50673583236.07288
Maharashtra,2020,4,Districts,nashik district,29233993,44997406169.093124
Maharashtra,2020,4,Districts,mumbai suburban district,26205056,40972911834.03183
Maharashtra,2020,4,Districts,chhatrapati sambhaji nagar district,21532196,31723433562.59407
Maharashtra,2020,4,Districts,nagpur district,18617970,28334109113.834488
Maharashtra,2020,4,Districts,ahilyanagar district,16186855,30399561111.47776
Maharashtra,2020,4,Districts,solapur district,14806810,28521732799.2927
Maharashtra,2020,4,Districts,raigad district,11207865,16572657966.765995
Maharashtra,2020,4,Districts,palghar district,9394873,13974783724.842762
Maharashtra,2021,1,Districts,pune district,143805568,146411257418.85135
Maharashtra,2021,1,Districts,thane district,41772019,59361631963.65221
Maharashtra,2021,1,Districts,nashik district,34049619,52089015329.72735
Maharashtra,2021,1,Districts,mumbai suburban district,32911710,49872462855.92784
Maharashtra,2021,1,Districts,chhatrapati sambhaji nagar district,25406556,37064979209.54059
Maharashtra,2021,1,Districts,nagpur district,21923582,32731591406.421062
Maharashtra,2021,1,Districts,ahilyanagar district,19515745,35953828646.720345
Maharashtra,2021,1,Districts,solapur district,17989775,34283984858.05732
Maharashtra,2021,1,Districts,raigad district,13960025,20230490019.180054
Maharashtra,2021,1,Districts,mumbai district,10970993,19978158952.739456
Maharashtra,2021,2,Districts,pune district,133033080,153109336950.37936
Maharashtra,2021,2,Districts,thane district,44330569,63952628566.335075
Maharashtra,2021,2,Districts,nashik district,36990814,61291043275.07921
Maharashtra,2021,2,Districts,mumbai suburban district,33362040,50260210990.21144
Maharashtra,2021,2,Districts,chhatrapati sambhaji nagar district,29877014,44564261068.95725
Maharashtra,2021,2,Districts,nagpur district,24677733,38397683994.720184
Maharashtra,2021,2,Districts,solapur district,23064240,45384996234.93909
Maharashtra,2021,2,Districts,ahilyanagar district,23007996,43792546578.65109
Maharashtra,2021,2,Districts,raigad district,15720154,22634503762.53319
Maharashtra,2021,2,Districts,jalgaon district,12598958,23860609898.94971
Maharashtra,2021,3,Districts,pune district,198601904,207842196283.89978
Maharashtra,2021,3,Districts,thane district,59367781,81706007931.2431
Maharashtra,2021,3,Districts,nashik district,50998738,75472392233.15962
Maharashtra,2021,3,Districts,mumbai suburban district,46231378,67175386241.79965
Maharashtra,2021,3,Districts,chhatrapati sambhaji nagar district,40171988,54383832765.83396
Maharashtra,2021,3,Districts,nagpur district,34185093,48425650056.00002
Maharashtra,2021,3,Districts,ahilyanagar district,31223504,54617036098.06546
Maharashtra,2021,3,Districts,solapur district,30535695,55044646390.179
Maharashtra,2021,3,Districts,raigad district,21135599,28653193967.631107
Maharashtra,2021,3,Districts,palghar district,16134296,22587892182.28528
Maharashtra,2021,4,Districts,pune district,214927662,224846464807.23102
Maharashtra,2021,4,Districts,thane district,64802610,87596205698.1547
Maharashtra,2021,4,Districts,nashik district,56217932,83807031835.18597
Maharashtra,2021,4,Districts,mumbai suburban district,51677043,73868806440.05658
Maharashtra,2021,4,Districts,chhatrapati sambhaji nagar district,44918928,60700704760.46161
Maharashtra,2021,4,Districts,nagpur district,38398340,55357829645.44571
Maharashtra,2021,4,Districts,ahilyanagar district,35724597,60979506673.0209
Maharashtra,2021,4,Districts,solapur district,34890375,60825180936.21374
Maharashtra,2021,4,Districts,raigad district,23133722,30784942164.581135
Maharashtra,2021,4,Districts,mumbai district,18482282,31761307884.550964
Maharashtra,2022,1,Districts,pune district,281817540,289432521232.0517
Maharashtra,2022,1,Districts,thane district,83033366,109083984438.0534
Maharashtra,2022,1,Districts,nashik district,72601724,106982997454.60048
Maharashtra,2022,1,Districts,mumbai suburban district,66772818,90965201580.56537
Maharashtra,2022,1,Districts,chhatrapati sambhaji nagar district,58116665,77333237340.7952
Maharashtra,2022,1,Districts,nagpur district,49549099,70419701259.79663
Maharashtra,2022,1,Districts,ahilyanagar district,46660584,78716998430.0304
Maharashtra,2022,1,Districts,solapur district,45772667,79327663721.7568
Maharashtra,2022,1,Districts,raigad district,29771344,38928636922.457726
Maharashtra,2022,1,Districts,mumbai district,23793286,38979647600.726456
Maharashtra,2022,2,Districts,pune district,340860945,343282266747.15405
Maharashtra,2022,2,Districts,thane district,96943455,124372034988.62251
Maharashtra,2022,2,Districts,nashik district,85200392,123853115596.54378
Maharashtra,2022,2,Districts,mumbai suburban district,79803947,104745271402.06384
Maharashtra,2022,2,Districts,chhatrapati sambhaji nagar district,66882656,88823101095.64484
Maharashtra,2022,2,Districts,nagpur district,59627461,83792366244.83165
Maharashtra,2022,2,Districts,ahilyanagar district,55205232,91955356502.65747
Maharashtra,2022,2,Districts,solapur district,54497187,94571445241.78796
Maharashtra,2022,2,Districts,raigad district,34935522,44016587619.975525
Maharashtra,2022,2,Districts,mumbai district,29346843,45159964643.97493
Maharashtra,2022,3,Districts,pune district,404089860,402458471345.62134
Maharashtra,2022,3,Districts,thane district,115629518,141080653089.467
Maharashtra,2022,3,Districts,mumbai suburban district,97505013,119823780596.778
Maharashtra,2022,3,Districts,nashik district,94778994,133709599841.17654
Maharashtra,2022,3,Districts,chhatrapati sambhaji nagar district,78585561,100089996990.13072
Maharashtra,2022,3,Districts,nagpur district,68589483,90426092489.24371
Maharashtra,2022,3,Districts,solapur district,63025618,102468392067.56793
Maharashtra,2022,3,Districts,ahilyanagar district,62265143,100592473747.92964
Maharashtra,2022,3,Districts,raigad district,40608660,48736942061.16708
Maharashtra,2022,3,Districts,mumbai district,35870544,50820130185.43183
Maharashtra,2022,4,Districts,pune district,441315143,442748826703.4165
Maharashtra,2022,4,Districts,thane district,130919429,154213958566.66678
Maharashtra,2022,4,Districts,mumbai suburban district,109920689,130340984559.01198
Maharashtra,2022,4,Districts,nashik district,105648346,150903521439.0434
Maharashtra,2022,4,Districts,chhatrapati sambhaji nagar district,84625010,108925728095.12054
Maharashtra,2022,4,Districts,nagpur district,77552945,104166190962.41618
Maharashtra,2022,4,Districts,solapur district,71125910,115503245205.01074
Maharashtra,2022,4,Districts,ahilyanagar district,69750283,114804624060.63036
Maharashtra,2022,4,Districts,raigad district,46372730,54035369963.81169
Maharashtra,2022,4,Districts,mumbai district,41787367,56956898496.200745
Maharashtra,2023,1,Districts,pune district,497927049,489800939492.0203
Maharashtra,2023,1,Districts,thane district,142877305,165599483362.1149
Maharashtra,2023,1,Districts,mumbai suburban district,121102924,140139251417.57416
Maharashtra,2023,1,Districts,nashik district,118488868,167222062283.5644
Maharashtra,2023,1,Districts,chhatrapati sambhaji nagar district,94541901,121135609315.8073
Maharashtra,2023,1,Districts,nagpur district,86486418,115856297393.48111
Maharashtra,2023,1,Districts,solapur district,78200832,128354540581.05432
Maharashtra,2023,1,Districts,ahilyanagar district,77602155,127115622142.48477
Maharashtra,2023,1,Districts,raigad district,50512676,58798302137.72239
Maharashtra,2023,1,Districts,mumbai district,46542192,61152760549.098305
Maharashtra,2023,2,Districts,pune district,545792615,535581979499.64716
Maharashtra,2023,2,Districts,thane district,156580354,179826809000.69455
Maharashtra,2023,2,Districts,nashik district,134895562,184064322110.936
Maharashtra,2023,2,Districts,mumbai suburban district,132706109,149890012757.01
Maharashtra,2023,2,Districts,chhatrapati sambhaji nagar district,105231913,132771624963.97345
Maharashtra,2023,2,Districts,nagpur district,96733076,128965398185.17459
Maharashtra,2023,2,Districts,ahilyanagar district,87851874,139158522707.60635
Maharashtra,2023,2,Districts,solapur district,87777901,139611484353.03613
Maharashtra,2023,2,Districts,raigad district,55857379,63478100096.03138
Maharashtra,2023,2,Districts,mumbai district,51423431,64850002948.26714
Maharashtra,2023,3,Districts,pune district,619201309,594246920777.303
Maharashtra,2023,3,Districts,thane district,171606024,189735093233.13693
Maharashtra,2023,3,Districts,mumbai suburban district,146574695,157541611859.8363
Maharashtra,2023,3,Districts,nashik district,146489187,195066726976.56387
Maharashtra,2023,3,Districts,chhatrapati sambhaji nagar district,118868449,142591786243.5322
Maharashtra,2023,3,Districts,nagpur district,108735864,135173063418.39621
Maharashtra,2023,3,Districts,solapur district,97796714,146900623375.18546
Maharashtra,2023,3,Districts,ahilyanagar district,97141279,150595305302.7775
Maharashtra,2023,3,Districts,raigad district,60385705,66574947703.184975
Maharashtra,2023,3,Districts,mumbai district,57318192,67587451742.29909
Maharashtra,2023,4,Districts,pune district,667548807,641763177884.0237
Maharashtra,2023,4,Districts,thane district,193709943,210383537256.6866
Maharashtra,2023,4,Districts,mumbai suburban district,163658067,174977208622.0307
Maharashtra,2023,4,Districts,nashik district,163388722,220218116086.34158
Maharashtra,2023,4,Districts,chhatrapati sambhaji nagar district,134069958,161387848148.3704
Maharashtra,2023,4,Districts,nagpur district,120832982,153898292024.08142
Maharashtra,2023,4,Districts,solapur district,113061877,168262635869.1977
Maharashtra,2023,4,Districts,ahilyanagar district,110272085,170639123648.94623
Maharashtra,2023,4,Districts,raigad district,69146385,73823238888.9215
Maharashtra,2023,4,Districts,mumbai district,65901854,78269889596.86102
Maharashtra,2024,1,Districts,pune district,728404034,676644877261.0132
Maharashtra,2024,1,Districts,thane district,203508980,216871831793.79117
Maharashtra,2024,1,Districts,nashik district,181184861,240904788714.76874
Maharashtra,2024,1,Districts,mumbai suburban district,170619116,181051585379.73953
Maharashtra,2024,1,Districts,chhatrapati sambhaji nagar district,152161055,181917239854.64404
Maharashtra,2024,1,Districts,nagpur district,131197418,166182973090.45862
Maharashtra,2024,1,Districts,solapur district,127014899,185869470129.72366
Maharashtra,2024,1,Districts,ahilyanagar district,125895190,188616579954.02258
Maharashtra,2024,1,Districts,raigad district,73410287,77260811230.98503
Maharashtra,2024,1,Districts,mumbai district,69953367,81577507692.44499
Maharashtra,2024,2,Districts,pune district,769538434,704966214355.6174
Maharashtra,2024,2,Districts,thane district,219754044,226958314593.03802
Maharashtra,2024,2,Districts,nashik district,194615011,250925226392.70007
Maharashtra,2024,2,Districts,mumbai suburban district,183486261,187248757748.54996
Maharashtra,2024,2,Districts,chhatrapati sambhaji nagar district,161927802,187387379350.2994
Maharashtra,2024,2,Districts,nagpur district,140536965,175262791172.83676
Maharashtra,2024,2,Districts,solapur district,137468307,195809397072.37982
Maharashtra,2024,2,Districts,ahilyanagar district,137069732,197514141866.08023
Maharashtra,2024,2,Districts,raigad district,80031820,81800969812.3583
Maharashtra,2024,2,Districts,mumbai district,74471528,81762512801.96347
Maharashtra,2024,3,Districts,pune district,838087562,763118237364.7706
Maharashtra,2024,3,Districts,thane district,233352793,237863958108.3083
Maharashtra,2024,3,Districts,nashik district,205538133,259410865904.66306
Maharashtra,2024,3,Districts,mumbai suburban district,196308529,196506680511.73767
Maharashtra,2024,3,Districts,chhatrapati sambhaji nagar district,175854694,193855505672.0099
Maharashtra,2024,3,Districts,nagpur district,154306015,181255074525.99255
Maharashtra,2024,3,Districts,solapur district,147919044,199541846959.85114
Maharashtra,2024,3,Districts,ahilyanagar district,147354321,205692334660.5626
Maharashtra,2024,3,Districts,raigad district,84130415,85656810521.78506
Maharashtra,2024,3,Districts,mumbai district,80176013,86515681331.3671
Maharashtra,2024,4,Districts,pune district,899715356,818867866080.583
Maharashtra,2024,4,Districts,thane district,260725962,262733954707.97083
Maharashtra,2024,4,Districts,nashik district,228062864,293583312580.39435
Maharashtra,2024,4,Districts,mumbai suburban district,216970043,214796842562.49976
Maharashtra,2024,4,Districts,chhatrapati sambhaji nagar district,191667210,217296436078.1361
Maharashtra,2024,4,Districts,nagpur district,171269614,205353886199.8659
Maharashtra,2024,4,Districts,solapur district,164366776,226167621712.49518
Maharashtra,2024,4,Districts,ahilyanagar district,160878363,229558553727.19034
Maharashtra,2024,4,Districts,raigad district,95595831,95316564722.5127
Maharashtra,2024,4,Districts,mumbai district,89536329,97082489766.25291
Maharashtra,2025,1,Districts,pune district,973919811,859454719086.5657
Maharashtra,2025,1,Districts,thane district,283884953,275763977143.4401
Maharashtra,2025,1,Districts,nashik district,246676831,300290584225.49097
Maharashtra,2025,1,Districts,mumbai suburban district,238373711,224109160844.59665
Maharashtra,2025,1,Districts,chhatrapati sambhaji nagar district,202195789,223870501913.32452
Maharashtra,2025,1,Districts,nagpur district,183049314,218246245899.71735
Maharashtra,2025,1,Districts,solapur district,172562666,232848897771.60294
Maharashtra,2025,1,Districts,ahilyanagar district,168061113,232200912375.08643
Maharashtra,2025,1,Districts,raigad district,105350238,101653596171.68205
Maharashtra,2025,1,Districts,mumbai district,97663697,101058390001.2328
Maharashtra,2025,2,Districts,pune district,967178661,861080158941.345
Maharashtra,2025,2,Districts,thane district,277235054,270274454047.19705
Maharashtra,2025,2,Districts,nashik district,260050324,312522270403.9951
Maharashtra,2025,2,Districts,mumbai suburban district,229293127,215302455573.3458
Maharashtra,2025,2,Districts,chhatrapati sambhaji nagar district,220067835,237148954234.2851
Maharashtra,2025,2,Districts,nagpur district,185097999,219029046187.34094
Maharashtra,2025,2,Districts,solapur district,184787727,243542266322.25473
Maharashtra,2025,2,Districts,ahilyanagar district,174662029,235854440395.29562
Maharashtra,2025,2,Districts,raigad district,103477611,100277003536.78607
Maharashtra,2025,2,Districts,nanded district,100740110,132062664405.27998
Maharashtra,2025,3,Districts,pune district,1063144981,923892000091.7834
Maharashtra,2025,3,Districts,thane district,299850930,280663080395.2049
Maharashtra,2025,3,Districts,nashik district,276348777,321008186671.89874
Maharashtra,2025,3,Districts,mumbai suburban district,250184019,224236572674.08044
Maharashtra,2025,3,Districts,chhatrapati sambhaji nagar district,235302846,241396870516.99594
Maharashtra,2025,3,Districts,nagpur district,196970073,219073131949.6336
Maharashtra,2025,3,Districts,solapur district,193639953,243469651583.37366
Maharashtra,2025,3,Districts,ahilyanagar district,184739735,238000640989.36182
Maharashtra,2025,3,Districts,raigad district,110995408,104462550214.58543
Maharashtra,2025,3,Districts,jalgaon district,105092746,131388225586.7814
Maharashtra,2025,4,Districts,pune district,1101376007,977679046380.2742
Maharashtra,2025,4,Districts,thane district,321060256,301312057288.3951
Maharashtra,2025,4,Districts,nashik district,294088764,350551220168.47015
Maharashtra,2025,4,Districts,mumbai suburban district,265743011,239531724440.11426
Maharashtra,2025,4,Districts,chhatrapati sambhaji nagar district,250529316,265418457462.4276
Maharashtra,2025,4,Districts,solapur district,215461181,276703411977.02325
Maharashtra,2025,4,Districts,nagpur district,211546751,241990004983.72797
Maharashtra,2025,4,Districts,ahilyanagar district,201846060,267264495503.49576
Maharashtra,2025,4,Districts,raigad district,121194063,113754160757.72852
Maharashtra,2025,4,Districts,nanded district,113817512,139199119290.16675
Maharashtra,2026,1,Districts,pune district,1150074364,1013306384906.2593
Maharashtra,2026,1,Districts,thane district,337525812,312545075978.28687
Maharashtra,2026,1,Districts,nashik district,308700991,360891317966.6507
Maharashtra,2026,1,Districts,mumbai suburban district,279927702,249060485817.06262
Maharashtra,2026,1,Districts,chhatrapati sambhaji nagar district,261870295,276896953634.8184
Maharashtra,2026,1,Districts,solapur district,221152066,287071144873.92944
Maharashtra,2026,1,Districts,nagpur district,220363589,255082100223.07553
Maharashtra,2026,1,Districts,ahilyanagar district,211296117,277956203187.80426
Maharashtra,2026,1,Districts,raigad district,128547514,119548967869.53954
Maharashtra,2026,1,Districts,jalgaon district,118674810,153549762717.67255
Maharashtra,2026,2,Districts,pune district,1190115541,1049927403995.6865
Maharashtra,2026,2,Districts,thane district,346477174,319459017989.9066
Maharashtra,2026,2,Districts,nashik district,326726159,379281693778.8296
Maharashtra,2026,2,Districts,mumbai suburban district,281998060,249149562810.70856
Maharashtra,2026,2,Districts,chhatrapati sambhaji nagar district,277774357,293960407146.0085
Maharashtra,2026,2,Districts,solapur district,234327059,299971694631.27924
Maharashtra,2026,2,Districts,nagpur district,229616391,266544319142.97665
Maharashtra,2026,2,Districts,ahilyanagar district,222959472,288700445193.8088
Maharashtra,2026,2,Districts,raigad district,132572113,123706961028.08687
Maharashtra,2026,2,Districts,nanded district,131031097,173603862249.46436
Manipur,2018,1,Districts,imphal west district,38783,69202406.09531361
Manipur,2018,1,Districts,imphal east district,21157,22531934.292918347
Manipur,2018,1,Districts,thoubal district,17090,12657471.705057953
Manipur,2018,1,Districts,bishnupur district,8484,13569765.69440869
Manipur,2018,1,Districts,churachandpur district,5387,14565927.641494453
Manipur,2018,1,Districts,kakching district,2496,2645454.4717998644
Manipur,2018,1,Districts,kangpokpi district,2317,3524461.3578514066
Manipur,2018,1,Districts,jiribam district,1706,4403988.248976103
Manipur,2018,1,Districts,ukhrul district,1666,1783675.6780404705
Manipur,2018,1,Districts,senapati district,1402,1920048.7992410366
Manipur,2018,2,Districts,imphal west district,55271,115002964.41003083
Manipur,2018,2,Districts,thoubal district,40421,29011544.406842146
Manipur,2018,2,Districts,imphal east district,40362,52081236.49521317
Manipur,2018,2,Districts,bishnupur district,12675,22001180.443537254
Manipur,2018,2,Districts,churachandpur district,9190,21954681.80554497
Manipur,2018,2,Districts,kakching district,5608,10044258.27367306
Manipur,2018,2,Districts,kangpokpi district,4763,7824906.753817516
Manipur,2018,2,Districts,ukhrul district,3436,7604537.893877906
Manipur,2018,2,Districts,jiribam district,3344,7730145.470941197
Manipur,2018,2,Districts,senapati district,2143,5154338.388119529
Manipur,2018,3,Districts,imphal west district,63242,155366758.59934193
Manipur,2018,3,Districts,imphal east district,55304,81925830.03960389
Manipur,2018,3,Districts,thoubal district,35286,54187872.52794793
Manipur,2018,3,Districts,bishnupur district,16330,27501532.69667485
Manipur,2018,3,Districts,churachandpur district,11040,32862725.359155282
Manipur,2018,3,Districts,kangpokpi district,7325,13481998.271531539
Manipur,2018,3,Districts,kakching district,6802,16005492.442473281
Manipur,2018,3,Districts,jiribam district,4843,7658932.636762959
Manipur,2018,3,Districts,ukhrul district,4330,11260296.680501536
Manipur,2018,3,Districts,tengnoupal district,3532,10845811.277771622
Manipur,2018,4,Districts,imphal west district,92989,234209487.59637472
Manipur,2018,4,Districts,imphal east district,52163,122256393.64825647
Manipur,2018,4,Districts,thoubal district,40200,77570922.99146765
Manipur,2018,4,Districts,bishnupur district,22627,41462967.66485812
Manipur,2018,4,Districts,churachandpur district,19131,64316939.60640271
Manipur,2018,4,Districts,kakching district,10014,23278789.001743443
Manipur,2018,4,Districts,kangpokpi district,8715,20031971.019634895
Manipur,2018,4,Districts,jiribam district,6843,15489577.831196565
Manipur,2018,4,Districts,senapati district,5683,14637700.273329714
Manipur,2018,4,Districts,ukhrul district,5629,17634773.196486704
Manipur,2019,1,Districts,imphal west district,107634,282478020.49971426
Manipur,2019,1,Districts,imphal east district,61230,140504114.2527744
Manipur,2019,1,Districts,thoubal district,40380,76084221.78515379
Manipur,2019,1,Districts,bishnupur district,22856,55289803.123424
Manipur,2019,1,Districts,churachandpur district,22230,66322671.61107224
Manipur,2019,1,Districts,kangpokpi district,10450,23007770.059737567
Manipur,2019,1,Districts,kakching district,10408,23530724.13048909
Manipur,2019,1,Districts,ukhrul district,7824,20335285.32063464
Manipur,2019,1,Districts,jiribam district,7440,20824164.851224165
Manipur,2019,1,Districts,noney district,6830,14698230.737791464
Manipur,2019,2,Districts,imphal west district,126736,363572701.0984587
Manipur,2019,2,Districts,imphal east district,62125,162908844.31667414
Manipur,2019,2,Districts,thoubal district,42380,96863335.89182305
Manipur,2019,2,Districts,bishnupur district,25029,55747681.171247676
Manipur,2019,2,Districts,churachandpur district,24621,77011314.30164339
Manipur,2019,2,Districts,kakching district,12835,32432176.89984111
Manipur,2019,2,Districts,ukhrul district,12024,30439837.984673075
Manipur,2019,2,Districts,kangpokpi district,11561,28027144.35459091
Manipur,2019,2,Districts,senapati district,9601,24124067.658387065
Manipur,2019,2,Districts,jiribam district,9399,24897407.850320518
Manipur,2019,3,Districts,imphal west district,142278,423716775.71779984
Manipur,2019,3,Districts,imphal east district,71444,196163389.16776386
Manipur,2019,3,Districts,thoubal district,42181,106711503.75639045
Manipur,2019,3,Districts,churachandpur district,30511,96213007.8452668
Manipur,2019,3,Districts,bishnupur district,27282,66842242.59528263
Manipur,2019,3,Districts,kakching district,14796,37725362.01829627
Manipur,2019,3,Districts,kangpokpi district,13368,39128727.19138557
Manipur,2019,3,Districts,ukhrul district,13213,35703993.40201074
Manipur,2019,3,Districts,senapati district,11180,30379192.670849912
Manipur,2019,3,Districts,chandel district,9728,24231095.588092558
Manipur,2019,4,Districts,imphal west district,173908,525367863.97739667
Manipur,2019,4,Districts,imphal east district,88186,239268503.53974006
Manipur,2019,4,Districts,thoubal district,56618,137125840.26309723
Manipur,2019,4,Districts,bishnupur district,37499,98606520.0116076
Manipur,2019,4,Districts,churachandpur district,34116,109235779.91854961
Manipur,2019,4,Districts,kakching district,18272,54923685.228218086
Manipur,2019,4,Districts,kangpokpi district,16298,45051915.21041486
Manipur,2019,4,Districts,senapati district,14712,36653266.3204814
Manipur,2019,4,Districts,ukhrul district,14559,45670987.99227583
Manipur,2019,4,Districts,chandel district,12269,34317115.93430369
Manipur,2020,1,Districts,imphal west district,194431,544387983.8117912
Manipur,2020,1,Districts,imphal east district,106442,274688161.2285662
Manipur,2020,1,Districts,thoubal district,68624,179944263.57022524
Manipur,2020,1,Districts,bishnupur district,47191,114869455.23841207
Manipur,2020,1,Districts,churachandpur district,43181,121958311.47327362
Manipur,2020,1,Districts,kakching district,22548,61963413.36308918
Manipur,2020,1,Districts,kangpokpi district,20805,53717605.948935166
Manipur,2020,1,Districts,senapati district,17451,43314445.20728102
Manipur,2020,1,Districts,ukhrul district,15331,41937521.93705764
Manipur,2020,1,Districts,noney district,14728,41912944.38456855
Manipur,2020,2,Districts,imphal west district,247742,595227845.0585499
Manipur,2020,2,Districts,imphal east district,140305,327801415.19508475
Manipur,2020,2,Districts,thoubal district,113100,302164712.67164445
Manipur,2020,2,Districts,bishnupur district,80096,179186567.73487917
Manipur,2020,2,Districts,churachandpur district,64978,184062700.17423996
Manipur,2020,2,Districts,kakching district,42482,98489875.34716402
Manipur,2020,2,Districts,kangpokpi district,31325,68298018.32905939
Manipur,2020,2,Districts,ukhrul district,27564,56416216.94527453
Manipur,2020,2,Districts,senapati district,26834,57105950.54221428
Manipur,2020,2,Districts,noney district,23917,75834504.94096918
Manipur,2020,3,Districts,imphal west district,301870,810993256.9812611
Manipur,2020,3,Districts,imphal east district,167059,432050642.73578835
Manipur,2020,3,Districts,thoubal district,128644,336354954.6344077
Manipur,2020,3,Districts,bishnupur district,94613,225261959.01868084
Manipur,2020,3,Districts,churachandpur district,79478,251598045.7929058
Manipur,2020,3,Districts,kakching district,46719,121125596.39796779
Manipur,2020,3,Districts,kangpokpi district,37327,93617368.77898574
Manipur,2020,3,Districts,senapati district,37042,95686592.16835912
Manipur,2020,3,Districts,ukhrul district,32169,82871350.69547783
Manipur,2020,3,Districts,chandel district,26294,67518103.50403434
Manipur,2020,4,Districts,imphal west district,353878,1104010407.736167
Manipur,2020,4,Districts,imphal east district,187157,557385113.4741292
Manipur,2020,4,Districts,thoubal district,142417,424301143.57741576
Manipur,2020,4,Districts,bishnupur district,104953,306216183.4757245
Manipur,2020,4,Districts,churachandpur district,88816,307472407.91734123
Manipur,2020,4,Districts,kakching district,50032,145447775.77716774
Manipur,2020,4,Districts,senapati district,45486,142945439.52203348
Manipur,2020,4,Districts,kangpokpi district,43225,120026926.43324295
Manipur,2020,4,Districts,ukhrul district,36554,107961094.92131099
Manipur,2020,4,Districts,chandel district,31877,90848072.60156208
Manipur,2021,1,Districts,imphal west district,360958,1184200204.9407287
Manipur,2021,1,Districts,imphal east district,191175,616917595.8740654
Manipur,2021,1,Districts,thoubal district,134693,441821847.7797605
Manipur,2021,1,Districts,bishnupur district,91429,316536286.0891215
Manipur,2021,1,Districts,churachandpur district,87089,336910590.3683304
Manipur,2021,1,Districts,kakching district,47767,150568669.96169665
Manipur,2021,1,Districts,kangpokpi district,44585,141378893.86413613
Manipur,2021,1,Districts,senapati district,39669,131768599.98817015
Manipur,2021,1,Districts,ukhrul district,29196,89633820.20761551
Manipur,2021,1,Districts,chandel district,27380,86290009.66236913
Manipur,2021,2,Districts,imphal west district,419165,1185091160.6908183
Manipur,2021,2,Districts,imphal east district,229171,603052811.5293187
Manipur,2021,2,Districts,thoubal district,178911,524414152.6163137
Manipur,2021,2,Districts,churachandpur district,116807,382136739.29365706
Manipur,2021,2,Districts,bishnupur district,116398,332915085.12541044
Manipur,2021,2,Districts,kakching district,64625,164510965.55278608
Manipur,2021,2,Districts,kangpokpi district,61836,169178985.84811044
Manipur,2021,2,Districts,senapati district,49979,137096149.71210995
Manipur,2021,2,Districts,ukhrul district,39890,109679239.4971234
Manipur,2021,2,Districts,chandel district,35317,98729691.39084212
Manipur,2021,3,Districts,imphal west district,507011,1514550906.2840269
Manipur,2021,3,Districts,imphal east district,286139,852950610.3659743
Manipur,2021,3,Districts,thoubal district,225707,696709959.082253
Manipur,2021,3,Districts,churachandpur district,159492,553223207.6366271
Manipur,2021,3,Districts,bishnupur district,136215,393078167.55305445
Manipur,2021,3,Districts,kakching district,77653,224572925.1094743
Manipur,2021,3,Districts,kangpokpi district,70960,206288424.35387248
Manipur,2021,3,Districts,senapati district,60104,182401893.71251956
Manipur,2021,3,Districts,ukhrul district,48879,157648794.79242268
Manipur,2021,3,Districts,chandel district,43548,124639464.40341598
Manipur,2021,4,Districts,imphal west district,536969,1654108838.5053678
Manipur,2021,4,Districts,imphal east district,292235,876916570.7404349
Manipur,2021,4,Districts,thoubal district,228049,664193885.35244
Manipur,2021,4,Districts,churachandpur district,152020,527546133.22492003
Manipur,2021,4,Districts,bishnupur district,127314,396756877.1027896
Manipur,2021,4,Districts,kangpokpi district,68062,191892251.42235708
Manipur,2021,4,Districts,kakching district,67260,203575802.54310217
Manipur,2021,4,Districts,senapati district,58223,191340043.93089175
Manipur,2021,4,Districts,ukhrul district,47168,164280734.46173027
Manipur,2021,4,Districts,chandel district,40807,123655751.1560047
Manipur,2022,1,Districts,imphal west district,672068,2034452520.6374166
Manipur,2022,1,Districts,imphal east district,354935,1052034811.0889132
Manipur,2022,1,Districts,thoubal district,305609,870559268.1862457
Manipur,2022,1,Districts,churachandpur district,186852,645716265.6942196
Manipur,2022,1,Districts,bishnupur district,161686,498854084.6712351
Manipur,2022,1,Districts,kangpokpi district,88081,254183007.28498125
Manipur,2022,1,Districts,kakching district,79233,229581222.21868026
Manipur,2022,1,Districts,senapati district,79125,271619179.9613074
Manipur,2022,1,Districts,ukhrul district,61397,212631201.36780822
Manipur,2022,1,Districts,tamenglong district,60332,181020518.90942103
Manipur,2022,2,Districts,imphal west district,753227,2199116251.9650316
Manipur,2022,2,Districts,imphal east district,401507,1147025071.2988396
Manipur,2022,2,Districts,thoubal district,351519,917631683.2417154
Manipur,2022,2,Districts,churachandpur district,190440,607079964.4036548
Manipur,2022,2,Districts,bishnupur district,166992,517969040.5924143
Manipur,2022,2,Districts,kangpokpi district,92410,239747479.5386235
Manipur,2022,2,Districts,senapati district,86845,259654583.66934195
Manipur,2022,2,Districts,kakching district,82492,232441506.18261498
Manipur,2022,2,Districts,ukhrul district,65331,216522444.44937888
Manipur,2022,2,Districts,noney district,54233,180348180.90749824
Manipur,2022,3,Districts,imphal west district,933197,2509796793.8845453
Manipur,2022,3,Districts,imphal east district,492302,1308732457.7657561
Manipur,2022,3,Districts,thoubal district,445555,1063969013.8744007
Manipur,2022,3,Districts,churachandpur district,213681,629121794.0905445
Manipur,2022,3,Districts,bishnupur district,186304,543527726.2144214
Manipur,2022,3,Districts,senapati district,108320,311642085.3156562
Manipur,2022,3,Districts,kangpokpi district,104378,259857469.42652678
Manipur,2022,3,Districts,kakching district,101927,254244589.75772858
Manipur,2022,3,Districts,ukhrul district,76616,245355161.80448642
Manipur,2022,3,Districts,noney district,64627,195198992.95980355
Manipur,2022,4,Districts,imphal west district,1002133,2566112311.843622
Manipur,2022,4,Districts,imphal east district,539047,1364446337.4544187
Manipur,2022,4,Districts,thoubal district,470516,1142639938.6074934
Manipur,2022,4,Districts,churachandpur district,231147,640862884.0361508
Manipur,2022,4,Districts,bishnupur district,199103,549186388.1383622
Manipur,2022,4,Districts,senapati district,126723,343913887.46768874
Manipur,2022,4,Districts,kangpokpi district,114727,282377104.6749786
Manipur,2022,4,Districts,kakching district,100184,258053925.77411848
Manipur,2022,4,Districts,ukhrul district,77185,244545847.3254341
Manipur,2022,4,Districts,jiribam district,69363,180745108.9940174
Manipur,2023,1,Districts,imphal west district,1081345,2701085604.4228196
Manipur,2023,1,Districts,imphal east district,576195,1415746729.5739334
Manipur,2023,1,Districts,thoubal district,491666,1187948938.7936287
Manipur,2023,1,Districts,churachandpur district,250605,632532212.1507518
Manipur,2023,1,Districts,bishnupur district,218115,572963586.5027708
Manipur,2023,1,Districts,senapati district,138357,370138159.31584173
Manipur,2023,1,Districts,kangpokpi district,119863,282554598.65859914
Manipur,2023,1,Districts,kakching district,102568,271994217.1697286
Manipur,2023,1,Districts,ukhrul district,83770,263700052.0377827
Manipur,2023,1,Districts,jiribam district,79375,209633021.59328038
Manipur,2023,2,Districts,imphal west district,534199,1400826769.2957225
Manipur,2023,2,Districts,imphal east district,287675,735630723.4175134
Manipur,2023,2,Districts,thoubal district,241949,623161434.363941
Manipur,2023,2,Districts,churachandpur district,121875,332616585.1721687
Manipur,2023,2,Districts,bishnupur district,101326,274357188.1276407
Manipur,2023,2,Districts,senapati district,71429,197644853.05206934
Manipur,2023,2,Districts,kangpokpi district,55920,144821542.3825981
Manipur,2023,2,Districts,jiribam district,55659,151610686.28799498
Manipur,2023,2,Districts,kakching district,51674,157958542.47288525
Manipur,2023,2,Districts,ukhrul district,40846,128305256.43049921
Manipur,2023,3,Districts,imphal west district,324666,1302650015.874642
Manipur,2023,3,Districts,imphal east district,173086,664793402.4521918
Manipur,2023,3,Districts,thoubal district,101015,422906412.89106953
Manipur,2023,3,Districts,jiribam district,49702,170968881.03801492
Manipur,2023,3,Districts,bishnupur district,48947,210963409.76078004
Manipur,2023,3,Districts,churachandpur district,48821,229662684.08706814
Manipur,2023,3,Districts,senapati district,36108,131440876.79165918
Manipur,2023,3,Districts,kangpokpi district,34865,147243189.99614662
Manipur,2023,3,Districts,kakching district,25244,109510685.77685955
Manipur,2023,3,Districts,ukhrul district,17039,72152087.0778058
Manipur,2023,4,Districts,imphal west district,718682,2221299071.305181
Manipur,2023,4,Districts,imphal east district,412570,1260276221.6328757
Manipur,2023,4,Districts,thoubal district,278085,851679928.0283082
Manipur,2023,4,Districts,bishnupur district,152409,488377158.12274283
Manipur,2023,4,Districts,churachandpur district,135577,495374892.8776066
Manipur,2023,4,Districts,kangpokpi district,89105,284312756.2868904
Manipur,2023,4,Districts,jiribam district,81368,215268068.2457639
Manipur,2023,4,Districts,senapati district,81316,226529586.8130961
Manipur,2023,4,Districts,kakching district,61733,216068759.9467912
Manipur,2023,4,Districts,ukhrul district,47554,171625724.4082378
Manipur,2024,1,Districts,imphal west district,1222552,2823767529.3719773
Manipur,2024,1,Districts,imphal east district,688920,1541721139.195465
Manipur,2024,1,Districts,thoubal district,547698,1238035948.5738213
Manipur,2024,1,Districts,bishnupur district,294534,691065180.0507112
Manipur,2024,1,Districts,churachandpur district,216114,598691704.0819962
Manipur,2024,1,Districts,kangpokpi district,169877,412773530.50691503
Manipur,2024,1,Districts,senapati district,146971,362816532.15936476
Manipur,2024,1,Districts,jiribam district,133846,286331323.407387
Manipur,2024,1,Districts,kakching district,118147,287087914.54883564
Manipur,2024,1,Districts,ukhrul district,101505,293201262.89516
Manipur,2024,2,Districts,imphal west district,1560727,3263492678.743345
Manipur,2024,2,Districts,imphal east district,878994,1775607371.7633612
Manipur,2024,2,Districts,thoubal district,769629,1419946337.2610629
Manipur,2024,2,Districts,bishnupur district,426815,834818150.3536787
Manipur,2024,2,Districts,churachandpur district,336494,811773490.9648176
Manipur,2024,2,Districts,kangpokpi district,222892,534389518.20803803
Manipur,2024,2,Districts,senapati district,183668,391901135.61501956
Manipur,2024,2,Districts,jiribam district,179918,327150920.10214233
Manipur,2024,2,Districts,kakching district,164394,331926058.75614786
Manipur,2024,2,Districts,ukhrul district,136776,386303881.3495851
Manipur,2024,3,Districts,imphal west district,1708226,3421482222.731681
Manipur,2024,3,Districts,imphal east district,986423,1928667480.7054276
Manipur,2024,3,Districts,thoubal district,759958,1402649874.1351578
Manipur,2024,3,Districts,bishnupur district,482258,949448576.8895978
Manipur,2024,3,Districts,churachandpur district,389573,881116914.3616529
Manipur,2024,3,Districts,kangpokpi district,272319,612996070.4024059
Manipur,2024,3,Districts,jiribam district,237456,400353739.404695
Manipur,2024,3,Districts,senapati district,204583,421110784.4834263
Manipur,2024,3,Districts,kakching district,192390,375763765.9139596
Manipur,2024,3,Districts,ukhrul district,151840,382093203.4274502
Manipur,2024,4,Districts,imphal west district,1673458,3552235022.640172
Manipur,2024,4,Districts,imphal east district,948068,1911211435.4483993
Manipur,2024,4,Districts,thoubal district,690708,1347913466.2706685
Manipur,2024,4,Districts,bishnupur district,517570,997744244.7735994
Manipur,2024,4,Districts,churachandpur district,357056,832752428.566889
Manipur,2024,4,Districts,kangpokpi district,290030,677219319.4647906
Manipur,2024,4,Districts,jiribam district,270363,481627440.72667
Manipur,2024,4,Districts,senapati district,238900,499525653.2404801
Manipur,2024,4,Districts,kakching district,184295,387409720.7438079
Manipur,2024,4,Districts,ukhrul district,161842,397993589.7179178
Manipur,2025,1,Districts,imphal west district,2290697,4147338249.884561
Manipur,2025,1,Districts,imphal east district,1321393,2312458781.3538365
Manipur,2025,1,Districts,thoubal district,890772,1597833073.1289613
Manipur,2025,1,Districts,bishnupur district,706475,1230256657.9487247
Manipur,2025,1,Districts,churachandpur district,462241,944876514.5199227
Manipur,2025,1,Districts,kangpokpi district,417447,862294889.3676872
Manipur,2025,1,Districts,jiribam district,417180,628147885.5090734
Manipur,2025,1,Districts,senapati district,284583,563554762.8030074
Manipur,2025,1,Districts,kakching district,226946,422531025.2649193
Manipur,2025,1,Districts,ukhrul district,198598,466389247.07119167
Manipur,2025,2,Districts,imphal west district,2506245,4351657531.1358
Manipur,2025,2,Districts,imphal east district,1440379,2366935397.225351
Manipur,2025,2,Districts,thoubal district,1026886,1633847054.886486
Manipur,2025,2,Districts,bishnupur district,800723,1317137311.186427
Manipur,2025,2,Districts,churachandpur district,547971,1020584294.480199
Manipur,2025,2,Districts,jiribam district,486634,685593510.4105378
Manipur,2025,2,Districts,kangpokpi district,468212,932523434.7722874
Manipur,2025,2,Districts,senapati district,287287,523553990.1793601
Manipur,2025,2,Districts,kakching district,241806,439968083.11943203
Manipur,2025,2,Districts,ukhrul district,212346,431453850.088295
Manipur,2025,3,Districts,imphal west district,2957432,4857952338.752184
Manipur,2025,3,Districts,imphal east district,1678175,2579681582.6916456
Manipur,2025,3,Districts,thoubal district,1163399,1676176237.4659877
Manipur,2025,3,Districts,bishnupur district,839501,1425146569.7968302
Manipur,2025,3,Districts,churachandpur district,639653,1177637411.5619226
Manipur,2025,3,Districts,jiribam district,524594,714603058.7775536
Manipur,2025,3,Districts,kangpokpi district,511541,994902586.5802976
Manipur,2025,3,Districts,senapati district,321961,567220601.5583358
Manipur,2025,3,Districts,kakching district,289139,481846151.3483104
Manipur,2025,3,Districts,ukhrul district,243850,474578206.94722307
Manipur,2025,4,Districts,imphal west district,3012654,4992621079.036653
Manipur,2025,4,Districts,imphal east district,1655565,2592696213.3611946
Manipur,2025,4,Districts,thoubal district,1140925,1746680350.102757
Manipur,2025,4,Districts,bishnupur district,805418,1407947938.4774017
Manipur,2025,4,Districts,churachandpur district,677616,1200212207.1832988
Manipur,2025,4,Districts,jiribam district,516746,696421418.0003693
Manipur,2025,4,Districts,kangpokpi district,502817,998887325.2608098
Manipur,2025,4,Districts,senapati district,339240,619772506.6615655
Manipur,2025,4,Districts,kakching district,281014,476699183.0159177
Manipur,2025,4,Districts,ukhrul district,239827,487546331.080964
Manipur,2026,1,Districts,imphal west district,3147318,5152579953.780869
Manipur,2026,1,Districts,imphal east district,1771567,2741760572.645455
Manipur,2026,1,Districts,thoubal district,1125399,1756034316.2219925
Manipur,2026,1,Districts,bishnupur district,864156,1496555865.1274624
Manipur,2026,1,Districts,churachandpur district,738945,1250584317.5329454
Manipur,2026,1,Districts,jiribam district,518287,670853494.9561892
Manipur,2026,1,Districts,kangpokpi district,517771,991139501.9669551
Manipur,2026,1,Districts,senapati district,346476,609052818.8401912
Manipur,2026,1,Districts,kakching district,284608,495395314.0741312
Manipur,2026,1,Districts,ukhrul district,244559,524236581.61522424
Manipur,2026,2,Districts,imphal west district,3117269,5087216585.960028
Manipur,2026,2,Districts,imphal east district,1728134,2633503240.4533596
Manipur,2026,2,Districts,thoubal district,1132307,1671648789.3159657
Manipur,2026,2,Districts,bishnupur district,864524,1487095766.2840319
Manipur,2026,2,Districts,churachandpur district,853637,1359853339.7525997
Manipur,2026,2,Districts,jiribam district,558399,699359344.8401811
Manipur,2026,2,Districts,kangpokpi district,529270,1006018270.839712
Manipur,2026,2,Districts,senapati district,363888,598489240.8444006
Manipur,2026,2,Districts,kakching district,304958,510264495.7499984
Manipur,2026,2,Districts,ukhrul district,275269,561534058.7222958
Meghalaya,2018,1,Districts,east khasi hills district,24410,34047446.943307154
Meghalaya,2018,1,Districts,west garo hills district,8742,10042242.678399034
Meghalaya,2018,1,Districts,ri bhoi district,7838,10674036.228172414
Meghalaya,2018,1,Districts,east jaintia hills district,6386,10218221.618289243
Meghalaya,2018,1,Districts,west jaintia hills district,3780,3497504.8226316483
Meghalaya,2018,1,Districts,south west garo hills district,1542,2177668.114161309
Meghalaya,2018,1,Districts,north garo hills district,1199,828405.0097762134
Meghalaya,2018,1,Districts,west khasi hills district,1179,1323554.5094590776
Meghalaya,2018,1,Districts,south garo hills district,981,1009715.8291183028
Meghalaya,2018,1,Districts,east garo hills district,967,961512.052371356
Meghalaya,2018,2,Districts,east khasi hills district,37978,66694293.85703995
Meghalaya,2018,2,Districts,west garo hills district,11853,19350035.916335188
Meghalaya,2018,2,Districts,ri bhoi district,10978,16567629.294993525
Meghalaya,2018,2,Districts,east jaintia hills district,7442,15708882.62029136
Meghalaya,2018,2,Districts,south west garo hills district,2913,4220202.627725443
Meghalaya,2018,2,Districts,west jaintia hills district,2705,2710025.312987122
Meghalaya,2018,2,Districts,north garo hills district,1783,1560603.8291089647
Meghalaya,2018,2,Districts,south garo hills district,1352,1888935.2169944718
Meghalaya,2018,2,Districts,east garo hills district,1089,1278502.2242620192
Meghalaya,2018,2,Districts,west khasi hills district,713,605770.2528196061
Meghalaya,2018,3,Districts,east khasi hills district,56664,122060561.96818042
Meghalaya,2018,3,Districts,west garo hills district,19540,31239952.392298907
Meghalaya,2018,3,Districts,ri bhoi district,15411,30155728.212925762
Meghalaya,2018,3,Districts,east jaintia hills district,13702,26018429.52063161
Meghalaya,2018,3,Districts,west jaintia hills district,4204,5689788.41632553
Meghalaya,2018,3,Districts,south west garo hills district,3906,6496301.65567698
Meghalaya,2018,3,Districts,north garo hills district,2790,2320013.6025302894
Meghalaya,2018,3,Districts,south garo hills district,2691,3069753.064426702
Meghalaya,2018,3,Districts,east garo hills district,1693,2304693.1091212276
Meghalaya,2018,3,Districts,south west khasi hills district,1448,1161431.9730092648
Meghalaya,2018,4,Districts,east khasi hills district,76820,180095791.77698708
Meghalaya,2018,4,Districts,west garo hills district,28905,48921519.95337348
Meghalaya,2018,4,Districts,east jaintia hills district,23346,43933248.77586085
Meghalaya,2018,4,Districts,ri bhoi district,22314,47943606.199054495
Meghalaya,2018,4,Districts,south west garo hills district,6266,8665463.31894545
Meghalaya,2018,4,Districts,west jaintia hills district,5853,8873198.062723875
Meghalaya,2018,4,Districts,north garo hills district,5389,5637639.479426751
Meghalaya,2018,4,Districts,south garo hills district,3980,6794694.489580954
Meghalaya,2018,4,Districts,east garo hills district,3554,6808634.56770163
Meghalaya,2018,4,Districts,west khasi hills district,2376,5506440.082138033
Meghalaya,2019,1,Districts,east khasi hills district,103168,211644114.9605008
Meghalaya,2019,1,Districts,ri bhoi district,33907,68910192.8282193
Meghalaya,2019,1,Districts,west garo hills district,32612,59770542.23586024
Meghalaya,2019,1,Districts,east jaintia hills district,30261,55681858.72779436
Meghalaya,2019,1,Districts,west jaintia hills district,7009,9930588.702859817
Meghalaya,2019,1,Districts,south west garo hills district,6577,9524587.079116408
Meghalaya,2019,1,Districts,north garo hills district,5074,5012345.150842646
Meghalaya,2019,1,Districts,east garo hills district,4408,7936646.584040614
Meghalaya,2019,1,Districts,south garo hills district,4020,9035625.315651553
Meghalaya,2019,1,Districts,west khasi hills district,3831,5708119.2281576805
Meghalaya,2019,2,Districts,east khasi hills district,127094,291626035.4032373
Meghalaya,2019,2,Districts,west garo hills district,41128,84968702.47786571
Meghalaya,2019,2,Districts,ri bhoi district,40899,87311171.27655305
Meghalaya,2019,2,Districts,east jaintia hills district,30475,60136603.454976305
Meghalaya,2019,2,Districts,south west garo hills district,9357,13824177.97361895
Meghalaya,2019,2,Districts,west jaintia hills district,7726,13687988.288744077
Meghalaya,2019,2,Districts,north garo hills district,6073,6514170.986931743
Meghalaya,2019,2,Districts,east garo hills district,5778,9565548.233162928
Meghalaya,2019,2,Districts,south garo hills district,4785,11259233.942832354
Meghalaya,2019,2,Districts,west khasi hills district,3587,5539007.415423451
Meghalaya,2019,3,Districts,east khasi hills district,150495,362955028.11428505
Meghalaya,2019,3,Districts,west garo hills district,47979,105921054.9240036
Meghalaya,2019,3,Districts,ri bhoi district,45031,104235763.3717134
Meghalaya,2019,3,Districts,east jaintia hills district,34153,68432758.40822664
Meghalaya,2019,3,Districts,south west garo hills district,10345,21379228.592096135
Meghalaya,2019,3,Districts,west jaintia hills district,10195,15631331.644268025
Meghalaya,2019,3,Districts,north garo hills district,7480,10537980.068633718
Meghalaya,2019,3,Districts,east garo hills district,6953,11389322.110592544
Meghalaya,2019,3,Districts,south garo hills district,5753,11466013.923580244
Meghalaya,2019,3,Districts,west khasi hills district,4220,7882260.776173728
Meghalaya,2019,4,Districts,east khasi hills district,165258,401605251.61557716
Meghalaya,2019,4,Districts,west garo hills district,54466,122867023.19782138
Meghalaya,2019,4,Districts,ri bhoi district,53659,124914809.0403465
Meghalaya,2019,4,Districts,east jaintia hills district,38020,81706813.06173843
Meghalaya,2019,4,Districts,west jaintia hills district,13695,22001022.66231922
Meghalaya,2019,4,Districts,south west garo hills district,11402,25837614.4524337
Meghalaya,2019,4,Districts,north garo hills district,9754,15462283.668243725
Meghalaya,2019,4,Districts,east garo hills district,9399,16055589.81945289
Meghalaya,2019,4,Districts,south garo hills district,8228,14112435.639840292
Meghalaya,2019,4,Districts,west khasi hills district,4116,8441179.90890512
Meghalaya,2020,1,Districts,east khasi hills district,182039,434503660.0277049
Meghalaya,2020,1,Districts,west garo hills district,69219,154852818.9593042
Meghalaya,2020,1,Districts,ri bhoi district,63070,149924458.031269
Meghalaya,2020,1,Districts,east jaintia hills district,45519,107877968.61959536
Meghalaya,2020,1,Districts,west jaintia hills district,18024,30551779.02674291
Meghalaya,2020,1,Districts,south west garo hills district,15107,28159739.71626034
Meghalaya,2020,1,Districts,south garo hills district,11954,16698732.996409636
Meghalaya,2020,1,Districts,east garo hills district,11904,20693016.188718636
Meghalaya,2020,1,Districts,north garo hills district,10698,16872270.076896552
Meghalaya,2020,1,Districts,west khasi hills district,5811,14215900.74150887
Meghalaya,2020,2,Districts,east khasi hills district,243216,491318491.2328597
Meghalaya,2020,2,Districts,west garo hills district,111091,199499959.03155935
Meghalaya,2020,2,Districts,ri bhoi district,69705,138960710.36281192
Meghalaya,2020,2,Districts,east jaintia hills district,59047,107301758.32089671
Meghalaya,2020,2,Districts,south west garo hills district,29674,37584350.20761641
Meghalaya,2020,2,Districts,west jaintia hills district,28923,29641304.574149992
Meghalaya,2020,2,Districts,east garo hills district,23036,25733057.39404901
Meghalaya,2020,2,Districts,north garo hills district,21827,22893447.430185236
Meghalaya,2020,2,Districts,south garo hills district,18093,25243956.2282619
Meghalaya,2020,2,Districts,west khasi hills district,10318,13504953.286985703
Meghalaya,2020,3,Districts,east khasi hills district,271765,651541260.1745292
Meghalaya,2020,3,Districts,west garo hills district,128398,293005351.36451113
Meghalaya,2020,3,Districts,ri bhoi district,77238,181787594.8449099
Meghalaya,2020,3,Districts,east jaintia hills district,64165,135785396.16024876
Meghalaya,2020,3,Districts,west jaintia hills district,32803,53170756.70974562
Meghalaya,2020,3,Districts,south west garo hills district,28782,55997671.37882018
Meghalaya,2020,3,Districts,east garo hills district,22609,40938392.71537018
Meghalaya,2020,3,Districts,north garo hills district,21612,32925542.05905181
Meghalaya,2020,3,Districts,south garo hills district,20512,30993673.629662026
Meghalaya,2020,3,Districts,west khasi hills district,10311,17846879.649337146
Meghalaya,2020,4,Districts,east khasi hills district,325391,834183621.8893139
Meghalaya,2020,4,Districts,west garo hills district,157106,386703249.47845215
Meghalaya,2020,4,Districts,ri bhoi district,101341,252364892.29116258
Meghalaya,2020,4,Districts,east jaintia hills district,75691,197096494.56588364
Meghalaya,2020,4,Districts,west jaintia hills district,35764,66301388.86199524
Meghalaya,2020,4,Districts,south west garo hills district,34886,79751307.21015504
Meghalaya,2020,4,Districts,north garo hills district,26694,48409221.67819746
Meghalaya,2020,4,Districts,east garo hills district,25735,49312411.25945123
Meghalaya,2020,4,Districts,south garo hills district,25550,42280756.220147245
Meghalaya,2020,4,Districts,west khasi hills district,13457,39306775.213323355
Meghalaya,2021,1,Districts,east khasi hills district,337893,921916941.3230319
Meghalaya,2021,1,Districts,west garo hills district,157992,410722195.57501817
Meghalaya,2021,1,Districts,ri bhoi district,129729,336284893.00846285
Meghalaya,2021,1,Districts,east jaintia hills district,95636,274047961.23190826
Meghalaya,2021,1,Districts,south west garo hills district,32767,80243133.36774899
Meghalaya,2021,1,Districts,west jaintia hills district,31959,70792397.04399934
Meghalaya,2021,1,Districts,north garo hills district,26952,54976090.121070184
Meghalaya,2021,1,Districts,south garo hills district,26151,60093491.51855392
Meghalaya,2021,1,Districts,east garo hills district,24445,52787304.2152777
Meghalaya,2021,1,Districts,west khasi hills district,18312,71056371.39699955
Meghalaya,2021,2,Districts,east khasi hills district,404783,984613696.6183026
Meghalaya,2021,2,Districts,west garo hills district,215637,493246852.1305171
Meghalaya,2021,2,Districts,ri bhoi district,153122,340745245.90257525
Meghalaya,2021,2,Districts,east jaintia hills district,124084,283174067.6107024
Meghalaya,2021,2,Districts,south west garo hills district,44924,92883259.7608318
Meghalaya,2021,2,Districts,west jaintia hills district,43019,73235167.51064844
Meghalaya,2021,2,Districts,north garo hills district,38051,55449047.68437452
Meghalaya,2021,2,Districts,east garo hills district,34652,58704106.47054612
Meghalaya,2021,2,Districts,south garo hills district,32530,68707205.3641006
Meghalaya,2021,2,Districts,west khasi hills district,18114,44311195.82191198
Meghalaya,2021,3,Districts,east khasi hills district,494585,1271758978.445025
Meghalaya,2021,3,Districts,west garo hills district,262027,625228314.2662368
Meghalaya,2021,3,Districts,ri bhoi district,183837,428602138.6893417
Meghalaya,2021,3,Districts,east jaintia hills district,146047,343725079.58422637
Meghalaya,2021,3,Districts,west jaintia hills district,53551,97198413.38984935
Meghalaya,2021,3,Districts,south west garo hills district,52996,117302557.32716697
Meghalaya,2021,3,Districts,north garo hills district,46238,82124677.96997678
Meghalaya,2021,3,Districts,east garo hills district,42337,74946258.65538329
Meghalaya,2021,3,Districts,south garo hills district,33981,70514642.84143652
Meghalaya,2021,3,Districts,west khasi hills district,18319,44557206.19659538
Meghalaya,2021,4,Districts,east khasi hills district,560127,1472086945.6211507
Meghalaya,2021,4,Districts,west garo hills district,278454,736256558.4348123
Meghalaya,2021,4,Districts,ri bhoi district,247969,551364270.043916
Meghalaya,2021,4,Districts,east jaintia hills district,172539,436193828.3745167
Meghalaya,2021,4,Districts,south west garo hills district,56750,126365044.3897137
Meghalaya,2021,4,Districts,west jaintia hills district,53159,114742695.01921016
Meghalaya,2021,4,Districts,north garo hills district,50665,112198411.27960941
Meghalaya,2021,4,Districts,east garo hills district,46326,92707483.1095005
Meghalaya,2021,4,Districts,south garo hills district,37514,114545170.94144231
Meghalaya,2021,4,Districts,west khasi hills district,30894,115217338.33762017
Meghalaya,2022,1,Districts,east khasi hills district,674456,1770665681.252514
Meghalaya,2022,1,Districts,west garo hills district,373686,1044154844.0839224
Meghalaya,2022,1,Districts,ri bhoi district,341029,787531178.2887433
Meghalaya,2022,1,Districts,east jaintia hills district,231523,645968353.5112526
Meghalaya,2022,1,Districts,south west garo hills district,72465,178819998.5044119
Meghalaya,2022,1,Districts,west jaintia hills district,65666,167336742.52886674
Meghalaya,2022,1,Districts,south garo hills district,60800,228550727.88251528
Meghalaya,2022,1,Districts,north garo hills district,60745,128074592.20361805
Meghalaya,2022,1,Districts,east garo hills district,58552,129010413.69699185
Meghalaya,2022,1,Districts,west khasi hills district,44241,179653121.23913863
Meghalaya,2022,2,Districts,east khasi hills district,906637,2210611277.605864
Meghalaya,2022,2,Districts,west garo hills district,468976,1237794058.339134
Meghalaya,2022,2,Districts,ri bhoi district,453408,970793021.7742909
Meghalaya,2022,2,Districts,east jaintia hills district,268780,662272864.6381867
Meghalaya,2022,2,Districts,south west garo hills district,79516,212428504.12347198
Meghalaya,2022,2,Districts,west jaintia hills district,77376,201667008.83529806
Meghalaya,2022,2,Districts,north garo hills district,67194,132970952.81948248
Meghalaya,2022,2,Districts,east garo hills district,63345,141421548.0449767
Meghalaya,2022,2,Districts,south garo hills district,46445,124208240.56221507
Meghalaya,2022,2,Districts,west khasi hills district,34972,115223767.9605905
Meghalaya,2022,3,Districts,east khasi hills district,1161443,2565017379.3927894
Meghalaya,2022,3,Districts,west garo hills district,621240,1448492493.2534437
Meghalaya,2022,3,Districts,ri bhoi district,582252,1118154990.5894456
Meghalaya,2022,3,Districts,east jaintia hills district,359904,889435451.9034914
Meghalaya,2022,3,Districts,south west garo hills district,102846,256783224.67749068
Meghalaya,2022,3,Districts,west jaintia hills district,101049,252470956.89931452
Meghalaya,2022,3,Districts,north garo hills district,86330,172710077.5315948
Meghalaya,2022,3,Districts,east garo hills district,76754,149806088.11241898
Meghalaya,2022,3,Districts,south garo hills district,59399,140993497.43518254
Meghalaya,2022,3,Districts,west khasi hills district,38487,111177319.84138201
Meghalaya,2022,4,Districts,east khasi hills district,1195452,2638167723.806217
Meghalaya,2022,4,Districts,west garo hills district,751353,1784342307.7374394
Meghalaya,2022,4,Districts,ri bhoi district,647641,1229550967.6459272
Meghalaya,2022,4,Districts,east jaintia hills district,406435,1051724613.7171596
Meghalaya,2022,4,Districts,south west garo hills district,126541,309565040.1437666
Meghalaya,2022,4,Districts,west jaintia hills district,114119,309411127.2299946
Meghalaya,2022,4,Districts,north garo hills district,104632,208471748.77365077
Meghalaya,2022,4,Districts,east garo hills district,97333,215587765.23337492
Meghalaya,2022,4,Districts,south garo hills district,80970,212573981.30563998
Meghalaya,2022,4,Districts,west khasi hills district,58525,193681206.96727508
Meghalaya,2023,1,Districts,east khasi hills district,1274839,2719925774.8649535
Meghalaya,2023,1,Districts,west garo hills district,882899,2175163895.740539
Meghalaya,2023,1,Districts,ri bhoi district,734324,1412789278.301938
Meghalaya,2023,1,Districts,east jaintia hills district,531187,1373208831.196921
Meghalaya,2023,1,Districts,south west garo hills district,155001,425356380.6905973
Meghalaya,2023,1,Districts,west jaintia hills district,143645,393439440.06094235
Meghalaya,2023,1,Districts,north garo hills district,110830,218452062.21950364
Meghalaya,2023,1,Districts,east garo hills district,105864,231936609.81361225
Meghalaya,2023,1,Districts,south garo hills district,104000,290551041.91497076
Meghalaya,2023,1,Districts,west khasi hills district,74556,263567560.78843272
Meghalaya,2023,2,Districts,east khasi hills district,1660403,3352561004.8218746
Meghalaya,2023,2,Districts,west garo hills district,1110803,2489193894.938528
Meghalaya,2023,2,Districts,ri bhoi district,865335,1497947632.2807405
Meghalaya,2023,2,Districts,east jaintia hills district,625707,1417903276.6195483
Meghalaya,2023,2,Districts,south west garo hills district,193595,453688571.4809061
Meghalaya,2023,2,Districts,west jaintia hills district,154694,375138868.51028454
Meghalaya,2023,2,Districts,north garo hills district,128827,234302816.46774164
Meghalaya,2023,2,Districts,east garo hills district,125337,262998290.5436222
Meghalaya,2023,2,Districts,south garo hills district,115559,284622534.7107445
Meghalaya,2023,2,Districts,west khasi hills district,64621,147676307.76011592
Meghalaya,2023,3,Districts,east khasi hills district,1971085,3659772313.9121633
Meghalaya,2023,3,Districts,west garo hills district,1298171,2505888174.8189497
Meghalaya,2023,3,Districts,ri bhoi district,1018728,1571463365.3468947
Meghalaya,2023,3,Districts,east jaintia hills district,719643,1454749655.662956
Meghalaya,2023,3,Districts,south west garo hills district,215228,437977790.8701093
Meghalaya,2023,3,Districts,west jaintia hills district,167810,396847784.9907905
Meghalaya,2023,3,Districts,north garo hills district,161323,270699745.55028206
Meghalaya,2023,3,Districts,east garo hills district,150780,263155680.7192556
Meghalaya,2023,3,Districts,south garo hills district,108369,210141199.67818537
Meghalaya,2023,3,Districts,west khasi hills district,60316,129769713.01577316
Meghalaya,2023,4,Districts,east khasi hills district,2153315,3949185418.9900603
Meghalaya,2023,4,Districts,west garo hills district,1753192,3390658438.4921384
Meghalaya,2023,4,Districts,ri bhoi district,1139838,1799139697.1094193
Meghalaya,2023,4,Districts,east jaintia hills district,880217,1891688805.4183807
Meghalaya,2023,4,Districts,south west garo hills district,289362,598764871.2007093
Meghalaya,2023,4,Districts,north garo hills district,205159,370823982.09573853
Meghalaya,2023,4,Districts,east garo hills district,197384,365717013.20981246
Meghalaya,2023,4,Districts,west jaintia hills district,188318,432269203.4250187
Meghalaya,2023,4,Districts,south garo hills district,156815,326530373.74639463
Meghalaya,2023,4,Districts,west khasi hills district,83450,196677943.76437956
Meghalaya,2024,1,Districts,west garo hills district,2254552,3960090098.6175423
Meghalaya,2024,1,Districts,east khasi hills district,2183235,3778416910.5110326
Meghalaya,2024,1,Districts,ri bhoi district,1268019,1986164917.577504
Meghalaya,2024,1,Districts,east jaintia hills district,1049270,2211938235.158741
Meghalaya,2024,1,Districts,south west garo hills district,360485,710024311.5800763
Meghalaya,2024,1,Districts,north garo hills district,268430,385447033.27443177
Meghalaya,2024,1,Districts,east garo hills district,246394,387718547.4009312
Meghalaya,2024,1,Districts,south garo hills district,215559,505189308.16409147
Meghalaya,2024,1,Districts,west jaintia hills district,203483,472506934.85688186
Meghalaya,2024,1,Districts,west khasi hills district,119593,335335588.6763711
Meghalaya,2024,2,Districts,west garo hills district,3251872,4426117548.856184
Meghalaya,2024,2,Districts,east khasi hills district,3025890,4710813464.212084
Meghalaya,2024,2,Districts,ri bhoi district,1502433,2091752516.7644887
Meghalaya,2024,2,Districts,east jaintia hills district,1123875,1943308852.2654815
Meghalaya,2024,2,Districts,south west garo hills district,513255,725867383.6760432
Meghalaya,2024,2,Districts,north garo hills district,475856,426038661.52634186
Meghalaya,2024,2,Districts,east garo hills district,385309,426522525.158981
Meghalaya,2024,2,Districts,south garo hills district,255070,392454816.69875777
Meghalaya,2024,2,Districts,west jaintia hills district,225584,449925527.35446906
Meghalaya,2024,2,Districts,west khasi hills district,127244,247702134.62796402
Meghalaya,2024,3,Districts,east khasi hills district,3477814,5086467124.091228
Meghalaya,2024,3,Districts,west garo hills district,3473708,4135570866.7873497
Meghalaya,2024,3,Districts,ri bhoi district,1684612,2118790687.1449647
Meghalaya,2024,3,Districts,east jaintia hills district,1283720,1992660810.752251
Meghalaya,2024,3,Districts,south west garo hills district,544770,714381655.465446
Meghalaya,2024,3,Districts,north garo hills district,485536,461990959.8736789
Meghalaya,2024,3,Districts,east garo hills district,412787,441677490.1344939
Meghalaya,2024,3,Districts,south garo hills district,264697,347380543.82212335
Meghalaya,2024,3,Districts,west jaintia hills district,239503,466587508.3860234
Meghalaya,2024,3,Districts,west khasi hills district,124564,198537086.09030673
Meghalaya,2024,4,Districts,west garo hills district,4231510,5266825338.607511
Meghalaya,2024,4,Districts,east khasi hills district,3913909,5671836192.511117
Meghalaya,2024,4,Districts,ri bhoi district,1838033,2355267776.8046513
Meghalaya,2024,4,Districts,east jaintia hills district,1426125,2464844001.710516
Meghalaya,2024,4,Districts,south west garo hills district,653977,926057971.5337384
Meghalaya,2024,4,Districts,north garo hills district,544935,584040066.1752121
Meghalaya,2024,4,Districts,east garo hills district,487200,568558998.1334469
Meghalaya,2024,4,Districts,south garo hills district,324410,504590437.5260759
Meghalaya,2024,4,Districts,west jaintia hills district,281737,561123619.6978444
Meghalaya,2024,4,Districts,west khasi hills district,160154,325409683.9683616
Meghalaya,2025,1,Districts,west garo hills district,4760798,6207443882.342146
Meghalaya,2025,1,Districts,east khasi hills district,4137174,5606124112.325876
Meghalaya,2025,1,Districts,ri bhoi district,2056639,2602506024.5996056
Meghalaya,2025,1,Districts,east jaintia hills district,1458077,2786255061.2200103
Meghalaya,2025,1,Districts,south west garo hills district,804974,1140819576.2452133
Meghalaya,2025,1,Districts,north garo hills district,628346,619924766.5084131
Meghalaya,2025,1,Districts,east garo hills district,555411,617433011.1982434
Meghalaya,2025,1,Districts,south garo hills district,434753,731221406.1820757
Meghalaya,2025,1,Districts,west jaintia hills district,322440,600313140.132412
Meghalaya,2025,1,Districts,west khasi hills district,232058,549318899.0828199
Meghalaya,2025,2,Districts,west garo hills district,5697948,6657080684.558006
Meghalaya,2025,2,Districts,east khasi hills district,4677348,6028777490.704946
Meghalaya,2025,2,Districts,ri bhoi district,2098024,2428448411.7923136
Meghalaya,2025,2,Districts,east jaintia hills district,1398852,2225107272.3797064
Meghalaya,2025,2,Districts,south west garo hills district,961199,1581319695.4371529
Meghalaya,2025,2,Districts,north garo hills district,726125,612089327.2201173
Meghalaya,2025,2,Districts,east garo hills district,623269,594321173.112331
Meghalaya,2025,2,Districts,south garo hills district,413938,498935673.89869714
Meghalaya,2025,2,Districts,west jaintia hills district,316377,559194387.070793
Meghalaya,2025,2,Districts,west khasi hills district,207178,369735291.0121666
Meghalaya,2025,3,Districts,west garo hills district,6302329,8129441724.601063
Meghalaya,2025,3,Districts,east khasi hills district,5568767,6834883656.743404
Meghalaya,2025,3,Districts,ri bhoi district,2469535,2708083614.238719
Meghalaya,2025,3,Districts,east jaintia hills district,1618876,2313936258.6109505
Meghalaya,2025,3,Districts,south west garo hills district,1165755,2640106203.7922287
Meghalaya,2025,3,Districts,north garo hills district,813696,651121334.0234354
Meghalaya,2025,3,Districts,east garo hills district,730757,623899559.0116339
Meghalaya,2025,3,Districts,south garo hills district,448427,458772388.71765023
Meghalaya,2025,3,Districts,west jaintia hills district,362363,615552584.6793567
Meghalaya,2025,3,Districts,west khasi hills district,200927,291574822.7491487
Meghalaya,2025,4,Districts,west garo hills district,6006338,7297397154.273982
Meghalaya,2025,4,Districts,east khasi hills district,5624762,7196643594.877405
Meghalaya,2025,4,Districts,ri bhoi district,2471626,2913600391.764134
Meghalaya,2025,4,Districts,east jaintia hills district,1656369,2731150398.783613
Meghalaya,2025,4,Districts,south west garo hills district,1046737,1897285139.5942128
Meghalaya,2025,4,Districts,north garo hills district,785991,741102409.9288313
Meghalaya,2025,4,Districts,east garo hills district,722808,730473594.7249193
Meghalaya,2025,4,Districts,west jaintia hills district,569659,776370072.5199915
Meghalaya,2025,4,Districts,south garo hills district,493050,654357064.7070066
Meghalaya,2025,4,Districts,west khasi hills district,253688,522905985.9887449
Meghalaya,2026,1,Districts,east khasi hills district,5511988,6805544203.311346
Meghalaya,2026,1,Districts,west garo hills district,5391030,5579895267.399108
Meghalaya,2026,1,Districts,ri bhoi district,2591132,3122822882.289683
Meghalaya,2026,1,Districts,east jaintia hills district,1837460,2693335565.691262
Meghalaya,2026,1,Districts,west jaintia hills district,1597423,1373569914.7935216
Meghalaya,2026,1,Districts,south west garo hills district,851402,1027232449.1712396
Meghalaya,2026,1,Districts,north garo hills district,672092,633097871.9393533
Meghalaya,2026,1,Districts,east garo hills district,559568,562072358.2112855
Meghalaya,2026,1,Districts,south garo hills district,415895,591047435.2814075
Meghalaya,2026,1,Districts,west khasi hills district,275186,579136003.1962392
Meghalaya,2026,2,Districts,east khasi hills district,6655012,7872656201.484826
Meghalaya,2026,2,Districts,west garo hills district,6421154,6234955223.039194
Meghalaya,2026,2,Districts,ri bhoi district,2774685,3169896649.0688906
Meghalaya,2026,2,Districts,east jaintia hills district,1764638,2203962437.2824173
Meghalaya,2026,2,Districts,west jaintia hills district,1549797,1290577919.4597476
Meghalaya,2026,2,Districts,south west garo hills district,951488,1045588656.7445669
Meghalaya,2026,2,Districts,north garo hills district,770247,678252522.9506549
Meghalaya,2026,2,Districts,east garo hills district,618280,539760459.86609
Meghalaya,2026,2,Districts,south garo hills district,429334,461575760.8549888
Meghalaya,2026,2,Districts,west khasi hills district,241022,419267770.77664244
Mizoram,2018,1,Districts,aizawl district,13569,31416931.11981798
Mizoram,2018,1,Districts,lunglei district,2143,2892533.31575768
Mizoram,2018,1,Districts,kolasib district,2013,5562715.102578356
Mizoram,2018,1,Districts,mamit district,1418,6630059.814572114
Mizoram,2018,1,Districts,serchhip district,920,2156543.4899387667
Mizoram,2018,1,Districts,lawngtlai district,894,688422.789580822
Mizoram,2018,1,Districts,siaha district,618,2696935.1861720392
Mizoram,2018,1,Districts,champhai district,335,912703.3245843595
Mizoram,2018,1,Districts,khawzawl district,178,154781.03870787768
Mizoram,2018,1,Districts,saitual district,59,30817.616901803838
Mizoram,2018,2,Districts,aizawl district,18025,52239991.28288743
Mizoram,2018,2,Districts,lunglei district,4141,8186078.346262988
Mizoram,2018,2,Districts,kolasib district,2830,6830130.954366204
Mizoram,2018,2,Districts,mamit district,2121,11535047.962013004
Mizoram,2018,2,Districts,serchhip district,1561,4566427.178904392
Mizoram,2018,2,Districts,siaha district,1025,6352455.930054668
Mizoram,2018,2,Districts,lawngtlai district,780,1717789.7139308655
Mizoram,2018,2,Districts,champhai district,703,2189721.619784669
Mizoram,2018,2,Districts,khawzawl district,241,252830.89381713537
Mizoram,2018,2,Districts,saitual district,106,341814.7948921342
Mizoram,2018,3,Districts,aizawl district,26628,77699575.89693467
Mizoram,2018,3,Districts,lunglei district,5878,14086900.486173268
Mizoram,2018,3,Districts,kolasib district,3451,7727946.878271697
Mizoram,2018,3,Districts,mamit district,2661,6146891.633918477
Mizoram,2018,3,Districts,serchhip district,2646,7751885.026457027
Mizoram,2018,3,Districts,lawngtlai district,1565,3974961.6566239307
Mizoram,2018,3,Districts,siaha district,1275,6953886.937757816
Mizoram,2018,3,Districts,champhai district,1041,4327389.3502408825
Mizoram,2018,3,Districts,saitual district,280,518319.16081957344
Mizoram,2018,3,Districts,hnahthial district,130,217515.63465432322
Mizoram,2018,4,Districts,aizawl district,36079,125207303.26986475
Mizoram,2018,4,Districts,lunglei district,7843,23119447.37195443
Mizoram,2018,4,Districts,kolasib district,6204,16426611.782746015
Mizoram,2018,4,Districts,mamit district,5264,14117497.279865878
Mizoram,2018,4,Districts,serchhip district,3570,10933769.255043475
Mizoram,2018,4,Districts,lawngtlai district,3154,6884765.140924518
Mizoram,2018,4,Districts,siaha district,1575,8739523.885525115
Mizoram,2018,4,Districts,champhai district,1556,5910116.429681967
Mizoram,2018,4,Districts,saitual district,418,594500.1014364893
Mizoram,2018,4,Districts,khawzawl district,318,997662.7848336498
Mizoram,2019,1,Districts,aizawl district,46388,140452529.94410804
Mizoram,2019,1,Districts,lunglei district,10203,28951894.8479177
Mizoram,2019,1,Districts,kolasib district,7496,20296766.61556298
Mizoram,2019,1,Districts,mamit district,6758,18604676.57756869
Mizoram,2019,1,Districts,lawngtlai district,4932,15013671.6431074
Mizoram,2019,1,Districts,serchhip district,3854,12542911.078264073
Mizoram,2019,1,Districts,siaha district,2648,10696529.047503408
Mizoram,2019,1,Districts,champhai district,1700,6368122.2329528285
Mizoram,2019,1,Districts,saitual district,478,1443382.5814647549
Mizoram,2019,1,Districts,khawzawl district,414,1582079.8754148548
Mizoram,2019,2,Districts,aizawl district,54534,176959613.44782358
Mizoram,2019,2,Districts,lunglei district,13124,41250225.37805043
Mizoram,2019,2,Districts,kolasib district,7698,22797143.914880276
Mizoram,2019,2,Districts,mamit district,7583,22670510.44207634
Mizoram,2019,2,Districts,lawngtlai district,6991,18119649.045115396
Mizoram,2019,2,Districts,serchhip district,4408,15288047.790159684
Mizoram,2019,2,Districts,siaha district,2865,11401775.493057417
Mizoram,2019,2,Districts,champhai district,2209,9032378.348138077
Mizoram,2019,2,Districts,khawzawl district,651,1615628.929115959
Mizoram,2019,2,Districts,hnahthial district,472,1362970.8820174763
Mizoram,2019,3,Districts,aizawl district,60226,189007728.43388814
Mizoram,2019,3,Districts,lunglei district,15753,46453061.6393216
Mizoram,2019,3,Districts,kolasib district,8420,25686735.748980023
Mizoram,2019,3,Districts,mamit district,7857,21211457.68173016
Mizoram,2019,3,Districts,lawngtlai district,7485,20806129.29430757
Mizoram,2019,3,Districts,serchhip district,5555,17824511.625347614
Mizoram,2019,3,Districts,siaha district,3470,15156155.13613879
Mizoram,2019,3,Districts,champhai district,2946,14012442.346775187
Mizoram,2019,3,Districts,saitual district,834,1873762.9398046217
Mizoram,2019,3,Districts,khawzawl district,824,2510325.687620781
Mizoram,2019,4,Districts,aizawl district,75006,246054256.57239315
Mizoram,2019,4,Districts,lunglei district,17825,56823701.08649017
Mizoram,2019,4,Districts,kolasib district,11697,31513421.69160463
Mizoram,2019,4,Districts,mamit district,10535,24266976.02290022
Mizoram,2019,4,Districts,lawngtlai district,10136,31916747.247498214
Mizoram,2019,4,Districts,serchhip district,7240,21529834.334300254
Mizoram,2019,4,Districts,champhai district,4051,20881774.089422334
Mizoram,2019,4,Districts,siaha district,3739,19510384.473981276
Mizoram,2019,4,Districts,saitual district,1847,4041295.245890792
Mizoram,2019,4,Districts,hnahthial district,1251,3889711.531218453
Mizoram,2020,1,Districts,aizawl district,86724,255504553.64128253
Mizoram,2020,1,Districts,lunglei district,22177,61885411.374798715
Mizoram,2020,1,Districts,lawngtlai district,17144,45781678.39195584
Mizoram,2020,1,Districts,mamit district,14366,31655873.735900234
Mizoram,2020,1,Districts,kolasib district,14297,38956507.108178794
Mizoram,2020,1,Districts,serchhip district,9109,21955529.233461227
Mizoram,2020,1,Districts,champhai district,5133,20565471.40628896
Mizoram,2020,1,Districts,siaha district,5033,21079488.858136408
Mizoram,2020,1,Districts,saitual district,2103,4916239.480912331
Mizoram,2020,1,Districts,hnahthial district,1987,4403426.243320982
Mizoram,2020,2,Districts,aizawl district,101376,275263535.7519245
Mizoram,2020,2,Districts,lunglei district,29684,74971073.5222517
Mizoram,2020,2,Districts,lawngtlai district,26703,60317231.38854705
Mizoram,2020,2,Districts,mamit district,17525,34218863.85979035
Mizoram,2020,2,Districts,kolasib district,17207,41835908.76833561
Mizoram,2020,2,Districts,serchhip district,12473,27053742.732401557
Mizoram,2020,2,Districts,siaha district,7820,26830041.3936369
Mizoram,2020,2,Districts,champhai district,6358,19629563.41481388
Mizoram,2020,2,Districts,saitual district,3073,4706380.61559479
Mizoram,2020,2,Districts,hnahthial district,2662,6561512.161852088
Mizoram,2020,3,Districts,aizawl district,137736,412868075.1661689
Mizoram,2020,3,Districts,lunglei district,34811,106044003.71753277
Mizoram,2020,3,Districts,lawngtlai district,30994,83243984.829562
Mizoram,2020,3,Districts,mamit district,20518,39361585.05306061
Mizoram,2020,3,Districts,kolasib district,19252,50026247.240671255
Mizoram,2020,3,Districts,serchhip district,12768,35357437.64504344
Mizoram,2020,3,Districts,champhai district,8496,34998590.9763805
Mizoram,2020,3,Districts,siaha district,8272,33299167.84596288
Mizoram,2020,3,Districts,saitual district,3774,7351935.957260017
Mizoram,2020,3,Districts,khawzawl district,3080,8333210.2867347095
Mizoram,2020,4,Districts,aizawl district,170322,543690343.0866436
Mizoram,2020,4,Districts,lunglei district,44886,131897135.3996757
Mizoram,2020,4,Districts,lawngtlai district,37694,121190090.878837
Mizoram,2020,4,Districts,mamit district,24838,58860061.89452528
Mizoram,2020,4,Districts,kolasib district,23696,66559703.33995423
Mizoram,2020,4,Districts,serchhip district,17450,48494633.544181034
Mizoram,2020,4,Districts,champhai district,10607,40157695.73470667
Mizoram,2020,4,Districts,siaha district,9803,48564007.94694742
Mizoram,2020,4,Districts,saitual district,5039,10943778.052912747
Mizoram,2020,4,Districts,khawzawl district,4525,15018801.283864075
Mizoram,2021,1,Districts,aizawl district,184025,606292772.5647619
Mizoram,2021,1,Districts,lunglei district,50029,163095105.7152178
Mizoram,2021,1,Districts,lawngtlai district,41732,140993367.16348398
Mizoram,2021,1,Districts,kolasib district,29773,94677737.57833879
Mizoram,2021,1,Districts,mamit district,25089,68586132.50139675
Mizoram,2021,1,Districts,serchhip district,18015,58672453.58424079
Mizoram,2021,1,Districts,champhai district,10736,43501283.74006557
Mizoram,2021,1,Districts,siaha district,9909,43563957.412212834
Mizoram,2021,1,Districts,saitual district,5253,15535731.125168227
Mizoram,2021,1,Districts,khawzawl district,5140,18015454.316476237
Mizoram,2021,2,Districts,aizawl district,222115,620410166.9614027
Mizoram,2021,2,Districts,lunglei district,59351,156316554.45103866
Mizoram,2021,2,Districts,lawngtlai district,54479,150361797.801459
Mizoram,2021,2,Districts,kolasib district,34018,90288356.92308678
Mizoram,2021,2,Districts,mamit district,28869,70840747.75577246
Mizoram,2021,2,Districts,serchhip district,23472,55642994.83233476
Mizoram,2021,2,Districts,champhai district,13560,44859354.392385274
Mizoram,2021,2,Districts,siaha district,13281,51098988.43316177
Mizoram,2021,2,Districts,saitual district,8304,20480182.192556128
Mizoram,2021,2,Districts,hnahthial district,6584,15028367.458464518
Mizoram,2021,3,Districts,aizawl district,264049,824929954.1502492
Mizoram,2021,3,Districts,lunglei district,72269,198168783.1866729
Mizoram,2021,3,Districts,lawngtlai district,62611,177133158.91744336
Mizoram,2021,3,Districts,kolasib district,41998,116441695.74960057
Mizoram,2021,3,Districts,mamit district,32153,88272901.51310645
Mizoram,2021,3,Districts,serchhip district,29361,76660481.66108477
Mizoram,2021,3,Districts,champhai district,15548,63832673.18130386
Mizoram,2021,3,Districts,siaha district,14924,55927387.36038748
Mizoram,2021,3,Districts,saitual district,8482,25846351.41060008
Mizoram,2021,3,Districts,khawzawl district,8158,25156892.890006308
Mizoram,2021,4,Districts,aizawl district,268681,862757954.8154529
Mizoram,2021,4,Districts,lunglei district,70332,206132304.23870552
Mizoram,2021,4,Districts,lawngtlai district,58674,179570719.36962113
Mizoram,2021,4,Districts,kolasib district,46521,133106702.95772585
Mizoram,2021,4,Districts,mamit district,34351,87780949.46455868
Mizoram,2021,4,Districts,serchhip district,27420,71392774.96931608
Mizoram,2021,4,Districts,champhai district,16442,72429042.77729276
Mizoram,2021,4,Districts,siaha district,13717,59942167.3312354
Mizoram,2021,4,Districts,khawzawl district,11975,35186358.853019096
Mizoram,2021,4,Districts,saitual district,9810,34250092.03648416
Mizoram,2022,1,Districts,aizawl district,307926,1002911099.1335772
Mizoram,2022,1,Districts,lunglei district,85408,268164542.72560266
Mizoram,2022,1,Districts,lawngtlai district,71992,234924189.17943612
Mizoram,2022,1,Districts,kolasib district,56350,172204734.67064595
Mizoram,2022,1,Districts,mamit district,42377,112096558.38334918
Mizoram,2022,1,Districts,serchhip district,36362,99478209.32106459
Mizoram,2022,1,Districts,champhai district,18645,78265225.93521279
Mizoram,2022,1,Districts,siaha district,17781,79427427.92768998
Mizoram,2022,1,Districts,khawzawl district,16081,47284494.435588725
Mizoram,2022,1,Districts,saitual district,14292,40883795.1218846
Mizoram,2022,2,Districts,aizawl district,337271,1058279676.6443071
Mizoram,2022,2,Districts,lunglei district,89606,258639358.42956212
Mizoram,2022,2,Districts,lawngtlai district,78179,238267299.0243401
Mizoram,2022,2,Districts,kolasib district,62067,165319457.70397642
Mizoram,2022,2,Districts,mamit district,50000,129060799.85134466
Mizoram,2022,2,Districts,serchhip district,34747,98465935.48781207
Mizoram,2022,2,Districts,champhai district,21616,84020234.4376227
Mizoram,2022,2,Districts,siaha district,20595,87544681.3670195
Mizoram,2022,2,Districts,khawzawl district,17490,44687740.020400524
Mizoram,2022,2,Districts,saitual district,14104,36403265.360531434
Mizoram,2022,3,Districts,aizawl district,432577,1213579005.8194265
Mizoram,2022,3,Districts,lunglei district,105684,290253505.44837624
Mizoram,2022,3,Districts,lawngtlai district,86385,242522421.3282189
Mizoram,2022,3,Districts,kolasib district,68732,169902553.45968512
Mizoram,2022,3,Districts,mamit district,53113,132146017.78354758
Mizoram,2022,3,Districts,serchhip district,38695,99939111.11139318
Mizoram,2022,3,Districts,siaha district,22481,87598266.73130377
Mizoram,2022,3,Districts,champhai district,20946,77588576.67062037
Mizoram,2022,3,Districts,khawzawl district,18592,44580709.540473096
Mizoram,2022,3,Districts,saitual district,14560,39186637.62096017
Mizoram,2022,4,Districts,aizawl district,483475,1321662235.9616609
Mizoram,2022,4,Districts,lunglei district,123328,325979728.1839577
Mizoram,2022,4,Districts,lawngtlai district,100081,267053038.2098316
Mizoram,2022,4,Districts,kolasib district,91309,234395958.67394844
Mizoram,2022,4,Districts,mamit district,65860,172273965.65276965
Mizoram,2022,4,Districts,serchhip district,42768,111047374.3896563
Mizoram,2022,4,Districts,siaha district,28532,113700150.3183558
Mizoram,2022,4,Districts,champhai district,26157,89753087.15937035
Mizoram,2022,4,Districts,khawzawl district,24124,66072706.97578132
Mizoram,2022,4,Districts,saitual district,19148,47873091.06406633
Mizoram,2023,1,Districts,aizawl district,518316,1330059291.011983
Mizoram,2023,1,Districts,lunglei district,125818,340179332.1036265
Mizoram,2023,1,Districts,lawngtlai district,111578,318798366.81975484
Mizoram,2023,1,Districts,kolasib district,108901,291003726.1772188
Mizoram,2023,1,Districts,mamit district,72062,210357833.0036666
Mizoram,2023,1,Districts,serchhip district,51978,129925151.56300366
Mizoram,2023,1,Districts,siaha district,31188,123190715.90043323
Mizoram,2023,1,Districts,champhai district,28309,96464990.4036233
Mizoram,2023,1,Districts,khawzawl district,27027,77679289.04929543
Mizoram,2023,1,Districts,saitual district,24789,70611054.4313787
Mizoram,2023,2,Districts,aizawl district,608446,1479894780.3687713
Mizoram,2023,2,Districts,lunglei district,138118,349756845.9622712
Mizoram,2023,2,Districts,lawngtlai district,130039,371133091.43695164
Mizoram,2023,2,Districts,kolasib district,122742,299082324.2911487
Mizoram,2023,2,Districts,mamit district,81282,214467058.70181096
Mizoram,2023,2,Districts,serchhip district,65221,141692673.87239674
Mizoram,2023,2,Districts,siaha district,39025,146926495.56113726
Mizoram,2023,2,Districts,champhai district,31506,92929772.09838182
Mizoram,2023,2,Districts,saitual district,26900,67106983.00506457
Mizoram,2023,2,Districts,khawzawl district,26128,66098681.26966595
Mizoram,2023,3,Districts,aizawl district,695311,1527189983.8750193
Mizoram,2023,3,Districts,kolasib district,137837,296661694.6476841
Mizoram,2023,3,Districts,lunglei district,134731,342148716.339936
Mizoram,2023,3,Districts,lawngtlai district,121676,325836838.79809576
Mizoram,2023,3,Districts,mamit district,82494,187488593.9605097
Mizoram,2023,3,Districts,serchhip district,64377,136669468.6259116
Mizoram,2023,3,Districts,siaha district,46001,124154697.27682629
Mizoram,2023,3,Districts,saitual district,27534,73974402.45125301
Mizoram,2023,3,Districts,champhai district,26318,77683484.5501243
Mizoram,2023,3,Districts,khawzawl district,21419,51381548.884291746
Mizoram,2023,4,Districts,aizawl district,792440,1723021862.7167213
Mizoram,2023,4,Districts,kolasib district,162397,368977248.6545284
Mizoram,2023,4,Districts,lunglei district,157503,387282493.63719964
Mizoram,2023,4,Districts,lawngtlai district,141918,350077143.27000815
Mizoram,2023,4,Districts,mamit district,98779,232220595.1266608
Mizoram,2023,4,Districts,serchhip district,65848,151251408.08114353
Mizoram,2023,4,Districts,siaha district,50237,147240577.79049322
Mizoram,2023,4,Districts,saitual district,32423,86369144.73224808
Mizoram,2023,4,Districts,champhai district,31517,89594859.19650897
Mizoram,2023,4,Districts,khawzawl district,25071,48596327.77875167
Mizoram,2024,1,Districts,aizawl district,823455,1660544907.1139889
Mizoram,2024,1,Districts,kolasib district,189709,431232582.18264836
Mizoram,2024,1,Districts,lunglei district,180230,418115610.36176336
Mizoram,2024,1,Districts,lawngtlai district,157749,378328044.66081434
Mizoram,2024,1,Districts,mamit district,105382,253912169.63954857
Mizoram,2024,1,Districts,serchhip district,70163,151817441.99945718
Mizoram,2024,1,Districts,siaha district,47214,145323151.21963274
Mizoram,2024,1,Districts,saitual district,39113,96407591.72933361
Mizoram,2024,1,Districts,champhai district,34791,88568164.01090145
Mizoram,2024,1,Districts,khawzawl district,23959,44459796.016938835
Mizoram,2024,2,Districts,aizawl district,1020828,1835054948.878824
Mizoram,2024,2,Districts,lawngtlai district,236920,451738436.2585737
Mizoram,2024,2,Districts,lunglei district,219098,425694812.1163688
Mizoram,2024,2,Districts,kolasib district,217642,402526673.23180455
Mizoram,2024,2,Districts,mamit district,113458,204288240.9711561
Mizoram,2024,2,Districts,serchhip district,74117,143114034.69729623
Mizoram,2024,2,Districts,siaha district,58528,140164380.43952844
Mizoram,2024,2,Districts,saitual district,51769,99980725.7546576
Mizoram,2024,2,Districts,champhai district,41527,98873440.51770018
Mizoram,2024,2,Districts,hnahthial district,19523,34894780.42942637
Mizoram,2024,3,Districts,aizawl district,1216488,1936736508.5806983
Mizoram,2024,3,Districts,lawngtlai district,257046,397572579.4794948
Mizoram,2024,3,Districts,kolasib district,249841,397283118.10225964
Mizoram,2024,3,Districts,lunglei district,236354,436494781.6900492
Mizoram,2024,3,Districts,mamit district,116636,194116266.4009713
Mizoram,2024,3,Districts,serchhip district,85737,144443777.6022686
Mizoram,2024,3,Districts,siaha district,79899,160430855.84211218
Mizoram,2024,3,Districts,saitual district,60050,98072567.94315192
Mizoram,2024,3,Districts,champhai district,52502,116626120.68180385
Mizoram,2024,3,Districts,hnahthial district,21727,33291990.491236214
Mizoram,2024,4,Districts,aizawl district,1345535,2148820286.635881
Mizoram,2024,4,Districts,kolasib district,281476,466750631.11850864
Mizoram,2024,4,Districts,lawngtlai district,278720,436558961.81826824
Mizoram,2024,4,Districts,lunglei district,264344,475009628.13327605
Mizoram,2024,4,Districts,mamit district,153101,274292930.098852
Mizoram,2024,4,Districts,siaha district,106726,194639493.77941316
Mizoram,2024,4,Districts,serchhip district,92716,166963582.35209203
Mizoram,2024,4,Districts,saitual district,59197,106552047.17885306
Mizoram,2024,4,Districts,champhai district,58830,126531743.97368416
Mizoram,2024,4,Districts,hnahthial district,25874,41287775.81144452
Mizoram,2025,1,Districts,aizawl district,1545475,2332496109.950665
Mizoram,2025,1,Districts,kolasib district,351936,560861925.3004764
Mizoram,2025,1,Districts,lawngtlai district,344557,487378728.1933863
Mizoram,2025,1,Districts,lunglei district,324265,547631441.0624036
Mizoram,2025,1,Districts,mamit district,201412,322532405.396856
Mizoram,2025,1,Districts,siaha district,146608,224801255.79290676
Mizoram,2025,1,Districts,serchhip district,104856,180262136.31593394
Mizoram,2025,1,Districts,champhai district,69859,132068977.18290055
Mizoram,2025,1,Districts,saitual district,67915,108990924.55362283
Mizoram,2025,1,Districts,hnahthial district,31814,51513492.74135559
Mizoram,2025,2,Districts,aizawl district,1657634,2295005942.659398
Mizoram,2025,2,Districts,lawngtlai district,377911,525059429.5017574
Mizoram,2025,2,Districts,kolasib district,364496,494593351.5431295
Mizoram,2025,2,Districts,lunglei district,327611,488003487.79844326
Mizoram,2025,2,Districts,mamit district,204229,272609593.7515004
Mizoram,2025,2,Districts,siaha district,166493,222952610.82627973
Mizoram,2025,2,Districts,serchhip district,109155,170890923.4840896
Mizoram,2025,2,Districts,champhai district,69901,127097218.459388
Mizoram,2025,2,Districts,saitual district,69289,103565130.79791963
Mizoram,2025,2,Districts,hnahthial district,26903,43223513.00196637
Mizoram,2025,3,Districts,aizawl district,1940237,2546819114.751022
Mizoram,2025,3,Districts,lawngtlai district,431374,520643730.6751497
Mizoram,2025,3,Districts,kolasib district,424328,483303413.81238747
Mizoram,2025,3,Districts,lunglei district,391452,564820062.8899083
Mizoram,2025,3,Districts,mamit district,238593,286917995.2149675
Mizoram,2025,3,Districts,siaha district,206367,227727139.6403514
Mizoram,2025,3,Districts,serchhip district,120389,177835535.84045827
Mizoram,2025,3,Districts,champhai district,79498,132058400.84005854
Mizoram,2025,3,Districts,saitual district,62857,88573553.6124824
Mizoram,2025,3,Districts,khawzawl district,28981,32124658.27875527
Mizoram,2025,4,Districts,aizawl district,2109914,2805115181.589642
Mizoram,2025,4,Districts,kolasib district,415739,538998045.2907965
Mizoram,2025,4,Districts,lawngtlai district,386649,518782718.48673135
Mizoram,2025,4,Districts,lunglei district,379271,562487793.1386937
Mizoram,2025,4,Districts,mamit district,272094,439700972.4705793
Mizoram,2025,4,Districts,siaha district,195936,232110076.48452115
Mizoram,2025,4,Districts,serchhip district,124199,188094108.3274583
Mizoram,2025,4,Districts,champhai district,84119,138805095.07164162
Mizoram,2025,4,Districts,saitual district,65989,89069221.38885494
Mizoram,2025,4,Districts,khawzawl district,35304,48447287.9233072
Mizoram,2026,1,Districts,aizawl district,2131692,2997520297.0992985
Mizoram,2026,1,Districts,kolasib district,439883,580525054.4885912
Mizoram,2026,1,Districts,lunglei district,389783,577877487.049027
Mizoram,2026,1,Districts,lawngtlai district,380083,543815777.1261495
Mizoram,2026,1,Districts,mamit district,253824,376501506.7204054
Mizoram,2026,1,Districts,siaha district,189945,235754593.10201138
Mizoram,2026,1,Districts,serchhip district,127735,198130656.6542087
Mizoram,2026,1,Districts,champhai district,89545,147205285.7471189
Mizoram,2026,1,Districts,saitual district,70241,89101922.20343894
Mizoram,2026,1,Districts,khawzawl district,40056,50272127.14728141
Mizoram,2026,2,Districts,aizawl district,2457520,3373654124.941715
Mizoram,2026,2,Districts,kolasib district,487571,562966858.4205089
Mizoram,2026,2,Districts,lunglei district,407700,522985511.7213242
Mizoram,2026,2,Districts,lawngtlai district,398954,491488791.1258904
Mizoram,2026,2,Districts,mamit district,265443,332782522.75714266
Mizoram,2026,2,Districts,siaha district,210135,244234756.96740997
Mizoram,2026,2,Districts,serchhip district,151482,207382191.87925035
Mizoram,2026,2,Districts,champhai district,100662,150679226.88128585
Mizoram,2026,2,Districts,saitual district,68262,87534291.72697514
Mizoram,2026,2,Districts,hnahthial district,42012,57173917.742046855
Nagaland,2018,1,Districts,dimapur district,16638,36466579.8364494
Nagaland,2018,1,Districts,kohima district,10229,18787560.96295737
Nagaland,2018,1,Districts,chumoukedima district,7165,12641764.282347579
Nagaland,2018,1,Districts,mokokchung district,4444,6857722.170149409
Nagaland,2018,1,Districts,mon district,2937,4572919.453301109
Nagaland,2018,1,Districts,zunheboto district,2251,2237496.337334048
Nagaland,2018,1,Districts,tuensang district,2106,3284356.752363289
Nagaland,2018,1,Districts,wokha district,1892,2349922.040884248
Nagaland,2018,1,Districts,phek district,1722,1868515.4497070343
Nagaland,2018,1,Districts,longleng district,883,882883.5986843763
Nagaland,2018,2,Districts,dimapur district,28735,64553116.446898565
Nagaland,2018,2,Districts,kohima district,17200,46450883.78096166
Nagaland,2018,2,Districts,chumoukedima district,12636,33526396.29113842
Nagaland,2018,2,Districts,mokokchung district,5321,8255528.893871339
Nagaland,2018,2,Districts,mon district,4000,9004912.484854508
Nagaland,2018,2,Districts,tuensang district,2834,5377537.837592922
Nagaland,2018,2,Districts,wokha district,2789,3597809.6769292136
Nagaland,2018,2,Districts,zunheboto district,2510,4616617.88498933
Nagaland,2018,2,Districts,phek district,2212,3383404.717566738
Nagaland,2018,2,Districts,peren district,1531,3795717.10565412
Nagaland,2018,3,Districts,dimapur district,39910,106392577.4451113
Nagaland,2018,3,Districts,kohima district,23401,68824922.34240893
Nagaland,2018,3,Districts,chumoukedima district,17567,44728432.939418525
Nagaland,2018,3,Districts,mokokchung district,8660,15635575.700071163
Nagaland,2018,3,Districts,mon district,6192,14918231.771207824
Nagaland,2018,3,Districts,tuensang district,4651,8599263.52010016
Nagaland,2018,3,Districts,zunheboto district,4186,7143261.885659223
Nagaland,2018,3,Districts,wokha district,3160,6421676.339633732
Nagaland,2018,3,Districts,phek district,2963,4017859.9746366646
Nagaland,2018,3,Districts,kiphire district,1953,2362291.3580683847
Nagaland,2018,4,Districts,dimapur district,60817,176558164.9022201
Nagaland,2018,4,Districts,kohima district,32660,92120241.76616915
Nagaland,2018,4,Districts,chumoukedima district,25613,69381310.6732607
Nagaland,2018,4,Districts,mokokchung district,12852,23534241.108852513
Nagaland,2018,4,Districts,mon district,11059,31017837.08461832
Nagaland,2018,4,Districts,zunheboto district,6313,14483577.538682394
Nagaland,2018,4,Districts,tuensang district,5031,12677695.134165078
Nagaland,2018,4,Districts,wokha district,4624,9401433.568662554
Nagaland,2018,4,Districts,phek district,3717,6133911.280405169
Nagaland,2018,4,Districts,peren district,2937,7762964.636678266
Nagaland,2019,1,Districts,dimapur district,70182,203159718.32736346
Nagaland,2019,1,Districts,kohima district,40765,108753128.33039868
Nagaland,2019,1,Districts,chumoukedima district,36869,85509332.61882722
Nagaland,2019,1,Districts,mokokchung district,14733,27505133.979595654
Nagaland,2019,1,Districts,mon district,13698,42422771.9836002
Nagaland,2019,1,Districts,zunheboto district,7660,13056940.258054972
Nagaland,2019,1,Districts,tuensang district,5901,13225349.658910098
Nagaland,2019,1,Districts,phek district,5506,13282667.748087697
Nagaland,2019,1,Districts,wokha district,5368,13419721.557861576
Nagaland,2019,1,Districts,peren district,4037,8314808.922142266
Nagaland,2019,2,Districts,dimapur district,90293,271521626.60565907
Nagaland,2019,2,Districts,kohima district,51057,140553511.21878177
Nagaland,2019,2,Districts,chumoukedima district,46617,121093277.65784496
Nagaland,2019,2,Districts,mon district,17780,47465496.976362824
Nagaland,2019,2,Districts,mokokchung district,17703,40474443.76250047
Nagaland,2019,2,Districts,zunheboto district,8902,16994395.928874582
Nagaland,2019,2,Districts,tuensang district,7136,18757207.163265854
Nagaland,2019,2,Districts,wokha district,6732,16564726.55527754
Nagaland,2019,2,Districts,phek district,6319,12709030.795176812
Nagaland,2019,2,Districts,peren district,4566,9985067.255837927
Nagaland,2019,3,Districts,dimapur district,103521,318245663.89005435
Nagaland,2019,3,Districts,kohima district,59932,181016560.34635672
Nagaland,2019,3,Districts,chumoukedima district,52180,143214840.6163937
Nagaland,2019,3,Districts,mon district,23568,60219934.43048522
Nagaland,2019,3,Districts,mokokchung district,20671,49226649.43855592
Nagaland,2019,3,Districts,zunheboto district,10304,20365087.10799341
Nagaland,2019,3,Districts,wokha district,9438,21576081.310249593
Nagaland,2019,3,Districts,phek district,8747,22558343.970645506
Nagaland,2019,3,Districts,tuensang district,8229,19664836.371284507
Nagaland,2019,3,Districts,kiphire district,5640,10349771.185729552
Nagaland,2019,4,Districts,dimapur district,126011,417018758.5649453
Nagaland,2019,4,Districts,kohima district,70119,216137205.32423967
Nagaland,2019,4,Districts,chumoukedima district,62825,173560292.40606022
Nagaland,2019,4,Districts,mon district,31966,82252287.51864965
Nagaland,2019,4,Districts,mokokchung district,24188,59114161.8503959
Nagaland,2019,4,Districts,wokha district,12558,28385501.574611284
Nagaland,2019,4,Districts,zunheboto district,12170,28988555.20812971
Nagaland,2019,4,Districts,phek district,11188,27508339.309520252
Nagaland,2019,4,Districts,tuensang district,9816,26560259.128975473
Nagaland,2019,4,Districts,peren district,6668,15828975.88521329
Nagaland,2020,1,Districts,dimapur district,148003,463132188.44049084
Nagaland,2020,1,Districts,kohima district,80915,215574738.04899052
Nagaland,2020,1,Districts,chumoukedima district,77064,185737671.40959248
Nagaland,2020,1,Districts,mon district,38549,91270195.88623822
Nagaland,2020,1,Districts,mokokchung district,26106,62557270.055654645
Nagaland,2020,1,Districts,wokha district,14617,29658070.61083542
Nagaland,2020,1,Districts,zunheboto district,14422,33512274.86929432
Nagaland,2020,1,Districts,phek district,12811,29228794.534574397
Nagaland,2020,1,Districts,tuensang district,11492,30254632.76186702
Nagaland,2020,1,Districts,kiphire district,9804,21228192.398545023
Nagaland,2020,2,Districts,dimapur district,184543,494057219.8433814
Nagaland,2020,2,Districts,kohima district,108794,283227376.80269647
Nagaland,2020,2,Districts,chumoukedima district,95207,231185831.72631878
Nagaland,2020,2,Districts,mon district,55589,118780388.14534143
Nagaland,2020,2,Districts,mokokchung district,37761,76810512.3925909
Nagaland,2020,2,Districts,zunheboto district,20966,46525442.40332605
Nagaland,2020,2,Districts,phek district,19962,43025186.20756526
Nagaland,2020,2,Districts,wokha district,19709,39060284.029121146
Nagaland,2020,2,Districts,tuensang district,17191,48633911.491665825
Nagaland,2020,2,Districts,peren district,14779,25739488.17227448
Nagaland,2020,3,Districts,dimapur district,238409,764572634.2598954
Nagaland,2020,3,Districts,kohima district,129094,363764855.3272949
Nagaland,2020,3,Districts,chumoukedima district,112812,312644538.71019584
Nagaland,2020,3,Districts,mon district,69237,135658919.67140603
Nagaland,2020,3,Districts,mokokchung district,49827,108155917.6148189
Nagaland,2020,3,Districts,wokha district,31731,60138820.87556433
Nagaland,2020,3,Districts,zunheboto district,25035,60391531.41572969
Nagaland,2020,3,Districts,tuensang district,23793,62760465.85404253
Nagaland,2020,3,Districts,phek district,23361,52367233.070490785
Nagaland,2020,3,Districts,peren district,17607,36111618.05306254
Nagaland,2020,4,Districts,dimapur district,292421,1073463137.4836293
Nagaland,2020,4,Districts,kohima district,141749,428739966.9001419
Nagaland,2020,4,Districts,chumoukedima district,121180,397283795.08030313
Nagaland,2020,4,Districts,mon district,63618,196992442.73211133
Nagaland,2020,4,Districts,mokokchung district,53957,153183445.44867554
Nagaland,2020,4,Districts,wokha district,34402,87550780.27433139
Nagaland,2020,4,Districts,zunheboto district,25922,73193609.69090416
Nagaland,2020,4,Districts,tuensang district,24857,85834402.03518912
Nagaland,2020,4,Districts,phek district,24541,68814829.83311476
Nagaland,2020,4,Districts,peren district,18309,48235163.12461408
Nagaland,2021,1,Districts,dimapur district,305155,1111225754.372336
Nagaland,2021,1,Districts,kohima district,148033,454263872.6788709
Nagaland,2021,1,Districts,chumoukedima district,130355,433509572.76552176
Nagaland,2021,1,Districts,mon district,64123,219621014.79336354
Nagaland,2021,1,Districts,mokokchung district,54994,147023200.9478162
Nagaland,2021,1,Districts,wokha district,33031,82316920.86724016
Nagaland,2021,1,Districts,phek district,25284,81816991.56520553
Nagaland,2021,1,Districts,zunheboto district,23951,69194863.222352
Nagaland,2021,1,Districts,tuensang district,23453,83314214.47471923
Nagaland,2021,1,Districts,peren district,18046,47294070.19857251
Nagaland,2021,2,Districts,dimapur district,376259,1195179766.2801447
Nagaland,2021,2,Districts,kohima district,184738,511762539.2015117
Nagaland,2021,2,Districts,chumoukedima district,168750,486322528.7440057
Nagaland,2021,2,Districts,mon district,82205,219326860.2152374
Nagaland,2021,2,Districts,mokokchung district,70861,161073789.8549935
Nagaland,2021,2,Districts,wokha district,43641,105229495.18588904
Nagaland,2021,2,Districts,phek district,35582,98742546.54046616
Nagaland,2021,2,Districts,zunheboto district,30604,74994333.86636361
Nagaland,2021,2,Districts,tuensang district,26842,77444609.57321198
Nagaland,2021,2,Districts,peren district,24136,61080596.48840907
Nagaland,2021,3,Districts,dimapur district,471886,1544048195.6509624
Nagaland,2021,3,Districts,kohima district,222987,662266032.5958481
Nagaland,2021,3,Districts,chumoukedima district,196534,619897451.6496029
Nagaland,2021,3,Districts,mon district,91021,284100953.11475885
Nagaland,2021,3,Districts,mokokchung district,79592,217813030.2427973
Nagaland,2021,3,Districts,wokha district,48371,119723347.00403407
Nagaland,2021,3,Districts,phek district,41495,113059209.46377224
Nagaland,2021,3,Districts,zunheboto district,32428,104718538.81751803
Nagaland,2021,3,Districts,tuensang district,30965,105322554.70952818
Nagaland,2021,3,Districts,peren district,30406,81060097.46891694
Nagaland,2021,4,Districts,dimapur district,503269,1680826052.443969
Nagaland,2021,4,Districts,chumoukedima district,226405,687528626.4625316
Nagaland,2021,4,Districts,kohima district,223726,655909923.1637402
Nagaland,2021,4,Districts,mon district,84609,307379116.28563464
Nagaland,2021,4,Districts,mokokchung district,75921,229334103.18776146
Nagaland,2021,4,Districts,wokha district,46433,139058246.35243565
Nagaland,2021,4,Districts,phek district,43721,131821716.06993942
Nagaland,2021,4,Districts,zunheboto district,31719,96767649.79395567
Nagaland,2021,4,Districts,tuensang district,30548,118570561.75086269
Nagaland,2021,4,Districts,peren district,30093,87708599.87247007
Nagaland,2022,1,Districts,dimapur district,647848,2037196915.9168737
Nagaland,2022,1,Districts,chumoukedima district,298398,885993351.969591
Nagaland,2022,1,Districts,kohima district,271324,791714424.6934288
Nagaland,2022,1,Districts,mon district,103263,350602587.73399806
Nagaland,2022,1,Districts,mokokchung district,87286,259546795.79033008
Nagaland,2022,1,Districts,wokha district,57262,161168210.88071102
Nagaland,2022,1,Districts,phek district,48684,143385533.57710096
Nagaland,2022,1,Districts,zunheboto district,38537,117451250.5612818
Nagaland,2022,1,Districts,tuensang district,38069,140813961.0201148
Nagaland,2022,1,Districts,peren district,35016,102828556.22898379
Nagaland,2022,2,Districts,dimapur district,770508,2333387501.673675
Nagaland,2022,2,Districts,kohima district,333850,980534725.6400771
Nagaland,2022,2,Districts,chumoukedima district,326624,915520525.0922506
Nagaland,2022,2,Districts,mon district,111330,342560665.8016037
Nagaland,2022,2,Districts,mokokchung district,101392,308395894.2017101
Nagaland,2022,2,Districts,wokha district,64070,170628777.8349662
Nagaland,2022,2,Districts,phek district,49285,150954509.56709564
Nagaland,2022,2,Districts,zunheboto district,44078,132807707.69956893
Nagaland,2022,2,Districts,tuensang district,42792,151384259.3947978
Nagaland,2022,2,Districts,peren district,35474,104168195.80526939
Nagaland,2022,3,Districts,dimapur district,959731,2700352768.5612917
Nagaland,2022,3,Districts,kohima district,421738,1181604794.6925855
Nagaland,2022,3,Districts,chumoukedima district,387445,1046639232.2374601
Nagaland,2022,3,Districts,mon district,129536,377417589.42282116
Nagaland,2022,3,Districts,mokokchung district,120117,344914575.9777313
Nagaland,2022,3,Districts,wokha district,76787,197194225.08319473
Nagaland,2022,3,Districts,phek district,55422,165164926.2820227
Nagaland,2022,3,Districts,tuensang district,51754,169375547.54480568
Nagaland,2022,3,Districts,zunheboto district,46931,137664742.38252124
Nagaland,2022,3,Districts,peren district,41986,126236649.09133422
Nagaland,2022,4,Districts,dimapur district,1051961,3032397553.2193985
Nagaland,2022,4,Districts,kohima district,447143,1199985476.3278623
Nagaland,2022,4,Districts,chumoukedima district,427733,1129539891.5908232
Nagaland,2022,4,Districts,mon district,144177,450682014.36223614
Nagaland,2022,4,Districts,mokokchung district,122924,393786702.52933705
Nagaland,2022,4,Districts,wokha district,81960,239982291.9919824
Nagaland,2022,4,Districts,phek district,54707,170840729.26387763
Nagaland,2022,4,Districts,tuensang district,50626,185392874.96493292
Nagaland,2022,4,Districts,zunheboto district,47213,153766631.5853549
Nagaland,2022,4,Districts,peren district,41712,118923024.46989146
Nagaland,2023,1,Districts,dimapur district,1096535,3097855288.199167
Nagaland,2023,1,Districts,chumoukedima district,479593,1254560017.0948422
Nagaland,2023,1,Districts,kohima district,458334,1216714888.20636
Nagaland,2023,1,Districts,mon district,175407,549191188.5182472
Nagaland,2023,1,Districts,mokokchung district,144603,440356448.9204268
Nagaland,2023,1,Districts,wokha district,92803,258156924.36173087
Nagaland,2023,1,Districts,zunheboto district,64474,197858132.55345696
Nagaland,2023,1,Districts,tuensang district,61895,231455683.13866243
Nagaland,2023,1,Districts,phek district,60717,196016757.55826542
Nagaland,2023,1,Districts,peren district,56506,153783244.13640508
Nagaland,2023,2,Districts,dimapur district,1284453,3370464513.94265
Nagaland,2023,2,Districts,chumoukedima district,566797,1370790330.277805
Nagaland,2023,2,Districts,kohima district,517633,1345926118.1899724
Nagaland,2023,2,Districts,mon district,165523,480794875.0813738
Nagaland,2023,2,Districts,mokokchung district,143459,413737362.4516855
Nagaland,2023,2,Districts,wokha district,87515,247790987.9791544
Nagaland,2023,2,Districts,tuensang district,55819,202995810.8787852
Nagaland,2023,2,Districts,phek district,54573,173748579.34160805
Nagaland,2023,2,Districts,peren district,51687,146623413.8282644
Nagaland,2023,2,Districts,zunheboto district,47241,140901805.20435962
Nagaland,2023,3,Districts,dimapur district,1511922,3583136920.281307
Nagaland,2023,3,Districts,chumoukedima district,644042,1425294404.7919466
Nagaland,2023,3,Districts,kohima district,590715,1460965587.9174285
Nagaland,2023,3,Districts,mon district,195442,517445641.79931587
Nagaland,2023,3,Districts,mokokchung district,174503,442981185.4748687
Nagaland,2023,3,Districts,wokha district,97414,267392055.22091502
Nagaland,2023,3,Districts,tuensang district,65890,221663555.61831155
Nagaland,2023,3,Districts,phek district,59469,180095699.19369397
Nagaland,2023,3,Districts,peren district,54650,149064152.88689813
Nagaland,2023,3,Districts,zunheboto district,48614,141242397.7011845
Nagaland,2023,4,Districts,dimapur district,1720368,4145817309.7004876
Nagaland,2023,4,Districts,chumoukedima district,717175,1583402670.4314485
Nagaland,2023,4,Districts,kohima district,606580,1541794109.9469466
Nagaland,2023,4,Districts,mon district,223800,617573007.306519
Nagaland,2023,4,Districts,mokokchung district,178526,475966494.9431556
Nagaland,2023,4,Districts,wokha district,103772,322267257.62911
Nagaland,2023,4,Districts,tuensang district,73652,242219670.80991867
Nagaland,2023,4,Districts,peren district,62867,159733108.4070365
Nagaland,2023,4,Districts,phek district,61388,191291574.77003506
Nagaland,2023,4,Districts,zunheboto district,57316,161159123.5623336
Nagaland,2024,1,Districts,dimapur district,1912278,4317531685.667037
Nagaland,2024,1,Districts,chumoukedima district,837811,1728401101.5597374
Nagaland,2024,1,Districts,kohima district,655098,1523269804.9932504
Nagaland,2024,1,Districts,mon district,257608,655684733.343203
Nagaland,2024,1,Districts,mokokchung district,195777,469229080.00243795
Nagaland,2024,1,Districts,wokha district,115265,323044292.3591704
Nagaland,2024,1,Districts,tuensang district,75396,234062920.28056493
Nagaland,2024,1,Districts,peren district,70311,173330382.0055537
Nagaland,2024,1,Districts,phek district,67396,181995939.20508614
Nagaland,2024,1,Districts,zunheboto district,63616,172160353.4404417
Nagaland,2024,2,Districts,dimapur district,2467468,4728092986.417285
Nagaland,2024,2,Districts,chumoukedima district,1092191,1868539966.9939628
Nagaland,2024,2,Districts,kohima district,840360,1706030569.5782585
Nagaland,2024,2,Districts,mokokchung district,400983,553614646.9566679
Nagaland,2024,2,Districts,mon district,301171,666067709.0169344
Nagaland,2024,2,Districts,wokha district,206237,346929362.3800288
Nagaland,2024,2,Districts,tuensang district,125184,268883429.5935017
Nagaland,2024,2,Districts,zunheboto district,90942,203367385.01396233
Nagaland,2024,2,Districts,peren district,87677,190296700.0795324
Nagaland,2024,2,Districts,phek district,85819,204898485.01038903
Nagaland,2024,3,Districts,dimapur district,2984682,5191644137.616066
Nagaland,2024,3,Districts,chumoukedima district,1333806,2050271854.340097
Nagaland,2024,3,Districts,kohima district,1061820,1959786772.6868517
Nagaland,2024,3,Districts,mokokchung district,449287,603706384.2594631
Nagaland,2024,3,Districts,mon district,361275,672616059.5281
Nagaland,2024,3,Districts,wokha district,218952,384218543.41944295
Nagaland,2024,3,Districts,tuensang district,169161,314574438.00460464
Nagaland,2024,3,Districts,peren district,108959,204729685.6407872
Nagaland,2024,3,Districts,zunheboto district,108049,211975674.8295296
Nagaland,2024,3,Districts,phek district,93845,203397998.2066626
Nagaland,2024,4,Districts,dimapur district,3310031,5815979105.694018
Nagaland,2024,4,Districts,chumoukedima district,1515195,2341567047.428864
Nagaland,2024,4,Districts,kohima district,1185070,2161382334.8421073
Nagaland,2024,4,Districts,mokokchung district,474947,698990085.587447
Nagaland,2024,4,Districts,mon district,408925,813947350.4563801
Nagaland,2024,4,Districts,wokha district,237381,447506780.27125484
Nagaland,2024,4,Districts,tuensang district,185746,353521372.5940964
Nagaland,2024,4,Districts,peren district,124138,217451996.9415068
Nagaland,2024,4,Districts,zunheboto district,124042,241897267.5631846
Nagaland,2024,4,Districts,phek district,108729,235440979.34076294
Nagaland,2025,1,Districts,dimapur district,3397456,5612253368.257314
Nagaland,2025,1,Districts,chumoukedima district,1667987,2447358468.3886046
Nagaland,2025,1,Districts,kohima district,1210500,2081640638.187586
Nagaland,2025,1,Districts,mokokchung district,540230,751855703.5255111
Nagaland,2025,1,Districts,mon district,446577,838046426.2106493
Nagaland,2025,1,Districts,wokha district,264778,449758803.29249585
Nagaland,2025,1,Districts,tuensang district,187994,328020878.0664521
Nagaland,2025,1,Districts,peren district,140191,244622335.30059004
Nagaland,2025,1,Districts,zunheboto district,133318,249150823.18994847
Nagaland,2025,1,Districts,phek district,118821,222642981.96656072
Nagaland,2025,2,Districts,dimapur district,3791597,5748311432.5644
Nagaland,2025,2,Districts,chumoukedima district,1891575,2432674248.573934
Nagaland,2025,2,Districts,kohima district,1417952,2236553618.7555103
Nagaland,2025,2,Districts,mokokchung district,610705,749060694.4698075
Nagaland,2025,2,Districts,mon district,475473,786973252.8452461
Nagaland,2025,2,Districts,wokha district,305808,457284063.65447277
Nagaland,2025,2,Districts,tuensang district,220082,328311860.45889586
Nagaland,2025,2,Districts,peren district,155157,223491050.7611964
Nagaland,2025,2,Districts,zunheboto district,145174,244636182.63042402
Nagaland,2025,2,Districts,phek district,123782,211564256.93022496
Nagaland,2025,3,Districts,dimapur district,4428771,6150087737.028306
Nagaland,2025,3,Districts,chumoukedima district,2168620,2584916554.6876607
Nagaland,2025,3,Districts,kohima district,1736665,2531443178.4653163
Nagaland,2025,3,Districts,mokokchung district,729857,831954525.818696
Nagaland,2025,3,Districts,mon district,587821,838214354.7510349
Nagaland,2025,3,Districts,wokha district,341806,482671566.30678624
Nagaland,2025,3,Districts,tuensang district,283644,377869853.3003469
Nagaland,2025,3,Districts,peren district,195513,247981020.92921722
Nagaland,2025,3,Districts,zunheboto district,175567,265204289.1116556
Nagaland,2025,3,Districts,phek district,147710,244653172.31030548
Nagaland,2025,4,Districts,dimapur district,4500830,6662401246.202499
Nagaland,2025,4,Districts,chumoukedima district,2172521,2799385181.3517723
Nagaland,2025,4,Districts,kohima district,1701509,2653375253.7963643
Nagaland,2025,4,Districts,mon district,642039,969512641.6738762
Nagaland,2025,4,Districts,mokokchung district,636723,870433203.7632537
Nagaland,2025,4,Districts,wokha district,332254,535736594.08360404
Nagaland,2025,4,Districts,tuensang district,271380,407107038.1075184
Nagaland,2025,4,Districts,peren district,206140,281301790.8976723
Nagaland,2025,4,Districts,zunheboto district,165185,274920367.01555437
Nagaland,2025,4,Districts,phek district,144386,248542693.18574047
Nagaland,2026,1,Districts,dimapur district,4477073,6530742877.918442
Nagaland,2026,1,Districts,chumoukedima district,2218803,2884563199.6475406
Nagaland,2026,1,Districts,kohima district,1592464,2409417562.570954
Nagaland,2026,1,Districts,mon district,649656,969743955.4467839
Nagaland,2026,1,Districts,mokokchung district,565313,793799971.1539316
Nagaland,2026,1,Districts,wokha district,315694,508520771.9369998
Nagaland,2026,1,Districts,tuensang district,265010,381992730.789301
Nagaland,2026,1,Districts,peren district,219623,288764989.37495935
Nagaland,2026,1,Districts,zunheboto district,155867,267147171.10995573
Nagaland,2026,1,Districts,phek district,146417,245077150.23885298
Nagaland,2026,2,Districts,dimapur district,4967829,6661501677.139312
Nagaland,2026,2,Districts,chumoukedima district,2459057,2841541200.4787383
Nagaland,2026,2,Districts,kohima district,1834641,2634112453.1562834
Nagaland,2026,2,Districts,mon district,770026,973442419.360253
Nagaland,2026,2,Districts,mokokchung district,618890,827067302.3953795
Nagaland,2026,2,Districts,wokha district,344212,508305751.7083965
Nagaland,2026,2,Districts,tuensang district,308411,390949676.37203753
Nagaland,2026,2,Districts,peren district,234914,295046388.962658
Nagaland,2026,2,Districts,zunheboto district,184103,284689435.75065076
Nagaland,2026,2,Districts,phek district,170492,251030863.8980168
Odisha,2018,1,Districts,khordha district,1178452,1219290797.0922675
Odisha,2018,1,Districts,cuttack district,577413,449738879.8190931
Odisha,2018,1,Districts,balasore district,568214,368422817.6377282
Odisha,2018,1,Districts,ganjam district,499764,461950947.30960333
Odisha,2018,1,Districts,jajpur district,455174,255990423.54540327
Odisha,2018,1,Districts,bhadrak district,338956,229097043.97475135
Odisha,2018,1,Districts,kendujhar district,328814,246274326.11758757
Odisha,2018,1,Districts,puri district,328131,199930381.86436749
Odisha,2018,1,Districts,jagatsinghpur district,270938,143284066.96673578
Odisha,2018,1,Districts,mayurbhanj district,261879,194583348.1159011
Odisha,2018,2,Districts,khordha district,1524462,1961314675.343295
Odisha,2018,2,Districts,balasore district,829601,742971893.7399849
Odisha,2018,2,Districts,cuttack district,807234,794929132.6976249
Odisha,2018,2,Districts,ganjam district,625339,785284472.0108709
Odisha,2018,2,Districts,jajpur district,616808,453466602.6555624
Odisha,2018,2,Districts,bhadrak district,468646,439611367.84638333
Odisha,2018,2,Districts,puri district,446870,356470574.9187683
Odisha,2018,2,Districts,kendujhar district,431112,476435346.89856267
Odisha,2018,2,Districts,jagatsinghpur district,392998,243111065.55097482
Odisha,2018,2,Districts,mayurbhanj district,373688,378125735.4965158
Odisha,2018,3,Districts,khordha district,5876048,4919001923.345747
Odisha,2018,3,Districts,balasore district,4215249,2883061971.6075687
Odisha,2018,3,Districts,cuttack district,3341521,2290576902.2708035
Odisha,2018,3,Districts,jajpur district,2215740,1445747222.6769633
Odisha,2018,3,Districts,ganjam district,1870328,1720528132.9047534
Odisha,2018,3,Districts,dhenkanal district,1740572,1027387602.1227975
Odisha,2018,3,Districts,puri district,1557103,1047314160.7971952
Odisha,2018,3,Districts,bhadrak district,1555347,1237750715.9681864
Odisha,2018,3,Districts,kendujhar district,1441698,1181461891.704837
Odisha,2018,3,Districts,nayagarh district,1300594,788465816.1208702
Odisha,2018,4,Districts,khordha district,4417191,5239271826.749863
Odisha,2018,4,Districts,balasore district,2151550,2108547757.5404856
Odisha,2018,4,Districts,cuttack district,2012026,2090144753.586097
Odisha,2018,4,Districts,ganjam district,1634865,1996226326.4690385
Odisha,2018,4,Districts,jajpur district,1447245,1305705238.6385674
Odisha,2018,4,Districts,bhadrak district,1127408,1184076814.519328
Odisha,2018,4,Districts,puri district,1109209,1007976922.668959
Odisha,2018,4,Districts,kendujhar district,920968,1109715411.4411283
Odisha,2018,4,Districts,dhenkanal district,828368,695228480.9265816
Odisha,2018,4,Districts,jagatsinghpur district,785221,665670667.2319164
Odisha,2019,1,Districts,khordha district,7999556,7971409869.093115
Odisha,2019,1,Districts,cuttack district,3218253,3052667708.3274317
Odisha,2019,1,Districts,ganjam district,2719334,3239905386.7047424
Odisha,2019,1,Districts,balasore district,2497279,2182489190.4344854
Odisha,2019,1,Districts,jajpur district,2493765,1998538601.3307061
Odisha,2019,1,Districts,puri district,1523829,1490382790.7232585
Odisha,2019,1,Districts,bhadrak district,1476769,1388674322.072969
Odisha,2019,1,Districts,kendujhar district,1375318,1507718949.6595461
Odisha,2019,1,Districts,dhenkanal district,1355046,1045812589.2861143
Odisha,2019,1,Districts,angul district,1256387,1325311865.2687476
Odisha,2019,2,Districts,khordha district,7382688,9340919338.247704
Odisha,2019,2,Districts,cuttack district,2638638,3505331304.838832
Odisha,2019,2,Districts,ganjam district,2224330,4128884597.1030126
Odisha,2019,2,Districts,balasore district,1811331,2464799507.103342
Odisha,2019,2,Districts,jajpur district,1656423,2340858703.0413346
Odisha,2019,2,Districts,kendujhar district,1151111,1823745518.6631906
Odisha,2019,2,Districts,bhadrak district,1132710,1603389725.961503
Odisha,2019,2,Districts,sundargarh district,1108106,1916057615.5148668
Odisha,2019,2,Districts,puri district,1107744,1421116340.7244556
Odisha,2019,2,Districts,angul district,950918,1554448680.5689235
Odisha,2019,3,Districts,khordha district,11642047,13639802572.46487
Odisha,2019,3,Districts,cuttack district,4339643,5037122307.053274
Odisha,2019,3,Districts,balasore district,2425216,3010915542.6185226
Odisha,2019,3,Districts,jajpur district,2362704,2917664934.1987824
Odisha,2019,3,Districts,ganjam district,2157668,4396778459.800567
Odisha,2019,3,Districts,puri district,1891773,2178982028.858235
Odisha,2019,3,Districts,kendujhar district,1608168,2299762321.9277706
Odisha,2019,3,Districts,sundargarh district,1401461,2323462110.6231585
Odisha,2019,3,Districts,bhadrak district,1354530,1873659681.525837
Odisha,2019,3,Districts,angul district,1181605,1922194140.002387
Odisha,2019,4,Districts,khordha district,16848366,18334760428.743225
Odisha,2019,4,Districts,cuttack district,6636765,7075941054.078953
Odisha,2019,4,Districts,balasore district,5356560,4217394316.264695
Odisha,2019,4,Districts,jajpur district,3738457,4222809164.6500673
Odisha,2019,4,Districts,ganjam district,3509012,6289711095.818506
Odisha,2019,4,Districts,puri district,2829200,3228562290.171186
Odisha,2019,4,Districts,kendujhar district,2767916,2905147936.64409
Odisha,2019,4,Districts,bhadrak district,2595742,2767322775.8395963
Odisha,2019,4,Districts,dhenkanal district,2095008,1992824500.3901858
Odisha,2019,4,Districts,sundargarh district,1950428,3203733385.1625376
Odisha,2020,1,Districts,khordha district,15101600,19627564968.21066
Odisha,2020,1,Districts,cuttack district,5133777,7864303823.282677
Odisha,2020,1,Districts,ganjam district,3404029,7544090658.955433
Odisha,2020,1,Districts,balasore district,3036064,4603021761.344905
Odisha,2020,1,Districts,jajpur district,2906468,4895510901.971415
Odisha,2020,1,Districts,puri district,2219908,3601124077.636674
Odisha,2020,1,Districts,sundargarh district,2107331,3788730159.0291743
Odisha,2020,1,Districts,bhadrak district,1878823,3306576390.6002746
Odisha,2020,1,Districts,kendujhar district,1830651,3421830718.595006
Odisha,2020,1,Districts,angul district,1517800,3104151616.211731
Odisha,2020,2,Districts,khordha district,9488860,14883269596.296432
Odisha,2020,2,Districts,cuttack district,4750992,7634387569.376518
Odisha,2020,2,Districts,ganjam district,3605190,7370798363.04178
Odisha,2020,2,Districts,jajpur district,2936479,4972825439.230874
Odisha,2020,2,Districts,balasore district,2683563,4762964046.570847
Odisha,2020,2,Districts,puri district,2263375,3670430401.0785475
Odisha,2020,2,Districts,sundargarh district,2087718,3727302553.8322644
Odisha,2020,2,Districts,kendujhar district,2024800,3796561232.749112
Odisha,2020,2,Districts,bhadrak district,1983865,3499203842.6657662
Odisha,2020,2,Districts,angul district,1667741,3352376704.485403
Odisha,2020,3,Districts,khordha district,15337711,23945020344.068375
Odisha,2020,3,Districts,cuttack district,6394513,10910705363.560045
Odisha,2020,3,Districts,ganjam district,4917354,10740124307.20739
Odisha,2020,3,Districts,jajpur district,3946434,7134085160.921604
Odisha,2020,3,Districts,balasore district,3624682,6688512007.798338
Odisha,2020,3,Districts,puri district,3056225,5066242578.399103
Odisha,2020,3,Districts,sundargarh district,2773466,5311264522.09178
Odisha,2020,3,Districts,kendujhar district,2644487,5163468726.381436
Odisha,2020,3,Districts,bhadrak district,2593996,4644820648.897837
Odisha,2020,3,Districts,angul district,2214467,4506618912.263272
Odisha,2020,4,Districts,khordha district,22626656,34846584824.14698
Odisha,2020,4,Districts,cuttack district,8879037,15980399555.205849
Odisha,2020,4,Districts,ganjam district,6811802,16031834416.848104
Odisha,2020,4,Districts,jajpur district,5280471,9930239111.025587
Odisha,2020,4,Districts,balasore district,4601988,9021364635.09774
Odisha,2020,4,Districts,puri district,4153316,7176846689.974635
Odisha,2020,4,Districts,sundargarh district,3902989,7726725176.162592
Odisha,2020,4,Districts,kendujhar district,3459662,7265554299.212719
Odisha,2020,4,Districts,bhadrak district,3317097,6256181198.061884
Odisha,2020,4,Districts,angul district,3018828,6503657621.519921
Odisha,2021,1,Districts,khordha district,29337548,42378959561.105774
Odisha,2021,1,Districts,cuttack district,10741654,19072748908.568863
Odisha,2021,1,Districts,ganjam district,7775215,18099502172.753304
Odisha,2021,1,Districts,jajpur district,6237568,11939223181.08942
Odisha,2021,1,Districts,balasore district,5318661,10945883852.11427
Odisha,2021,1,Districts,puri district,4938639,8878904191.984827
Odisha,2021,1,Districts,sundargarh district,4782524,9228602600.982119
Odisha,2021,1,Districts,kendujhar district,4074740,8878361357.343315
Odisha,2021,1,Districts,bhadrak district,3757934,7788288622.30083
Odisha,2021,1,Districts,angul district,3562368,7783992501.670104
Odisha,2021,2,Districts,khordha district,29195480,43970377153.37346
Odisha,2021,2,Districts,cuttack district,12666338,22099802101.0241
Odisha,2021,2,Districts,ganjam district,10558096,22851563132.248104
Odisha,2021,2,Districts,jajpur district,7990416,14568257685.161097
Odisha,2021,2,Districts,balasore district,6808408,13240552764.697515
Odisha,2021,2,Districts,puri district,5973131,10378095025.558647
Odisha,2021,2,Districts,sundargarh district,5703329,10766836585.87331
Odisha,2021,2,Districts,kendujhar district,5412584,11569258398.764389
Odisha,2021,2,Districts,bhadrak district,4976738,9422921988.062582
Odisha,2021,2,Districts,angul district,4381494,9018398552.896755
Odisha,2021,3,Districts,khordha district,41539488,58741106030.73388
Odisha,2021,3,Districts,cuttack district,16810830,27627867551.740482
Odisha,2021,3,Districts,ganjam district,13352692,27070047887.44744
Odisha,2021,3,Districts,jajpur district,10138960,16315394617.711044
Odisha,2021,3,Districts,balasore district,8896782,15831564011.2285
Odisha,2021,3,Districts,puri district,7954034,12578407765.770992
Odisha,2021,3,Districts,sundargarh district,7691042,13424490142.08643
Odisha,2021,3,Districts,kendujhar district,6878112,13078315760.5021
Odisha,2021,3,Districts,bhadrak district,6162912,10433645414.499239
Odisha,2021,3,Districts,angul district,5823747,11184333704.17187
Odisha,2021,4,Districts,khordha district,50601562,66665225442.218994
Odisha,2021,4,Districts,cuttack district,19356537,30806869452.770164
Odisha,2021,4,Districts,ganjam district,15022664,29694533939.544495
Odisha,2021,4,Districts,jajpur district,11324502,17528302081.71277
Odisha,2021,4,Districts,balasore district,9970847,17690737688.68582
Odisha,2021,4,Districts,puri district,9432148,14567873293.631079
Odisha,2021,4,Districts,sundargarh district,8913720,15618166454.963575
Odisha,2021,4,Districts,kendujhar district,7797749,14334631623.316998
Odisha,2021,4,Districts,bhadrak district,6997492,11496771153.764297
Odisha,2021,4,Districts,angul district,6522495,12328157946.013512
Odisha,2022,1,Districts,khordha district,61470800,82055961868.05408
Odisha,2022,1,Districts,cuttack district,24035614,39003939684.64462
Odisha,2022,1,Districts,ganjam district,18864877,38333455836.721756
Odisha,2022,1,Districts,jajpur district,14501411,23283024679.567646
Odisha,2022,1,Districts,balasore district,12668564,23539072698.192947
Odisha,2022,1,Districts,puri district,11701824,18602343792.331696
Odisha,2022,1,Districts,sundargarh district,11479323,20567665644.64228
Odisha,2022,1,Districts,kendujhar district,10175879,19720398004.641144
Odisha,2022,1,Districts,bhadrak district,9306735,16043516747.084679
Odisha,2022,1,Districts,angul district,8430361,16283843897.144535
Odisha,2022,2,Districts,khordha district,75697202,97606804043.13144
Odisha,2022,2,Districts,cuttack district,28590688,45235306187.44777
Odisha,2022,2,Districts,ganjam district,22787733,44145736247.7754
Odisha,2022,2,Districts,jajpur district,17348025,27124663405.16319
Odisha,2022,2,Districts,balasore district,15193532,27487128093.836643
Odisha,2022,2,Districts,puri district,14058111,22077132452.56997
Odisha,2022,2,Districts,sundargarh district,13665493,23543625433.500275
Odisha,2022,2,Districts,kendujhar district,11856576,21523947482.820427
Odisha,2022,2,Districts,bhadrak district,11013916,18321399124.465298
Odisha,2022,2,Districts,angul district,9941183,17936654120.41579
Odisha,2022,3,Districts,khordha district,90434824,107978228654.84901
Odisha,2022,3,Districts,cuttack district,33526192,48430985835.070305
Odisha,2022,3,Districts,ganjam district,25818284,45559065059.99606
Odisha,2022,3,Districts,jajpur district,20321621,28186902979.500496
Odisha,2022,3,Districts,balasore district,17686556,28474898456.08059
Odisha,2022,3,Districts,sundargarh district,16353928,25419492891.173294
Odisha,2022,3,Districts,puri district,16249280,23191212388.004456
Odisha,2022,3,Districts,kendujhar district,14057763,21984796623.718075
Odisha,2022,3,Districts,bhadrak district,12522800,18521228202.95261
Odisha,2022,3,Districts,angul district,12244032,19822226052.794216
Odisha,2022,4,Districts,khordha district,99609681,118823392168.3967
Odisha,2022,4,Districts,cuttack district,37276626,54548636745.796745
Odisha,2022,4,Districts,ganjam district,28751324,51074416857.43461
Odisha,2022,4,Districts,jajpur district,22700473,31582739307.846798
Odisha,2022,4,Districts,balasore district,19687838,32397838049.203903
Odisha,2022,4,Districts,sundargarh district,18713038,29546573077.188015
Odisha,2022,4,Districts,puri district,18355568,26447166009.039345
Odisha,2022,4,Districts,kendujhar district,16006418,25765973673.847424
Odisha,2022,4,Districts,bhadrak district,13909561,20684295426.660522
Odisha,2022,4,Districts,angul district,13866969,22834394566.094616
Odisha,2023,1,Districts,khordha district,109897833,135005350929.03763
Odisha,2023,1,Districts,cuttack district,41408922,62955681394.17067
Odisha,2023,1,Districts,ganjam district,32632511,61358507772.68748
Odisha,2023,1,Districts,jajpur district,25587390,38289826258.31516
Odisha,2023,1,Districts,balasore district,22200149,39086156108.78276
Odisha,2023,1,Districts,sundargarh district,20876729,33275152533.048786
Odisha,2023,1,Districts,puri district,20614011,31075389436.087475
Odisha,2023,1,Districts,kendujhar district,18258144,31516566324.14655
Odisha,2023,1,Districts,bhadrak district,16050072,26335746358.47559
Odisha,2023,1,Districts,angul district,15699734,27186030641.522057
Odisha,2023,2,Districts,khordha district,122395276,146773296490.98163
Odisha,2023,2,Districts,cuttack district,46477245,67331027587.728745
Odisha,2023,2,Districts,ganjam district,37367995,65378714047.38622
Odisha,2023,2,Districts,jajpur district,29088874,41013494083.096
Odisha,2023,2,Districts,balasore district,25236227,42143271977.151596
Odisha,2023,2,Districts,puri district,24058255,34608524390.09298
Odisha,2023,2,Districts,sundargarh district,23353620,35788362221.06084
Odisha,2023,2,Districts,kendujhar district,20445742,32566325737.22487
Odisha,2023,2,Districts,bhadrak district,18037093,27602307744.006042
Odisha,2023,2,Districts,angul district,17747019,28436873290.379005
Odisha,2023,3,Districts,khordha district,143771464,159550761074.67712
Odisha,2023,3,Districts,cuttack district,53303915,70706530810.69551
Odisha,2023,3,Districts,ganjam district,40753704,65880944280.706955
Odisha,2023,3,Districts,jajpur district,33060885,42212148124.99954
Odisha,2023,3,Districts,balasore district,28249293,43475636177.33897
Odisha,2023,3,Districts,sundargarh district,27038286,38049971076.22093
Odisha,2023,3,Districts,puri district,26771807,35160902004.74769
Odisha,2023,3,Districts,kendujhar district,23229559,34322089882.586967
Odisha,2023,3,Districts,angul district,20875663,30882102633.71778
Odisha,2023,3,Districts,bhadrak district,19752965,27170583699.940987
Odisha,2023,4,Districts,khordha district,164565442,181129674417.6914
Odisha,2023,4,Districts,cuttack district,62926898,83287365752.06647
Odisha,2023,4,Districts,ganjam district,47840396,77853737459.09578
Odisha,2023,4,Districts,jajpur district,39839746,50188394514.34706
Odisha,2023,4,Districts,balasore district,33261464,51026455663.48836
Odisha,2023,4,Districts,puri district,31873142,41416274914.301926
Odisha,2023,4,Districts,sundargarh district,31213572,44543680659.07069
Odisha,2023,4,Districts,kendujhar district,27710576,40702753931.33625
Odisha,2023,4,Districts,angul district,25101588,36925457920.4092
Odisha,2023,4,Districts,bhadrak district,23762913,32102567390.60661
Odisha,2024,1,Districts,khordha district,183787931,200771416268.3955
Odisha,2024,1,Districts,cuttack district,71956160,94197058477.98349
Odisha,2024,1,Districts,ganjam district,57291862,92681141574.61009
Odisha,2024,1,Districts,jajpur district,49103420,61272903915.83167
Odisha,2024,1,Districts,balasore district,39129209,60265682688.8533
Odisha,2024,1,Districts,puri district,37570005,48901564859.63146
Odisha,2024,1,Districts,sundargarh district,35902047,49608651426.909706
Odisha,2024,1,Districts,kendujhar district,32444871,46989851052.9041
Odisha,2024,1,Districts,angul district,30723785,43841545226.082634
Odisha,2024,1,Districts,bhadrak district,29310454,41488873080.17515
Odisha,2024,2,Districts,khordha district,196744652,205137892592.74988
Odisha,2024,2,Districts,cuttack district,78726132,96253987181.67735
Odisha,2024,2,Districts,ganjam district,63501332,92952745611.27893
Odisha,2024,2,Districts,jajpur district,53069633,60633710146.850365
Odisha,2024,2,Districts,balasore district,43264891,61622070924.26538
Odisha,2024,2,Districts,puri district,41532044,50294307251.76409
Odisha,2024,2,Districts,sundargarh district,40539843,52078496450.183655
Odisha,2024,2,Districts,kendujhar district,35754097,47475716747.456055
Odisha,2024,2,Districts,angul district,33524717,43696038103.11734
Odisha,2024,2,Districts,bhadrak district,32392246,40690989268.306915
Odisha,2024,3,Districts,khordha district,218800952,218529266200.1357
Odisha,2024,3,Districts,cuttack district,86251214,98868407308.07278
Odisha,2024,3,Districts,ganjam district,67014499,93472811229.65747
Odisha,2024,3,Districts,jajpur district,57694193,60510073071.41373
Odisha,2024,3,Districts,balasore district,46940887,61394115180.514755
Odisha,2024,3,Districts,puri district,45354322,51448950535.786026
Odisha,2024,3,Districts,sundargarh district,43972346,52185020480.53172
Odisha,2024,3,Districts,kendujhar district,38030336,45765494116.284325
Odisha,2024,3,Districts,angul district,37326519,44926133253.56115
Odisha,2024,3,Districts,bhadrak district,32882797,38059117411.96181
Odisha,2024,4,Districts,khordha district,241060277,236315605291.9118
Odisha,2024,4,Districts,cuttack district,96666419,109250222997.70839
Odisha,2024,4,Districts,ganjam district,74341568,102829121031.67734
Odisha,2024,4,Districts,jajpur district,63922957,66390078703.69754
Odisha,2024,4,Districts,balasore district,52185023,67389280889.662636
Odisha,2024,4,Districts,puri district,50044255,56289742140.94324
Odisha,2024,4,Districts,sundargarh district,49870570,59273534226.94676
Odisha,2024,4,Districts,kendujhar district,42606684,51191880904.76778
Odisha,2024,4,Districts,angul district,41084778,49914805381.873436
Odisha,2024,4,Districts,bhadrak district,37020018,42031685902.98743
Odisha,2025,1,Districts,khordha district,245353161,244784451696.64865
Odisha,2025,1,Districts,cuttack district,97246806,114323441290.00685
Odisha,2025,1,Districts,ganjam district,77338269,113097263651.87895
Odisha,2025,1,Districts,jajpur district,62704372,69361466351.52686
Odisha,2025,1,Districts,balasore district,54267824,74160391135.53647
Odisha,2025,1,Districts,puri district,52450487,60714026990.63089
Odisha,2025,1,Districts,sundargarh district,51146160,62054811955.72074
Odisha,2025,1,Districts,kendujhar district,43499096,54860779171.977585
Odisha,2025,1,Districts,angul district,40091744,50499423201.59961
Odisha,2025,1,Districts,bhadrak district,39233505,49342895084.80573
Odisha,2025,2,Districts,khordha district,254417334,246683996932.56146
Odisha,2025,2,Districts,cuttack district,105282660,115003621834.8241
Odisha,2025,2,Districts,ganjam district,83577201,111367938562.37587
Odisha,2025,2,Districts,jajpur district,70340214,71096634617.71078
Odisha,2025,2,Districts,balasore district,58870307,74662618342.44179
Odisha,2025,2,Districts,puri district,57903535,61880006976.0463
Odisha,2025,2,Districts,sundargarh district,53082229,60903488857.15714
Odisha,2025,2,Districts,kendujhar district,47243168,53341408173.41388
Odisha,2025,2,Districts,bhadrak district,43461284,48971555449.8891
Odisha,2025,2,Districts,angul district,43350406,49788615408.04064
Odisha,2025,3,Districts,khordha district,276625057,260390508806.83585
Odisha,2025,3,Districts,cuttack district,112067936,117313250496.08214
Odisha,2025,3,Districts,ganjam district,84186474,109404777438.97519
Odisha,2025,3,Districts,jajpur district,70854799,68169613777.033394
Odisha,2025,3,Districts,balasore district,60544832,72112750931.01143
Odisha,2025,3,Districts,puri district,59102304,61416419622.394135
Odisha,2025,3,Districts,sundargarh district,57097726,61116729260.19288
Odisha,2025,3,Districts,kendujhar district,47597815,50809566456.36322
Odisha,2025,3,Districts,angul district,46737936,51977202652.49314
Odisha,2025,3,Districts,bhadrak district,43030236,45322384348.39046
Odisha,2025,4,Districts,khordha district,296871674,275388963507.6431
Odisha,2025,4,Districts,cuttack district,119906435,126074513179.1225
Odisha,2025,4,Districts,ganjam district,90310364,118796493335.58905
Odisha,2025,4,Districts,jajpur district,76262149,74632886216.48526
Odisha,2025,4,Districts,balasore district,65868961,78676789023.62427
Odisha,2025,4,Districts,puri district,65424261,67124516531.416725
Odisha,2025,4,Districts,sundargarh district,61168795,66806514796.51639
Odisha,2025,4,Districts,kendujhar district,51058701,56155482050.86069
Odisha,2025,4,Districts,angul district,48927998,55158987020.73358
Odisha,2025,4,Districts,bhadrak district,47897604,50267277538.87633
Odisha,2026,1,Districts,khordha district,302109179,293139958212.9375
Odisha,2026,1,Districts,cuttack district,124949758,136939064645.97876
Odisha,2026,1,Districts,ganjam district,96890250,138519135225.89566
Odisha,2026,1,Districts,jajpur district,80245170,84058444229.15092
Odisha,2026,1,Districts,puri district,70706039,75421054046.88216
Odisha,2026,1,Districts,balasore district,69712096,88751598894.44104
Odisha,2026,1,Districts,sundargarh district,62491841,71144205119.2204
Odisha,2026,1,Districts,kendujhar district,53531555,63132378436.755554
Odisha,2026,1,Districts,bhadrak district,51900041,59963094647.81788
Odisha,2026,1,Districts,angul district,50527077,60344994541.27384
Odisha,2026,2,Districts,khordha district,304619745,295222880387.0763
Odisha,2026,2,Districts,cuttack district,129280852,138824443605.34204
Odisha,2026,2,Districts,ganjam district,103810532,138516622121.4452
Odisha,2026,2,Districts,jajpur district,82165322,85133400878.8733
Odisha,2026,2,Districts,puri district,74152838,77443452393.96326
Odisha,2026,2,Districts,balasore district,70787250,87477581509.19444
Odisha,2026,2,Districts,sundargarh district,64723458,71328860185.85614
Odisha,2026,2,Districts,kendujhar district,55567166,63156435261.21816
Odisha,2026,2,Districts,bhadrak district,54814334,62290022037.21467
Odisha,2026,2,Districts,angul district,51937142,59165505575.1386
Puducherry,2018,1,Districts,puducherry district,89358,139250584.9781312
Puducherry,2018,1,Districts,yanam district,7812,10730674.212649826
Puducherry,2018,1,Districts,karaikal district,7199,14615625.280631866
Puducherry,2018,1,Districts,mahe district,1843,2976571.603127855
Puducherry,2018,2,Districts,puducherry district,106310,234051397.42391127
Puducherry,2018,2,Districts,karaikal district,11315,31277007.31221717
Puducherry,2018,2,Districts,yanam district,7591,17949989.16521074
Puducherry,2018,2,Districts,mahe district,3105,4039077.6770531572
Puducherry,2018,3,Districts,puducherry district,149338,340167196.6159488
Puducherry,2018,3,Districts,karaikal district,16732,45705570.126832455
Puducherry,2018,3,Districts,yanam district,15588,23665327.31451092
Puducherry,2018,3,Districts,mahe district,5211,6411568.393188768
Puducherry,2018,4,Districts,puducherry district,267709,525432670.5382529
Puducherry,2018,4,Districts,karaikal district,26217,61992099.84708313
Puducherry,2018,4,Districts,yanam district,17972,34019012.74838275
Puducherry,2018,4,Districts,mahe district,5438,8139401.536559202
Puducherry,2019,1,Districts,puducherry district,423637,735702611.0285828
Puducherry,2019,1,Districts,karaikal district,35700,87312179.64993814
Puducherry,2019,1,Districts,yanam district,30415,54557097.82178617
Puducherry,2019,1,Districts,mahe district,7977,12968179.012529958
Puducherry,2019,2,Districts,puducherry district,496510,976241221.5986392
Puducherry,2019,2,Districts,karaikal district,40102,94850859.9381852
Puducherry,2019,2,Districts,yanam district,33552,70662628.37451223
Puducherry,2019,2,Districts,mahe district,8917,14713717.490550987
Puducherry,2019,3,Districts,puducherry district,652798,1218182240.8798232
Puducherry,2019,3,Districts,karaikal district,56244,130876219.20214182
Puducherry,2019,3,Districts,yanam district,45253,91490307.0552169
Puducherry,2019,3,Districts,mahe district,10736,21575595.699377097
Puducherry,2019,4,Districts,puducherry district,938219,1650757099.0537887
Puducherry,2019,4,Districts,karaikal district,72570,158225031.4228168
Puducherry,2019,4,Districts,yanam district,66915,128772301.84789933
Puducherry,2019,4,Districts,mahe district,14622,25422619.064325634
Puducherry,2020,1,Districts,puducherry district,1127177,1908706426.9042969
Puducherry,2020,1,Districts,karaikal district,88196,184517569.68354118
Puducherry,2020,1,Districts,yanam district,86377,176004971.83114487
Puducherry,2020,1,Districts,mahe district,17687,30990194.62429696
Puducherry,2020,2,Districts,puducherry district,842864,1464564061.6673987
Puducherry,2020,2,Districts,yanam district,97509,172504560.93015152
Puducherry,2020,2,Districts,karaikal district,79768,164860917.7661096
Puducherry,2020,2,Districts,mahe district,20621,25495637.130609334
Puducherry,2020,3,Districts,puducherry district,1268523,2296933497.654146
Puducherry,2020,3,Districts,yanam district,138362,277282492.00783217
Puducherry,2020,3,Districts,karaikal district,108785,257592429.87256205
Puducherry,2020,3,Districts,mahe district,29921,52540832.3398419
Puducherry,2020,4,Districts,puducherry district,2096621,3481347288.362239
Puducherry,2020,4,Districts,yanam district,218806,431462543.0552771
Puducherry,2020,4,Districts,karaikal district,170197,370506325.1321218
Puducherry,2020,4,Districts,mahe district,48811,73734205.40227173
Puducherry,2021,1,Districts,puducherry district,2609926,4273566527.8220434
Puducherry,2021,1,Districts,yanam district,243237,486545721.61923563
Puducherry,2021,1,Districts,karaikal district,210704,457177425.7325245
Puducherry,2021,1,Districts,mahe district,64354,99203675.06667478
Puducherry,2021,2,Districts,puducherry district,2631790,4219636319.4857388
Puducherry,2021,2,Districts,yanam district,304062,602422330.2449272
Puducherry,2021,2,Districts,karaikal district,229178,455505621.05678207
Puducherry,2021,2,Districts,mahe district,71273,114542152.07399909
Puducherry,2021,3,Districts,puducherry district,3755116,5904475787.320461
Puducherry,2021,3,Districts,yanam district,409805,763890037.8855491
Puducherry,2021,3,Districts,karaikal district,322916,645214488.9284475
Puducherry,2021,3,Districts,mahe district,102467,155279933.54152378
Puducherry,2021,4,Districts,puducherry district,4026657,6093095259.651301
Puducherry,2021,4,Districts,yanam district,441833,810563665.1979272
Puducherry,2021,4,Districts,karaikal district,345890,637084030.0284346
Puducherry,2021,4,Districts,mahe district,118543,178653470.01744717
Puducherry,2022,1,Districts,puducherry district,5163890,7711111921.953375
Puducherry,2022,1,Districts,yanam district,569043,1068577891.3693848
Puducherry,2022,1,Districts,karaikal district,469412,864514456.4586443
Puducherry,2022,1,Districts,mahe district,152242,232914912.61296093
Puducherry,2022,2,Districts,puducherry district,6100600,8803492911.151518
Puducherry,2022,2,Districts,yanam district,673218,1249831342.1592638
Puducherry,2022,2,Districts,karaikal district,546984,982011710.7234285
Puducherry,2022,2,Districts,mahe district,169171,260327419.69646665
Puducherry,2022,3,Districts,puducherry district,7203071,10081871555.015993
Puducherry,2022,3,Districts,yanam district,761017,1312105057.8053923
Puducherry,2022,3,Districts,karaikal district,686161,1161322486.0979931
Puducherry,2022,3,Districts,mahe district,198148,278842746.05112183
Puducherry,2022,4,Districts,puducherry district,7910147,10653643938.20089
Puducherry,2022,4,Districts,yanam district,864372,1450412149.15314
Puducherry,2022,4,Districts,karaikal district,743879,1197861920.9637756
Puducherry,2022,4,Districts,mahe district,229657,311724024.0485824
Puducherry,2023,1,Districts,puducherry district,8210432,11006185222.830006
Puducherry,2023,1,Districts,yanam district,962463,1584766198.7589123
Puducherry,2023,1,Districts,karaikal district,810755,1303240947.7183619
Puducherry,2023,1,Districts,mahe district,233839,322210605.44387496
Puducherry,2023,2,Districts,puducherry district,8966613,11880939481.559736
Puducherry,2023,2,Districts,yanam district,1081515,1757995651.3020737
Puducherry,2023,2,Districts,karaikal district,883545,1358795883.8550866
Puducherry,2023,2,Districts,mahe district,261965,364092610.5524618
Puducherry,2023,3,Districts,puducherry district,9920691,12657803567.163563
Puducherry,2023,3,Districts,yanam district,1243450,1863609571.3096125
Puducherry,2023,3,Districts,karaikal district,1010443,1510823023.2428696
Puducherry,2023,3,Districts,mahe district,290125,389409409.1437819
Puducherry,2023,4,Districts,puducherry district,10322582,12962017510.288515
Puducherry,2023,4,Districts,yanam district,1376558,2074237819.7198875
Puducherry,2023,4,Districts,karaikal district,1054284,1573379814.7342808
Puducherry,2023,4,Districts,mahe district,321228,429877377.8411442
Puducherry,2024,1,Districts,puducherry district,10503751,12914983587.208324
Puducherry,2024,1,Districts,yanam district,1607114,2447621900.165187
Puducherry,2024,1,Districts,karaikal district,1100369,1622665271.2750282
Puducherry,2024,1,Districts,mahe district,308736,415132364.20655984
Puducherry,2024,2,Districts,puducherry district,11350055,13662621617.598812
Puducherry,2024,2,Districts,yanam district,1736175,2442779856.0525875
Puducherry,2024,2,Districts,karaikal district,1192485,1683941765.7859688
Puducherry,2024,2,Districts,mahe district,332152,431671261.1845347
Puducherry,2024,3,Districts,puducherry district,12247183,14543675112.131285
Puducherry,2024,3,Districts,yanam district,1843874,2400490393.0356884
Puducherry,2024,3,Districts,karaikal district,1366523,1889786658.0437489
Puducherry,2024,3,Districts,mahe district,363591,472675740.1968535
Puducherry,2024,4,Districts,puducherry district,12550484,14715471477.109386
Puducherry,2024,4,Districts,yanam district,2017876,2675401130.7611923
Puducherry,2024,4,Districts,karaikal district,1402920,1852340366.526033
Puducherry,2024,4,Districts,mahe district,405535,509438137.5444576
Puducherry,2025,1,Districts,puducherry district,13561879,15654981475.07637
Puducherry,2025,1,Districts,yanam district,2077382,2919363253.7424808
Puducherry,2025,1,Districts,karaikal district,1548040,2014425084.1659005
Puducherry,2025,1,Districts,mahe district,425410,579854921.7636144
Puducherry,2025,2,Districts,puducherry district,13392609,15330986303.929485
Puducherry,2025,2,Districts,yanam district,2209120,2898392258.8979926
Puducherry,2025,2,Districts,karaikal district,1501841,1972245030.057929
Puducherry,2025,2,Districts,mahe district,392445,539858387.8619745
Puducherry,2025,3,Districts,puducherry district,14067709,15779053422.150543
Puducherry,2025,3,Districts,yanam district,2295338,2863774482.3453064
Puducherry,2025,3,Districts,karaikal district,1614273,2073776609.6047177
Puducherry,2025,3,Districts,mahe district,424275,564276066.2360532
Puducherry,2025,4,Districts,puducherry district,14367481,16220642812.663689
Puducherry,2025,4,Districts,yanam district,2419332,2976846361.127281
Puducherry,2025,4,Districts,karaikal district,1604949,2018547512.8331685
Puducherry,2025,4,Districts,mahe district,465331,601622229.8478167
Puducherry,2026,1,Districts,puducherry district,14972481,17059409773.659935
Puducherry,2026,1,Districts,yanam district,2612654,3271780559.1245775
Puducherry,2026,1,Districts,karaikal district,1739733,2235309748.1627936
Puducherry,2026,1,Districts,mahe district,466083,634417803.9340689
Puducherry,2026,2,Districts,puducherry district,15606710,17533264133.0704
Puducherry,2026,2,Districts,yanam district,2706255,3343919975.6452436
Puducherry,2026,2,Districts,karaikal district,1821128,2294697371.405895
Puducherry,2026,2,Districts,mahe district,537816,735798651.5603613
Punjab,2018,1,Districts,ludhiana district,476630,598171789.8135428
Punjab,2018,1,Districts,sas nagar district,322272,531527058.2621699
Punjab,2018,1,Districts,patiala district,148368,236318738.10633913
Punjab,2018,1,Districts,jalandhar district,134556,218562171.54623058
Punjab,2018,1,Districts,bathinda district,119139,184914592.77120733
Punjab,2018,1,Districts,amritsar district,117689,234997642.06866255
Punjab,2018,1,Districts,fazilka district,113371,130521180.826372
Punjab,2018,1,Districts,sangrur district,86484,110226953.23354647
Punjab,2018,1,Districts,kapurthala district,76262,93506606.7815092
Punjab,2018,1,Districts,ferozepur district,62835,94815045.29590839
Punjab,2018,2,Districts,ludhiana district,636807,1010935244.1608317
Punjab,2018,2,Districts,sas nagar district,428459,817463016.9176421
Punjab,2018,2,Districts,patiala district,213650,395046135.53570914
Punjab,2018,2,Districts,jalandhar district,181116,374868870.9904426
Punjab,2018,2,Districts,bathinda district,176545,317066306.5982082
Punjab,2018,2,Districts,amritsar district,171943,383997862.61746764
Punjab,2018,2,Districts,fazilka district,147256,221076769.97910157
Punjab,2018,2,Districts,sangrur district,121571,177412232.81306446
Punjab,2018,2,Districts,kapurthala district,88445,160369229.1169045
Punjab,2018,2,Districts,ferozepur district,82864,151524156.79084548
Punjab,2018,3,Districts,ludhiana district,866468,1562872789.756915
Punjab,2018,3,Districts,sas nagar district,592587,1167128423.518462
Punjab,2018,3,Districts,patiala district,264269,596244130.8916588
Punjab,2018,3,Districts,jalandhar district,246331,583013504.5795105
Punjab,2018,3,Districts,amritsar district,225303,601669501.0930291
Punjab,2018,3,Districts,bathinda district,221726,465777978.2182202
Punjab,2018,3,Districts,sangrur district,191885,253501561.39756244
Punjab,2018,3,Districts,fazilka district,170806,288675395.20163614
Punjab,2018,3,Districts,kapurthala district,116925,206669321.45139402
Punjab,2018,3,Districts,ferozepur district,107523,218167703.9987593
Punjab,2018,4,Districts,ludhiana district,1234570,2391303508.0404305
Punjab,2018,4,Districts,sas nagar district,838356,1666088455.545636
Punjab,2018,4,Districts,patiala district,375571,907903550.6987879
Punjab,2018,4,Districts,jalandhar district,354109,875321244.5488535
Punjab,2018,4,Districts,amritsar district,349347,904178552.1212656
Punjab,2018,4,Districts,bathinda district,299020,709842620.9129099
Punjab,2018,4,Districts,sangrur district,254222,381621243.69432974
Punjab,2018,4,Districts,fazilka district,228654,458622829.81758744
Punjab,2018,4,Districts,kapurthala district,157978,297345243.3340858
Punjab,2018,4,Districts,ferozepur district,154471,370224612.83963186
Punjab,2019,1,Districts,ludhiana district,1797971,2910628612.808467
Punjab,2019,1,Districts,sas nagar district,1321098,2138178867.295242
Punjab,2019,1,Districts,patiala district,525348,1102100824.9173138
Punjab,2019,1,Districts,jalandhar district,507672,1052548617.1668763
Punjab,2019,1,Districts,amritsar district,480424,1088907002.4850154
Punjab,2019,1,Districts,bathinda district,395731,867112839.6273965
Punjab,2019,1,Districts,kapurthala district,315651,434880228.47847015
Punjab,2019,1,Districts,fazilka district,313511,608366219.8742038
Punjab,2019,1,Districts,sangrur district,308587,458694700.8549198
Punjab,2019,1,Districts,ferozepur district,199018,450482890.0924211
Punjab,2019,2,Districts,ludhiana district,1879180,3678850584.3079
Punjab,2019,2,Districts,sas nagar district,1596662,2788312696.2978196
Punjab,2019,2,Districts,jalandhar district,656444,1436989359.1522713
Punjab,2019,2,Districts,amritsar district,618595,1505506672.5754576
Punjab,2019,2,Districts,patiala district,600351,1409913790.4720037
Punjab,2019,2,Districts,bathinda district,447515,1110058809.7140343
Punjab,2019,2,Districts,kapurthala district,398925,621860568.0296708
Punjab,2019,2,Districts,fazilka district,323954,737416556.6074275
Punjab,2019,2,Districts,sangrur district,315291,586029580.968652
Punjab,2019,2,Districts,pathankot district,229726,611958226.0671959
Punjab,2019,3,Districts,ludhiana district,2182182,4544482815.467386
Punjab,2019,3,Districts,sas nagar district,2171491,3474489661.9370084
Punjab,2019,3,Districts,amritsar district,820408,1899530707.8365226
Punjab,2019,3,Districts,patiala district,807588,1810706727.0307858
Punjab,2019,3,Districts,jalandhar district,804838,1710079538.0142207
Punjab,2019,3,Districts,kapurthala district,659610,778391415.5243055
Punjab,2019,3,Districts,bathinda district,524170,1322209193.3014383
Punjab,2019,3,Districts,fazilka district,360128,844465568.2858721
Punjab,2019,3,Districts,sangrur district,328631,707258477.9492742
Punjab,2019,3,Districts,pathankot district,265315,720454577.0280447
Punjab,2019,4,Districts,sas nagar district,2684870,4233722383.832849
Punjab,2019,4,Districts,ludhiana district,2650286,5840004777.928538
Punjab,2019,4,Districts,patiala district,1001151,2362975017.7033906
Punjab,2019,4,Districts,amritsar district,1000236,2460283683.1841307
Punjab,2019,4,Districts,jalandhar district,986993,2156502239.6914763
Punjab,2019,4,Districts,kapurthala district,899120,1025780244.6829886
Punjab,2019,4,Districts,bathinda district,679878,1703266486.5360403
Punjab,2019,4,Districts,fazilka district,484441,1182538581.4347162
Punjab,2019,4,Districts,sangrur district,459276,951626431.4245821
Punjab,2019,4,Districts,ferozepur district,357660,940658295.909662
Punjab,2020,1,Districts,sas nagar district,2977811,4439666441.698902
Punjab,2020,1,Districts,ludhiana district,2951446,6023904174.506175
Punjab,2020,1,Districts,amritsar district,1139550,2715461995.828789
Punjab,2020,1,Districts,jalandhar district,1117158,2349638380.3540163
Punjab,2020,1,Districts,patiala district,1112655,2545993689.341834
Punjab,2020,1,Districts,kapurthala district,956687,1000241617.804363
Punjab,2020,1,Districts,bathinda district,760514,1817645410.210882
Punjab,2020,1,Districts,fazilka district,569838,1376968837.9274092
Punjab,2020,1,Districts,sangrur district,461837,990701069.5913656
Punjab,2020,1,Districts,ferozepur district,400982,1048986677.9617677
Punjab,2020,2,Districts,ludhiana district,2691539,4810651098.468078
Punjab,2020,2,Districts,sas nagar district,1874647,3159750952.1429515
Punjab,2020,2,Districts,amritsar district,1108848,2518903548.256947
Punjab,2020,2,Districts,patiala district,1108629,2471278228.4196577
Punjab,2020,2,Districts,jalandhar district,1016270,2060145427.8186445
Punjab,2020,2,Districts,bathinda district,761933,1856335806.4259765
Punjab,2020,2,Districts,fazilka district,661602,1610551292.977724
Punjab,2020,2,Districts,hoshiarpur district,492694,921683757.4519067
Punjab,2020,2,Districts,pathankot district,468398,1078619232.0195284
Punjab,2020,2,Districts,ferozepur district,446076,1186275297.077705
Punjab,2020,3,Districts,ludhiana district,3590605,7652772367.250355
Punjab,2020,3,Districts,sas nagar district,2883866,4921235131.158763
Punjab,2020,3,Districts,patiala district,1400366,3350632623.8908205
Punjab,2020,3,Districts,amritsar district,1395844,3624512773.8441973
Punjab,2020,3,Districts,jalandhar district,1302214,3011933598.802295
Punjab,2020,3,Districts,bathinda district,924969,2424182084.8563046
Punjab,2020,3,Districts,fazilka district,746574,1837351563.6926522
Punjab,2020,3,Districts,pathankot district,550814,1462817158.8066213
Punjab,2020,3,Districts,hoshiarpur district,543672,1226562883.650226
Punjab,2020,3,Districts,ferozepur district,501177,1393713375.6103141
Punjab,2020,4,Districts,ludhiana district,4724280,10684844653.134403
Punjab,2020,4,Districts,sas nagar district,4154203,6607336947.4957485
Punjab,2020,4,Districts,amritsar district,1848499,4784155722.718202
Punjab,2020,4,Districts,patiala district,1822215,4364321842.637415
Punjab,2020,4,Districts,jalandhar district,1677042,3860891924.1938305
Punjab,2020,4,Districts,bathinda district,1200997,3036673855.2162027
Punjab,2020,4,Districts,fazilka district,956689,2519204365.0235114
Punjab,2020,4,Districts,pathankot district,707800,1840878780.9398842
Punjab,2020,4,Districts,hoshiarpur district,669867,1592713276.546258
Punjab,2020,4,Districts,ferozepur district,627321,1798288162.401503
Punjab,2021,1,Districts,sas nagar district,5353400,7673048707.45839
Punjab,2021,1,Districts,ludhiana district,5131473,11089161095.301407
Punjab,2021,1,Districts,amritsar district,2200230,5418666829.259928
Punjab,2021,1,Districts,patiala district,2048122,4691387536.413129
Punjab,2021,1,Districts,jalandhar district,1972208,4310440538.634477
Punjab,2021,1,Districts,bathinda district,1417489,3397048306.1063294
Punjab,2021,1,Districts,fazilka district,1105123,2922069559.6825156
Punjab,2021,1,Districts,hoshiarpur district,763177,1768897333.7412925
Punjab,2021,1,Districts,pathankot district,745651,1901447612.6969314
Punjab,2021,1,Districts,kapurthala district,707755,1312197925.5204093
Punjab,2021,2,Districts,ludhiana district,5989917,12369955459.391548
Punjab,2021,2,Districts,sas nagar district,5684540,8339808592.1739235
Punjab,2021,2,Districts,amritsar district,2605542,6288771130.887429
Punjab,2021,2,Districts,patiala district,2448208,5497733677.026187
Punjab,2021,2,Districts,jalandhar district,2331077,5028230572.202845
Punjab,2021,2,Districts,bathinda district,1708920,3999066064.570706
Punjab,2021,2,Districts,fazilka district,1419404,3440310492.302701
Punjab,2021,2,Districts,pathankot district,996162,2336009375.8316813
Punjab,2021,2,Districts,hoshiarpur district,985684,2189156984.8343897
Punjab,2021,2,Districts,gurdaspur district,941081,2503873765.4576607
Punjab,2021,3,Districts,ludhiana district,7913524,15880343538.054071
Punjab,2021,3,Districts,sas nagar district,7322726,10297839138.349474
Punjab,2021,3,Districts,amritsar district,3510086,7906184932.279388
Punjab,2021,3,Districts,patiala district,3084146,6397740663.234606
Punjab,2021,3,Districts,jalandhar district,2998626,6188820316.407546
Punjab,2021,3,Districts,bathinda district,2191915,4835545955.494257
Punjab,2021,3,Districts,fazilka district,1707261,3730255788.4608507
Punjab,2021,3,Districts,pathankot district,1257505,2883707509.1676617
Punjab,2021,3,Districts,hoshiarpur district,1226195,2574745955.92733
Punjab,2021,3,Districts,ferozepur district,1136121,2688840294.03659
Punjab,2021,4,Districts,ludhiana district,8273708,17855951051.475212
Punjab,2021,4,Districts,sas nagar district,7860305,10901167753.684175
Punjab,2021,4,Districts,amritsar district,3788653,8928602209.828148
Punjab,2021,4,Districts,patiala district,3232272,7099222503.298719
Punjab,2021,4,Districts,jalandhar district,3116508,6697515532.875843
Punjab,2021,4,Districts,bathinda district,2367041,5183946046.008182
Punjab,2021,4,Districts,fazilka district,1763856,4283288619.5575137
Punjab,2021,4,Districts,pathankot district,1378151,3146677127.7313027
Punjab,2021,4,Districts,kapurthala district,1335906,2226773831.2270656
Punjab,2021,4,Districts,hoshiarpur district,1309748,2953745555.5637436
Punjab,2022,1,Districts,ludhiana district,10212521,20503197193.134075
Punjab,2022,1,Districts,sas nagar district,9841410,13370987273.966139
Punjab,2022,1,Districts,amritsar district,4742999,11022741633.411707
Punjab,2022,1,Districts,patiala district,3968767,8473064860.738983
Punjab,2022,1,Districts,jalandhar district,3891405,8139575695.146051
Punjab,2022,1,Districts,bathinda district,2877829,6260166709.544067
Punjab,2022,1,Districts,fazilka district,2343591,5508169976.203035
Punjab,2022,1,Districts,pathankot district,1759375,3730830733.049069
Punjab,2022,1,Districts,kapurthala district,1678903,2743543910.2503343
Punjab,2022,1,Districts,hoshiarpur district,1672496,3660075945.487131
Punjab,2022,2,Districts,ludhiana district,12809163,23546138185.986877
Punjab,2022,2,Districts,sas nagar district,12519026,15630738888.993633
Punjab,2022,2,Districts,amritsar district,5901159,13091873876.526482
Punjab,2022,2,Districts,patiala district,4833566,9542799594.69057
Punjab,2022,2,Districts,jalandhar district,4778576,9372647227.14987
Punjab,2022,2,Districts,bathinda district,3580432,7130063056.989633
Punjab,2022,2,Districts,fazilka district,2818094,6044976048.576082
Punjab,2022,2,Districts,kapurthala district,2440554,3381686903.5134006
Punjab,2022,2,Districts,pathankot district,2231031,4448661488.8533325
Punjab,2022,2,Districts,hoshiarpur district,2055682,4122143552.6777835
Punjab,2022,3,Districts,ludhiana district,15896030,29126992809.61127
Punjab,2022,3,Districts,sas nagar district,15394801,18473555130.132122
Punjab,2022,3,Districts,amritsar district,7137283,15182090949.982038
Punjab,2022,3,Districts,patiala district,5872857,10919326906.102629
Punjab,2022,3,Districts,jalandhar district,5851153,11000838701.865463
Punjab,2022,3,Districts,bathinda district,4197478,7960984117.668504
Punjab,2022,3,Districts,kapurthala district,3955035,4613732649.533461
Punjab,2022,3,Districts,fazilka district,3473777,6503516332.464256
Punjab,2022,3,Districts,pathankot district,2600650,4954955774.207353
Punjab,2022,3,Districts,hoshiarpur district,2453829,4737258916.496197
Punjab,2022,4,Districts,ludhiana district,17834809,33025428113.264008
Punjab,2022,4,Districts,sas nagar district,16784246,19672992642.19634
Punjab,2022,4,Districts,amritsar district,8050308,17595347463.480568
Punjab,2022,4,Districts,jalandhar district,6571658,12152926764.629906
Punjab,2022,4,Districts,patiala district,6302688,12186416365.415539
Punjab,2022,4,Districts,kapurthala district,4705081,4846681459.230791
Punjab,2022,4,Districts,bathinda district,4458046,8489102705.623381
Punjab,2022,4,Districts,fazilka district,3690479,7614843175.494907
Punjab,2022,4,Districts,pathankot district,2923020,5452825492.784381
Punjab,2022,4,Districts,hoshiarpur district,2764924,5513109224.256605
Punjab,2023,1,Districts,ludhiana district,18377474,32408973178.049606
Punjab,2023,1,Districts,sas nagar district,17629491,21003144373.7461
Punjab,2023,1,Districts,amritsar district,8269053,17927318091.97376
Punjab,2023,1,Districts,jalandhar district,6818625,12548541216.75211
Punjab,2023,1,Districts,patiala district,6534583,12348479981.100655
Punjab,2023,1,Districts,kapurthala district,4738105,5128258007.74243
Punjab,2023,1,Districts,bathinda district,4582519,8671829500.354637
Punjab,2023,1,Districts,fazilka district,3781859,8063938280.939745
Punjab,2023,1,Districts,pathankot district,3001694,5585092544.878467
Punjab,2023,1,Districts,hoshiarpur district,2946263,5903698960.284286
Punjab,2023,2,Districts,ludhiana district,23378649,35606511159.66448
Punjab,2023,2,Districts,sas nagar district,21810772,24131431707.304523
Punjab,2023,2,Districts,amritsar district,9857961,19809578407.43068
Punjab,2023,2,Districts,jalandhar district,8403603,14134671213.029892
Punjab,2023,2,Districts,patiala district,7703716,13424524377.209736
Punjab,2023,2,Districts,bathinda district,5375879,9514967245.945904
Punjab,2023,2,Districts,kapurthala district,5245318,5556702829.604108
Punjab,2023,2,Districts,fazilka district,4292511,8339892130.243144
Punjab,2023,2,Districts,pathankot district,3799975,6539667398.585393
Punjab,2023,2,Districts,gurdaspur district,3554025,7564160300.66181
Punjab,2023,3,Districts,ludhiana district,26676773,39344930762.94788
Punjab,2023,3,Districts,sas nagar district,24135678,25600225760.873714
Punjab,2023,3,Districts,amritsar district,11028421,20920925913.93719
Punjab,2023,3,Districts,jalandhar district,9533683,15130392734.422459
Punjab,2023,3,Districts,patiala district,8620193,14041120312.173246
Punjab,2023,3,Districts,kapurthala district,6082757,6334966762.691255
Punjab,2023,3,Districts,bathinda district,6019152,10040768711.885479
Punjab,2023,3,Districts,fazilka district,4703049,8324241515.87845
Punjab,2023,3,Districts,pathankot district,4061687,6778128487.198862
Punjab,2023,3,Districts,hoshiarpur district,3966673,6792926262.543534
Punjab,2023,4,Districts,ludhiana district,29820515,45534012670.85177
Punjab,2023,4,Districts,sas nagar district,24788122,27107324281.02329
Punjab,2023,4,Districts,amritsar district,11746269,23377878682.502666
Punjab,2023,4,Districts,jalandhar district,10258469,16795432666.474125
Punjab,2023,4,Districts,patiala district,9026506,15495636929.772778
Punjab,2023,4,Districts,kapurthala district,6888196,6752883039.169653
Punjab,2023,4,Districts,bathinda district,6502745,11064154783.750917
Punjab,2023,4,Districts,fazilka district,5136398,9870756082.823833
Punjab,2023,4,Districts,pathankot district,4524961,7663373798.256309
Punjab,2023,4,Districts,hoshiarpur district,4381352,7911961963.031681
Punjab,2024,1,Districts,ludhiana district,28947818,41630281074.812065
Punjab,2024,1,Districts,sas nagar district,25027315,26927856319.99757
Punjab,2024,1,Districts,amritsar district,11693660,22747119117.81588
Punjab,2024,1,Districts,jalandhar district,10296491,16592176038.91586
Punjab,2024,1,Districts,patiala district,8892880,14848666445.898296
Punjab,2024,1,Districts,kapurthala district,6754410,6716621947.373095
Punjab,2024,1,Districts,bathinda district,6696921,11107356223.519804
Punjab,2024,1,Districts,fazilka district,5394759,10073458495.643616
Punjab,2024,1,Districts,pathankot district,4681072,7678901328.458268
Punjab,2024,1,Districts,hoshiarpur district,4486437,7989591455.693643
Punjab,2024,2,Districts,ludhiana district,35883251,44758508374.32479
Punjab,2024,2,Districts,sas nagar district,30215170,30650701383.028625
Punjab,2024,2,Districts,amritsar district,13969230,24524374967.965878
Punjab,2024,2,Districts,jalandhar district,12536143,18233005421.71485
Punjab,2024,2,Districts,patiala district,10956658,16297963520.29999
Punjab,2024,2,Districts,bathinda district,7938112,12149200402.162325
Punjab,2024,2,Districts,kapurthala district,7434371,7416985535.539452
Punjab,2024,2,Districts,fazilka district,6182063,10062753284.808407
Punjab,2024,2,Districts,pathankot district,5712099,8686328862.488148
Punjab,2024,2,Districts,hoshiarpur district,5435734,8575666907.044156
Punjab,2024,3,Districts,ludhiana district,40199099,49951232253.583015
Punjab,2024,3,Districts,sas nagar district,33092457,32783760913.713707
Punjab,2024,3,Districts,amritsar district,15191117,25609920077.56202
Punjab,2024,3,Districts,jalandhar district,14000366,19509721150.098312
Punjab,2024,3,Districts,patiala district,12069078,16941732409.629118
Punjab,2024,3,Districts,bathinda district,8764502,12700595261.990221
Punjab,2024,3,Districts,kapurthala district,7597291,7838380310.915792
Punjab,2024,3,Districts,fazilka district,6367397,9567985042.034239
Punjab,2024,3,Districts,hoshiarpur district,6008622,9164420955.889458
Punjab,2024,3,Districts,pathankot district,5944044,9011142786.611105
Punjab,2024,4,Districts,ludhiana district,42979064,57904546371.18218
Punjab,2024,4,Districts,sas nagar district,33712635,34729953262.36848
Punjab,2024,4,Districts,amritsar district,16402286,28830449776.013504
Punjab,2024,4,Districts,jalandhar district,15086251,21896037715.954865
Punjab,2024,4,Districts,patiala district,12765674,18927973757.478012
Punjab,2024,4,Districts,bathinda district,9143078,13692997782.092505
Punjab,2024,4,Districts,kapurthala district,8343065,8486638290.469333
Punjab,2024,4,Districts,fazilka district,6697395,11020347624.925253
Punjab,2024,4,Districts,hoshiarpur district,6615722,10772305963.137878
Punjab,2024,4,Districts,pathankot district,6327407,9819655178.52593
Punjab,2025,1,Districts,ludhiana district,44613407,57438832866.624435
Punjab,2025,1,Districts,sas nagar district,37168984,37275357412.53813
Punjab,2025,1,Districts,amritsar district,17987310,31383354830.322205
Punjab,2025,1,Districts,jalandhar district,16361817,23217839404.0708
Punjab,2025,1,Districts,patiala district,13704013,19713566994.073402
Punjab,2025,1,Districts,bathinda district,9451007,13867955689.67632
Punjab,2025,1,Districts,kapurthala district,8550575,9090065536.038916
Punjab,2025,1,Districts,hoshiarpur district,7216048,11508207554.034748
Punjab,2025,1,Districts,fazilka district,7150995,11796613847.654879
Punjab,2025,1,Districts,gurdaspur district,6898933,12906668668.876064
Punjab,2025,2,Districts,ludhiana district,47762124,55833358781.36567
Punjab,2025,2,Districts,sas nagar district,36857062,36556163499.71874
Punjab,2025,2,Districts,amritsar district,17684056,29286300214.420624
Punjab,2025,2,Districts,jalandhar district,16585375,22313362738.513683
Punjab,2025,2,Districts,patiala district,14157480,19563167679.216778
Punjab,2025,2,Districts,bathinda district,9871047,14039915699.075003
Punjab,2025,2,Districts,hoshiarpur district,7457514,11097748920.303988
Punjab,2025,2,Districts,kapurthala district,7403519,8526446813.783754
Punjab,2025,2,Districts,fazilka district,7191256,11052816850.47651
Punjab,2025,2,Districts,gurdaspur district,7180378,12787073601.281162
Punjab,2025,3,Districts,ludhiana district,53740546,61209195751.28318
Punjab,2025,3,Districts,sas nagar district,40405406,38377273567.95618
Punjab,2025,3,Districts,amritsar district,19051913,29953355869.72448
Punjab,2025,3,Districts,jalandhar district,18065775,23395176075.68362
Punjab,2025,3,Districts,patiala district,15297366,19769727715.553726
Punjab,2025,3,Districts,bathinda district,10755403,14566407938.480518
Punjab,2025,3,Districts,kapurthala district,8244188,9194650528.430437
Punjab,2025,3,Districts,hoshiarpur district,7851559,11314176100.297104
Punjab,2025,3,Districts,gurdaspur district,7497507,12416196104.71044
Punjab,2025,3,Districts,fazilka district,7462095,10407555597.628845
Punjab,2025,4,Districts,ludhiana district,55276617,69106517092.32283
Punjab,2025,4,Districts,sas nagar district,40775780,40444504116.80744
Punjab,2025,4,Districts,amritsar district,20334904,34310109096.936512
Punjab,2025,4,Districts,jalandhar district,18771784,25955844382.075504
Punjab,2025,4,Districts,patiala district,15904953,22435176727.35104
Punjab,2025,4,Districts,bathinda district,11673066,16151691358.506699
Punjab,2025,4,Districts,kapurthala district,10416223,10719360003.750673
Punjab,2025,4,Districts,hoshiarpur district,8335202,13200460567.386534
Punjab,2025,4,Districts,gurdaspur district,8157001,15037797140.645672
Punjab,2025,4,Districts,fazilka district,7936443,12433285171.95782
Punjab,2026,1,Districts,ludhiana district,55115184,66269018775.41672
Punjab,2026,1,Districts,sas nagar district,42393256,41393173487.514275
Punjab,2026,1,Districts,amritsar district,21060292,35468557110.090744
Punjab,2026,1,Districts,jalandhar district,19252355,26400918313.06207
Punjab,2026,1,Districts,patiala district,16330546,22457619963.265675
Punjab,2026,1,Districts,bathinda district,11817428,16245117667.452995
Punjab,2026,1,Districts,kapurthala district,10119263,10606464529.508057
Punjab,2026,1,Districts,hoshiarpur district,8720387,13561378484.038603
Punjab,2026,1,Districts,gurdaspur district,8595160,16031774024.37762
Punjab,2026,1,Districts,fazilka district,8257095,12998422096.442612
Punjab,2026,2,Districts,ludhiana district,60025670,67446697678.67804
Punjab,2026,2,Districts,sas nagar district,46199012,44467731285.67928
Punjab,2026,2,Districts,amritsar district,23249586,37298610903.00246
Punjab,2026,2,Districts,jalandhar district,20981567,27306258557.31991
Punjab,2026,2,Districts,patiala district,18047391,23677742632.407875
Punjab,2026,2,Districts,bathinda district,13099461,17609533699.008507
Punjab,2026,2,Districts,kapurthala district,10609846,11348650293.753052
Punjab,2026,2,Districts,hoshiarpur district,9789677,14262689120.913525
Punjab,2026,2,Districts,gurdaspur district,9751226,17132876680.16252
Punjab,2026,2,Districts,fazilka district,8765617,13018405562.987583
Rajasthan,2018,1,Districts,jaipur district,2740898,3263145090.3745093
Rajasthan,2018,1,Districts,sikar district,399134,425572796.24527395
Rajasthan,2018,1,Districts,kota district,390870,372080885.47228193
Rajasthan,2018,1,Districts,bhilwara district,378527,428868214.7746328
Rajasthan,2018,1,Districts,jodhpur district,363327,524027280.3064872
Rajasthan,2018,1,Districts,sri ganganagar district,297373,356919915.1338495
Rajasthan,2018,1,Districts,alwar district,284916,347592258.16879046
Rajasthan,2018,1,Districts,dausa district,277847,212489757.62875813
Rajasthan,2018,1,Districts,udaipur district,264140,368659191.94093794
Rajasthan,2018,1,Districts,jhunjhunu district,263556,292926985.7091486
Rajasthan,2018,2,Districts,jaipur district,3507461,5382551818.758278
Rajasthan,2018,2,Districts,sikar district,481891,704339198.6684148
Rajasthan,2018,2,Districts,jodhpur district,478488,885759965.2864273
Rajasthan,2018,2,Districts,kota district,468099,657845506.8003368
Rajasthan,2018,2,Districts,bhilwara district,464724,696147371.5173352
Rajasthan,2018,2,Districts,alwar district,393991,600128704.3070215
Rajasthan,2018,2,Districts,sri ganganagar district,381772,625251409.1563426
Rajasthan,2018,2,Districts,dausa district,348777,392063696.20160174
Rajasthan,2018,2,Districts,jhunjhunu district,348532,528604153.195237
Rajasthan,2018,2,Districts,udaipur district,332845,586951408.6400368
Rajasthan,2018,3,Districts,jaipur district,5372755,8480986190.900942
Rajasthan,2018,3,Districts,kota district,654471,926973425.7851198
Rajasthan,2018,3,Districts,bhilwara district,646418,1068209063.3657633
Rajasthan,2018,3,Districts,jodhpur district,600937,1306411401.0210478
Rajasthan,2018,3,Districts,alwar district,569878,899291651.2626181
Rajasthan,2018,3,Districts,sikar district,564408,1019387831.3297341
Rajasthan,2018,3,Districts,dausa district,533305,617677648.1716505
Rajasthan,2018,3,Districts,udaipur district,460092,887474854.3331751
Rajasthan,2018,3,Districts,sri ganganagar district,447743,835118739.0117269
Rajasthan,2018,3,Districts,jhunjhunu district,413579,736275585.3960596
Rajasthan,2018,4,Districts,jaipur district,7928107,12953111146.36651
Rajasthan,2018,4,Districts,kota district,937951,1336194620.6804712
Rajasthan,2018,4,Districts,bhilwara district,928130,1612081030.192141
Rajasthan,2018,4,Districts,jodhpur district,913733,1997053909.398936
Rajasthan,2018,4,Districts,sikar district,873336,1776394242.2415154
Rajasthan,2018,4,Districts,alwar district,866103,1501060527.7098548
Rajasthan,2018,4,Districts,dausa district,789392,1064183204.2475936
Rajasthan,2018,4,Districts,udaipur district,670954,1308913867.0806363
Rajasthan,2018,4,Districts,sri ganganagar district,663242,1350644259.6620798
Rajasthan,2018,4,Districts,kotputli behror district,620821,1154237682.8230405
Rajasthan,2019,1,Districts,jaipur district,17477572,21426045026.729347
Rajasthan,2019,1,Districts,kota district,2082070,2013381517.270729
Rajasthan,2019,1,Districts,bhilwara district,1947673,2523516285.29273
Rajasthan,2019,1,Districts,dausa district,1702356,1742023935.6973557
Rajasthan,2019,1,Districts,jodhpur district,1672015,2892370646.266513
Rajasthan,2019,1,Districts,sikar district,1618985,2625087244.826741
Rajasthan,2019,1,Districts,alwar district,1585381,2449354237.680851
Rajasthan,2019,1,Districts,kotputli behror district,1226400,1710391884.2805438
Rajasthan,2019,1,Districts,udaipur district,1162760,1803779835.088734
Rajasthan,2019,1,Districts,tonk district,1136546,1112528556.1993551
Rajasthan,2019,2,Districts,jaipur district,18787801,28360456187.61848
Rajasthan,2019,2,Districts,kota district,2077816,2777087724.4659705
Rajasthan,2019,2,Districts,jodhpur district,1882073,3816979172.559825
Rajasthan,2019,2,Districts,bhilwara district,1808283,3265752753.096599
Rajasthan,2019,2,Districts,sikar district,1688967,3592751705.716592
Rajasthan,2019,2,Districts,alwar district,1649080,3108013138.7226224
Rajasthan,2019,2,Districts,dausa district,1539038,2322905343.9008436
Rajasthan,2019,2,Districts,udaipur district,1347942,2264083302.2403545
Rajasthan,2019,2,Districts,kotputli behror district,1256216,2292728000.1045704
Rajasthan,2019,2,Districts,ajmer district,1189098,2280267923.5382285
Rajasthan,2019,3,Districts,jaipur district,28128811,36651915895.89548
Rajasthan,2019,3,Districts,kota district,2979540,3391680270.5367613
Rajasthan,2019,3,Districts,jodhpur district,2487813,4973732733.560961
Rajasthan,2019,3,Districts,bhilwara district,2392120,4231319007.0609117
Rajasthan,2019,3,Districts,sikar district,2078284,4514783099.798695
Rajasthan,2019,3,Districts,udaipur district,2014282,3052827105.112
Rajasthan,2019,3,Districts,alwar district,1988488,3734004439.0878005
Rajasthan,2019,3,Districts,dausa district,1823106,2740277012.4456396
Rajasthan,2019,3,Districts,kotputli behror district,1505437,2888719105.7824206
Rajasthan,2019,3,Districts,ajmer district,1486812,2903878313.0170226
Rajasthan,2019,4,Districts,jaipur district,33289321,50512358579.51286
Rajasthan,2019,4,Districts,kota district,3513758,4696188725.888439
Rajasthan,2019,4,Districts,jodhpur district,3256099,6993098808.195117
Rajasthan,2019,4,Districts,bhilwara district,2978599,6124221723.584845
Rajasthan,2019,4,Districts,sikar district,2842428,6870031127.563026
Rajasthan,2019,4,Districts,udaipur district,2790586,4247727737.128331
Rajasthan,2019,4,Districts,alwar district,2489693,5109044198.006739
Rajasthan,2019,4,Districts,dausa district,2408270,4202610757.0043254
Rajasthan,2019,4,Districts,kotputli behror district,2035817,4303474705.005466
Rajasthan,2019,4,Districts,ajmer district,2004118,4260149948.574871
Rajasthan,2020,1,Districts,jaipur district,37092144,57378092741.498436
Rajasthan,2020,1,Districts,kota district,4064375,5423541938.030687
Rajasthan,2020,1,Districts,jodhpur district,4044340,8351705045.412898
Rajasthan,2020,1,Districts,bhilwara district,3759788,7595343813.445259
Rajasthan,2020,1,Districts,sikar district,3676528,8494174311.075346
Rajasthan,2020,1,Districts,udaipur district,3291917,4917529652.555092
Rajasthan,2020,1,Districts,alwar district,3004499,6133431879.911587
Rajasthan,2020,1,Districts,dausa district,2967732,5107204914.80121
Rajasthan,2020,1,Districts,ajmer district,2607048,5257867565.313127
Rajasthan,2020,1,Districts,kotputli behror district,2550792,5297074324.071341
Rajasthan,2020,2,Districts,jaipur district,26684648,44260677428.77212
Rajasthan,2020,2,Districts,sikar district,4292028,9053507014.665592
Rajasthan,2020,2,Districts,bhilwara district,3791805,7227711561.605072
Rajasthan,2020,2,Districts,jodhpur district,3776733,7437042902.999213
Rajasthan,2020,2,Districts,dausa district,3598013,6024799105.968605
Rajasthan,2020,2,Districts,alwar district,3452794,6812597870.8806095
Rajasthan,2020,2,Districts,kota district,3156208,5261126880.032816
Rajasthan,2020,2,Districts,kotputli behror district,2995906,5645899379.036019
Rajasthan,2020,2,Districts,jhunjhunu district,2804372,5812031409.27619
Rajasthan,2020,2,Districts,ajmer district,2527238,5006276483.244245
Rajasthan,2020,3,Districts,jaipur district,46515427,77747698512.34236
Rajasthan,2020,3,Districts,jodhpur district,5865555,12772875097.884708
Rajasthan,2020,3,Districts,sikar district,5859500,13248462107.440432
Rajasthan,2020,3,Districts,bhilwara district,5657351,11836432030.864689
Rajasthan,2020,3,Districts,dausa district,4593937,7938344243.803765
Rajasthan,2020,3,Districts,kota district,4583501,7903258492.071563
Rajasthan,2020,3,Districts,alwar district,4391914,9241327400.258457
Rajasthan,2020,3,Districts,udaipur district,4276959,7196991798.76881
Rajasthan,2020,3,Districts,kotputli behror district,4169624,8207256377.530983
Rajasthan,2020,3,Districts,ajmer district,3959071,8547904506.160395
Rajasthan,2020,4,Districts,jaipur district,59211343,102899797782.54251
Rajasthan,2020,4,Districts,jodhpur district,8050410,17686405132.770634
Rajasthan,2020,4,Districts,sikar district,7780290,18550892206.246338
Rajasthan,2020,4,Districts,bhilwara district,7563231,15793691022.223606
Rajasthan,2020,4,Districts,kota district,6323529,10668715036.762236
Rajasthan,2020,4,Districts,udaipur district,5947714,9886333158.560091
Rajasthan,2020,4,Districts,ajmer district,5537528,11897318271.972477
Rajasthan,2020,4,Districts,alwar district,5506639,11767892608.273579
Rajasthan,2020,4,Districts,kotputli behror district,5027992,10577592674.50364
Rajasthan,2020,4,Districts,dausa district,4698078,8693948138.901133
Rajasthan,2021,1,Districts,jaipur district,78067785,127643251093.05092
Rajasthan,2021,1,Districts,jodhpur district,11163050,23539227738.49463
Rajasthan,2021,1,Districts,sikar district,10018658,22612559406.73993
Rajasthan,2021,1,Districts,bhilwara district,9539810,20215819033.959064
Rajasthan,2021,1,Districts,kota district,8831319,13860434129.01002
Rajasthan,2021,1,Districts,udaipur district,8030914,12424037227.608885
Rajasthan,2021,1,Districts,ajmer district,7409636,15733724496.98411
Rajasthan,2021,1,Districts,alwar district,7045867,14531088415.981977
Rajasthan,2021,1,Districts,dausa district,6657086,11533367344.264103
Rajasthan,2021,1,Districts,kotputli behror district,6331645,13012486358.632793
Rajasthan,2021,2,Districts,jaipur district,73936006,126244067212.37749
Rajasthan,2021,2,Districts,jodhpur district,12495419,26146637412.88129
Rajasthan,2021,2,Districts,sikar district,12183705,26643996118.388493
Rajasthan,2021,2,Districts,bhilwara district,11219549,22681984389.41402
Rajasthan,2021,2,Districts,kota district,9064808,15638906751.975512
Rajasthan,2021,2,Districts,dausa district,8907950,14686450638.101427
Rajasthan,2021,2,Districts,alwar district,8743412,16616284860.51423
Rajasthan,2021,2,Districts,ajmer district,8410954,17393579177.16317
Rajasthan,2021,2,Districts,jhunjhunu district,7980695,17388815783.509945
Rajasthan,2021,2,Districts,kotputli behror district,7763034,15120731487.637917
Rajasthan,2021,3,Districts,jaipur district,112855012,175031894393.31158
Rajasthan,2021,3,Districts,jodhpur district,18806694,36859797269.38621
Rajasthan,2021,3,Districts,sikar district,16463829,32968422959.87697
Rajasthan,2021,3,Districts,bhilwara district,15959722,29841297582.07251
Rajasthan,2021,3,Districts,kota district,13436742,20387873003.96577
Rajasthan,2021,3,Districts,ajmer district,12859034,25027331298.022873
Rajasthan,2021,3,Districts,udaipur district,11849684,18211179810.37065
Rajasthan,2021,3,Districts,alwar district,11363251,19309433932.83097
Rajasthan,2021,3,Districts,dausa district,11142193,16358612781.35406
Rajasthan,2021,3,Districts,bikaner district,10872424,20476634713.50974
Rajasthan,2021,4,Districts,jaipur district,115373755,189511182680.0689
Rajasthan,2021,4,Districts,jodhpur district,19989040,40715088428.708084
Rajasthan,2021,4,Districts,sikar district,17501444,37565596480.25721
Rajasthan,2021,4,Districts,bhilwara district,17384503,32692145793.762604
Rajasthan,2021,4,Districts,kota district,14750013,22981255555.343597
Rajasthan,2021,4,Districts,ajmer district,13850388,27877808533.025585
Rajasthan,2021,4,Districts,alwar district,12784851,21669715501.702213
Rajasthan,2021,4,Districts,udaipur district,12314044,19577129884.800514
Rajasthan,2021,4,Districts,dausa district,11992696,18683927012.92872
Rajasthan,2021,4,Districts,bikaner district,11491145,22835771019.034492
Rajasthan,2022,1,Districts,jaipur district,147119251,233996098444.85345
Rajasthan,2022,1,Districts,jodhpur district,26652362,53045821943.44796
Rajasthan,2022,1,Districts,bhilwara district,22897643,42750651952.98641
Rajasthan,2022,1,Districts,sikar district,22323694,45768116098.2342
Rajasthan,2022,1,Districts,kota district,19271839,28763463482.51862
Rajasthan,2022,1,Districts,ajmer district,18588745,36892363989.78632
Rajasthan,2022,1,Districts,alwar district,16896810,27452681591.786366
Rajasthan,2022,1,Districts,udaipur district,15543218,24593898630.531925
Rajasthan,2022,1,Districts,bikaner district,15384802,29909465978.193893
Rajasthan,2022,1,Districts,dausa district,15303874,22736822080.260426
Rajasthan,2022,2,Districts,jaipur district,172674289,262177373674.837
Rajasthan,2022,2,Districts,jodhpur district,30069964,56826423885.33929
Rajasthan,2022,2,Districts,sikar district,26321996,51459092817.99835
Rajasthan,2022,2,Districts,bhilwara district,25413020,47054615871.383545
Rajasthan,2022,2,Districts,kota district,23333865,34907853791.781876
Rajasthan,2022,2,Districts,ajmer district,21612622,41070334399.60816
Rajasthan,2022,2,Districts,alwar district,19009738,30134541666.715298
Rajasthan,2022,2,Districts,udaipur district,18418702,27505384293.41962
Rajasthan,2022,2,Districts,bikaner district,18189613,33578504242.04173
Rajasthan,2022,2,Districts,dausa district,16732439,25171354112.547157
Rajasthan,2022,3,Districts,jaipur district,198817077,293787006023.7676
Rajasthan,2022,3,Districts,jodhpur district,38295950,67799538940.641075
Rajasthan,2022,3,Districts,bhilwara district,31183256,51865834321.25768
Rajasthan,2022,3,Districts,sikar district,30681179,56409353054.0555
Rajasthan,2022,3,Districts,kota district,28684385,38808490544.12469
Rajasthan,2022,3,Districts,ajmer district,26085255,46551280127.56546
Rajasthan,2022,3,Districts,alwar district,22548704,32856907363.369286
Rajasthan,2022,3,Districts,bikaner district,22107614,37615621239.48953
Rajasthan,2022,3,Districts,udaipur district,20913556,30319559749.919678
Rajasthan,2022,3,Districts,jhunjhunu district,19171157,35759992689.98368
Rajasthan,2022,4,Districts,jaipur district,219882925,334840951675.11334
Rajasthan,2022,4,Districts,jodhpur district,43593833,77843958957.85075
Rajasthan,2022,4,Districts,bhilwara district,34654973,58960740760.938255
Rajasthan,2022,4,Districts,kota district,33401300,44487774829.112236
Rajasthan,2022,4,Districts,sikar district,32924291,65505120361.179245
Rajasthan,2022,4,Districts,ajmer district,29040665,53888753266.78496
Rajasthan,2022,4,Districts,alwar district,24575400,37242655946.58071
Rajasthan,2022,4,Districts,udaipur district,24262997,35414331801.341225
Rajasthan,2022,4,Districts,bikaner district,24010384,43269210790.99774
Rajasthan,2022,4,Districts,jhunjhunu district,21113214,42450187551.64982
Rajasthan,2023,1,Districts,jaipur district,238056224,365765335365.8611
Rajasthan,2023,1,Districts,jodhpur district,48871776,89095360022.26907
Rajasthan,2023,1,Districts,bhilwara district,39697144,68235315647.0014
Rajasthan,2023,1,Districts,kota district,37425483,49540085609.569046
Rajasthan,2023,1,Districts,sikar district,37210000,73212792236.37128
Rajasthan,2023,1,Districts,ajmer district,33026392,61124744023.01524
Rajasthan,2023,1,Districts,alwar district,27641073,41676642704.704346
Rajasthan,2023,1,Districts,bikaner district,27272146,48955262979.157166
Rajasthan,2023,1,Districts,udaipur district,26038911,38292756183.88184
Rajasthan,2023,1,Districts,sri ganganagar district,23470989,41960610434.6042
Rajasthan,2023,2,Districts,jaipur district,277017737,394889377766.3043
Rajasthan,2023,2,Districts,jodhpur district,55997814,96002921774.1484
Rajasthan,2023,2,Districts,bhilwara district,46129330,74625142330.45341
Rajasthan,2023,2,Districts,sikar district,43697692,79736748081.00986
Rajasthan,2023,2,Districts,kota district,42501714,57711035234.29904
Rajasthan,2023,2,Districts,ajmer district,38605505,66777771301.776405
Rajasthan,2023,2,Districts,alwar district,33129176,46248329340.65202
Rajasthan,2023,2,Districts,bikaner district,31683133,53183380992.41051
Rajasthan,2023,2,Districts,udaipur district,30036829,41782376650.8078
Rajasthan,2023,2,Districts,jhunjhunu district,27860163,49989483742.56739
Rajasthan,2023,3,Districts,jaipur district,327940307,431964297815.13696
Rajasthan,2023,3,Districts,jodhpur district,65739970,106273629982.87056
Rajasthan,2023,3,Districts,bhilwara district,51999457,78112706542.61844
Rajasthan,2023,3,Districts,kota district,50515684,59693930292.961296
Rajasthan,2023,3,Districts,sikar district,50096614,84222710207.07124
Rajasthan,2023,3,Districts,ajmer district,45236831,73163454733.74704
Rajasthan,2023,3,Districts,alwar district,38416637,48808374452.345184
Rajasthan,2023,3,Districts,bikaner district,35904789,55899414461.445435
Rajasthan,2023,3,Districts,udaipur district,34086698,45283102521.795044
Rajasthan,2023,3,Districts,jhunjhunu district,30742098,51736101735.892815
Rajasthan,2023,4,Districts,jaipur district,348392091,483760316123.80786
Rajasthan,2023,4,Districts,jodhpur district,70713686,119789181977.67316
Rajasthan,2023,4,Districts,bhilwara district,58125360,89998252145.92487
Rajasthan,2023,4,Districts,sikar district,54789655,99318009716.65552
Rajasthan,2023,4,Districts,kota district,54174805,68038440924.81496
Rajasthan,2023,4,Districts,ajmer district,50222195,84890357271.59428
Rajasthan,2023,4,Districts,alwar district,41423676,56393815531.04105
Rajasthan,2023,4,Districts,bikaner district,39268869,65303656789.56595
Rajasthan,2023,4,Districts,udaipur district,36548544,49575180825.33518
Rajasthan,2023,4,Districts,jhunjhunu district,33941681,62027043886.660355
Rajasthan,2024,1,Districts,jaipur district,400041970,534217375515.14435
Rajasthan,2024,1,Districts,jodhpur district,83990264,134541314692.50597
Rajasthan,2024,1,Districts,bhilwara district,68612567,103937968677.0955
Rajasthan,2024,1,Districts,sikar district,66021483,115464500559.12756
Rajasthan,2024,1,Districts,kota district,62237065,75175425736.31088
Rajasthan,2024,1,Districts,ajmer district,59309877,96292556296.20692
Rajasthan,2024,1,Districts,alwar district,50241009,65619213902.90304
Rajasthan,2024,1,Districts,bikaner district,47305577,75844109860.47829
Rajasthan,2024,1,Districts,udaipur district,41991528,54943403039.46875
Rajasthan,2024,1,Districts,dausa district,40003368,52388023147.34883
Rajasthan,2024,2,Districts,jaipur district,453349756,554376204692.1162
Rajasthan,2024,2,Districts,jodhpur district,96526987,141243746465.72986
Rajasthan,2024,2,Districts,bhilwara district,76305658,108121397091.62152
Rajasthan,2024,2,Districts,sikar district,74433901,120531626090.50247
Rajasthan,2024,2,Districts,kota district,67813794,82614505254.70079
Rajasthan,2024,2,Districts,ajmer district,67676158,101736602703.61284
Rajasthan,2024,2,Districts,alwar district,57116015,69020136222.89763
Rajasthan,2024,2,Districts,bikaner district,55096084,81376069883.48407
Rajasthan,2024,2,Districts,udaipur district,49127359,58170783542.616425
Rajasthan,2024,2,Districts,jhunjhunu district,44970158,73412331935.26053
Rajasthan,2024,3,Districts,jaipur district,489252970,572334424919.2976
Rajasthan,2024,3,Districts,jodhpur district,104081569,141780328490.31354
Rajasthan,2024,3,Districts,bhilwara district,81184882,105748436723.7185
Rajasthan,2024,3,Districts,sikar district,79559561,121183817707.46275
Rajasthan,2024,3,Districts,kota district,74505518,82259524880.72134
Rajasthan,2024,3,Districts,ajmer district,73088176,102587726456.25635
Rajasthan,2024,3,Districts,alwar district,59379425,67131779601.21887
Rajasthan,2024,3,Districts,bikaner district,58640342,80985649172.98816
Rajasthan,2024,3,Districts,udaipur district,51322405,59825678800.11529
Rajasthan,2024,3,Districts,sri ganganagar district,47528336,63413748299.29008
Rajasthan,2024,4,Districts,jaipur district,522715198,642301316359.4169
Rajasthan,2024,4,Districts,jodhpur district,108104300,155645801583.0372
Rajasthan,2024,4,Districts,bhilwara district,85115569,117606570263.30493
Rajasthan,2024,4,Districts,sikar district,82544878,136378181247.88747
Rajasthan,2024,4,Districts,kota district,78486018,91311908996.49347
Rajasthan,2024,4,Districts,ajmer district,77858282,116058237963.1752
Rajasthan,2024,4,Districts,alwar district,61182237,76031812555.7805
Rajasthan,2024,4,Districts,bikaner district,60583674,90892135618.43332
Rajasthan,2024,4,Districts,udaipur district,56817193,67375941360.3623
Rajasthan,2024,4,Districts,sri ganganagar district,50483157,73588445687.9466
Rajasthan,2025,1,Districts,jaipur district,522673707,641099763126.5305
Rajasthan,2025,1,Districts,jodhpur district,108722494,154104746562.41904
Rajasthan,2025,1,Districts,bhilwara district,83286270,115407471847.3497
Rajasthan,2025,1,Districts,sikar district,80473846,130182964300.98334
Rajasthan,2025,1,Districts,kota district,79003903,89184947002.02295
Rajasthan,2025,1,Districts,ajmer district,77156445,113501516854.27979
Rajasthan,2025,1,Districts,bikaner district,60105331,89013404529.42993
Rajasthan,2025,1,Districts,alwar district,59287801,74319907605.09708
Rajasthan,2025,1,Districts,udaipur district,58508136,68132274402.844124
Rajasthan,2025,1,Districts,sri ganganagar district,49843320,69694196851.73505
Rajasthan,2025,2,Districts,jaipur district,549775199,646685675908.1804
Rajasthan,2025,2,Districts,jodhpur district,115626189,156549829765.80563
Rajasthan,2025,2,Districts,bhilwara district,89083380,118619663197.1058
Rajasthan,2025,2,Districts,sikar district,87868857,134620759903.72073
Rajasthan,2025,2,Districts,ajmer district,83744720,116435149775.90097
Rajasthan,2025,2,Districts,kota district,82290095,94889527978.09996
Rajasthan,2025,2,Districts,bikaner district,66119953,93212660923.48267
Rajasthan,2025,2,Districts,alwar district,65311855,77207211609.08844
Rajasthan,2025,2,Districts,udaipur district,60367433,67506085544.82638
Rajasthan,2025,2,Districts,sri ganganagar district,53775476,76306554046.7495
Rajasthan,2025,3,Districts,jaipur district,594086757,669548598667.1113
Rajasthan,2025,3,Districts,jodhpur district,126880180,159638072951.8137
Rajasthan,2025,3,Districts,bhilwara district,95369514,113970000195.10196
Rajasthan,2025,3,Districts,sikar district,91862314,130004409393.5346
Rajasthan,2025,3,Districts,ajmer district,90417604,116867162879.42595
Rajasthan,2025,3,Districts,kota district,88718869,92438455641.28827
Rajasthan,2025,3,Districts,bikaner district,71187274,91486637277.63138
Rajasthan,2025,3,Districts,alwar district,68376298,74097659555.51839
Rajasthan,2025,3,Districts,udaipur district,65532608,71051601592.03294
Rajasthan,2025,3,Districts,sri ganganagar district,56376961,78258636909.29843
Rajasthan,2025,4,Districts,jaipur district,604913509,714417061655.709
Rajasthan,2025,4,Districts,jodhpur district,125608298,172228400492.09418
Rajasthan,2025,4,Districts,bhilwara district,97901034,126291372774.75267
Rajasthan,2025,4,Districts,ajmer district,93707671,129583288818.13112
Rajasthan,2025,4,Districts,sikar district,93447757,145189784454.28348
Rajasthan,2025,4,Districts,kota district,92974450,102129989533.34866
Rajasthan,2025,4,Districts,bikaner district,69920979,100096063708.60892
Rajasthan,2025,4,Districts,alwar district,67951112,80627308070.43529
Rajasthan,2025,4,Districts,udaipur district,66342358,76775211982.2556
Rajasthan,2025,4,Districts,sri ganganagar district,57076451,89058468727.18867
Rajasthan,2026,1,Districts,jaipur district,613042253,710313633560.9537
Rajasthan,2026,1,Districts,jodhpur district,130348077,173651207758.1962
Rajasthan,2026,1,Districts,bhilwara district,101669185,131026321332.65681
Rajasthan,2026,1,Districts,kota district,96852694,103981181927.4993
Rajasthan,2026,1,Districts,sikar district,96400715,146956818370.65305
Rajasthan,2026,1,Districts,ajmer district,95749759,131281386702.24359
Rajasthan,2026,1,Districts,bikaner district,73572719,104475212726.02356
Rajasthan,2026,1,Districts,alwar district,70178105,82110523983.47787
Rajasthan,2026,1,Districts,udaipur district,68205918,76586496532.76825
Rajasthan,2026,1,Districts,sri ganganagar district,58075429,78685352276.52097
Rajasthan,2026,2,Districts,jaipur district,637259898,720658659256.984
Rajasthan,2026,2,Districts,jodhpur district,136439834,176605696180.78513
Rajasthan,2026,2,Districts,bhilwara district,104898430,134223576735.11961
Rajasthan,2026,2,Districts,ajmer district,100906421,134326654053.7458
Rajasthan,2026,2,Districts,sikar district,100642547,148112890520.6823
Rajasthan,2026,2,Districts,kota district,99833807,111070080610.92679
Rajasthan,2026,2,Districts,bikaner district,77321307,106404957148.1881
Rajasthan,2026,2,Districts,alwar district,74083150,84832395788.10602
Rajasthan,2026,2,Districts,udaipur district,71477414,78339056044.8245
Rajasthan,2026,2,Districts,sri ganganagar district,61808283,83651200138.29233
Sikkim,2018,1,Districts,gangtok district,21040,32678157.487245895
Sikkim,2018,1,Districts,pakyong district,13897,16440014.126568016
Sikkim,2018,1,Districts,namchi district,7861,12129721.979153192
Sikkim,2018,1,Districts,mangan district,4064,6373989.127026567
Sikkim,2018,1,Districts,gyalshing district,3783,7022217.2108534165
Sikkim,2018,1,Districts,soreng district,1777,1909294.5392248142
Sikkim,2018,2,Districts,gangtok district,34801,77072601.36319347
Sikkim,2018,2,Districts,pakyong district,20903,31238415.48114772
Sikkim,2018,2,Districts,namchi district,11778,19895636.35382348
Sikkim,2018,2,Districts,gyalshing district,9146,15690460.329959068
Sikkim,2018,2,Districts,mangan district,7727,14968987.825831383
Sikkim,2018,2,Districts,soreng district,2993,6505320.31979332
Sikkim,2018,3,Districts,gangtok district,49747,114890954.94773318
Sikkim,2018,3,Districts,pakyong district,29407,52010280.01353404
Sikkim,2018,3,Districts,namchi district,17206,27948180.96831096
Sikkim,2018,3,Districts,mangan district,11777,31482994.453119226
Sikkim,2018,3,Districts,gyalshing district,10955,25942901.70844373
Sikkim,2018,3,Districts,soreng district,4942,12032026.469166454
Sikkim,2018,4,Districts,gangtok district,74593,190576949.9269052
Sikkim,2018,4,Districts,pakyong district,38426,75475347.70021765
Sikkim,2018,4,Districts,namchi district,27058,46144766.734240204
Sikkim,2018,4,Districts,mangan district,19196,61119969.17857655
Sikkim,2018,4,Districts,gyalshing district,15405,40906218.16605362
Sikkim,2018,4,Districts,soreng district,7167,17478056.32556792
Sikkim,2019,1,Districts,gangtok district,98681,219495130.1177154
Sikkim,2019,1,Districts,pakyong district,50739,92202035.55536036
Sikkim,2019,1,Districts,namchi district,39196,62523944.243675716
Sikkim,2019,1,Districts,mangan district,19034,50328007.055449136
Sikkim,2019,1,Districts,gyalshing district,16721,38235468.07816884
Sikkim,2019,1,Districts,soreng district,8660,16956983.45100863
Sikkim,2019,2,Districts,gangtok district,131058,346562037.70925325
Sikkim,2019,2,Districts,pakyong district,58803,119386566.33757046
Sikkim,2019,2,Districts,namchi district,44958,80479026.84859268
Sikkim,2019,2,Districts,mangan district,26955,75105356.95513019
Sikkim,2019,2,Districts,gyalshing district,24687,59962871.65962055
Sikkim,2019,2,Districts,soreng district,11971,26901337.791271105
Sikkim,2019,3,Districts,gangtok district,143054,361009080.8714105
Sikkim,2019,3,Districts,pakyong district,70043,144408448.5981237
Sikkim,2019,3,Districts,namchi district,50246,102901121.54926284
Sikkim,2019,3,Districts,mangan district,33137,93318480.99894819
Sikkim,2019,3,Districts,gyalshing district,23876,60481614.52499994
Sikkim,2019,3,Districts,soreng district,13345,29196222.723354317
Sikkim,2019,4,Districts,gangtok district,174904,468260037.41066694
Sikkim,2019,4,Districts,pakyong district,84346,173093089.80672264
Sikkim,2019,4,Districts,namchi district,62437,124845159.80902693
Sikkim,2019,4,Districts,mangan district,38472,114664603.466777
Sikkim,2019,4,Districts,gyalshing district,29916,79104143.61516741
Sikkim,2019,4,Districts,soreng district,19012,44388128.65544608
Sikkim,2020,1,Districts,gangtok district,195540,477805238.52954537
Sikkim,2020,1,Districts,pakyong district,99128,193852546.57011425
Sikkim,2020,1,Districts,namchi district,69012,141275747.75529048
Sikkim,2020,1,Districts,mangan district,40474,112700665.25085962
Sikkim,2020,1,Districts,gyalshing district,33973,89740212.34091383
Sikkim,2020,1,Districts,soreng district,21450,44873338.771104366
Sikkim,2020,2,Districts,gangtok district,219905,503245024.89015436
Sikkim,2020,2,Districts,pakyong district,111406,228587815.7012199
Sikkim,2020,2,Districts,namchi district,87195,154380427.0647127
Sikkim,2020,2,Districts,mangan district,53640,165205961.6066362
Sikkim,2020,2,Districts,gyalshing district,44473,100508294.97614631
Sikkim,2020,2,Districts,soreng district,30750,54476500.47363645
Sikkim,2020,3,Districts,gangtok district,265721,654332373.3785566
Sikkim,2020,3,Districts,pakyong district,121186,258920943.24598783
Sikkim,2020,3,Districts,namchi district,98094,212454050.2592232
Sikkim,2020,3,Districts,mangan district,67289,212954383.4796918
Sikkim,2020,3,Districts,gyalshing district,51509,132440134.70032212
Sikkim,2020,3,Districts,soreng district,35778,72259604.45399457
Sikkim,2020,4,Districts,gangtok district,329563,901158985.3214684
Sikkim,2020,4,Districts,pakyong district,142810,332510003.77852106
Sikkim,2020,4,Districts,namchi district,116465,283130670.6085068
Sikkim,2020,4,Districts,mangan district,90318,295365406.5380612
Sikkim,2020,4,Districts,gyalshing district,59137,174102633.72053522
Sikkim,2020,4,Districts,soreng district,40042,99690359.28793111
Sikkim,2021,1,Districts,gangtok district,393317,1133478250.7648017
Sikkim,2021,1,Districts,pakyong district,165118,394908034.7119078
Sikkim,2021,1,Districts,namchi district,128526,324104076.03552026
Sikkim,2021,1,Districts,mangan district,87179,280628963.0599532
Sikkim,2021,1,Districts,gyalshing district,63664,198284491.1613498
Sikkim,2021,1,Districts,soreng district,41889,109410304.45412153
Sikkim,2021,2,Districts,gangtok district,444817,1134568048.772502
Sikkim,2021,2,Districts,pakyong district,203763,436575430.2809372
Sikkim,2021,2,Districts,namchi district,170752,373085053.7401516
Sikkim,2021,2,Districts,mangan district,111328,342897577.14944804
Sikkim,2021,2,Districts,gyalshing district,78161,206184428.64105088
Sikkim,2021,2,Districts,soreng district,55998,114590410.4494222
Sikkim,2021,3,Districts,gangtok district,563477,1490458793.1942856
Sikkim,2021,3,Districts,pakyong district,246002,529294873.2222116
Sikkim,2021,3,Districts,namchi district,199842,437594698.31561667
Sikkim,2021,3,Districts,mangan district,133010,426512267.7453066
Sikkim,2021,3,Districts,gyalshing district,93059,265629343.01222596
Sikkim,2021,3,Districts,soreng district,59753,135687976.49684805
Sikkim,2021,4,Districts,gangtok district,704465,1915699421.9034514
Sikkim,2021,4,Districts,pakyong district,260688,567268670.8203237
Sikkim,2021,4,Districts,namchi district,222372,507467916.1697203
Sikkim,2021,4,Districts,mangan district,147768,467102378.77361286
Sikkim,2021,4,Districts,gyalshing district,102936,324995432.8006184
Sikkim,2021,4,Districts,soreng district,59862,147175925.775904
Sikkim,2022,1,Districts,gangtok district,839825,2104932203.7391622
Sikkim,2022,1,Districts,pakyong district,341933,720888335.7354141
Sikkim,2022,1,Districts,namchi district,291269,639241737.5176964
Sikkim,2022,1,Districts,mangan district,161325,498389838.7963597
Sikkim,2022,1,Districts,gyalshing district,124619,375456869.8393285
Sikkim,2022,1,Districts,soreng district,75563,188721680.63855743
Sikkim,2022,2,Districts,gangtok district,1175001,2957011584.8879313
Sikkim,2022,2,Districts,pakyong district,451030,845024197.7097942
Sikkim,2022,2,Districts,namchi district,392936,775566952.5257427
Sikkim,2022,2,Districts,mangan district,232328,691670110.1935778
Sikkim,2022,2,Districts,gyalshing district,161446,477223795.68831056
Sikkim,2022,2,Districts,soreng district,99499,220468316.6275137
Sikkim,2022,3,Districts,gangtok district,1325951,2810097473.703782
Sikkim,2022,3,Districts,pakyong district,526062,915462261.1611892
Sikkim,2022,3,Districts,namchi district,474085,862030829.3355535
Sikkim,2022,3,Districts,mangan district,284894,778643648.2186253
Sikkim,2022,3,Districts,gyalshing district,177497,458661095.67587346
Sikkim,2022,3,Districts,soreng district,115976,239394345.39323848
Sikkim,2022,4,Districts,gangtok district,1511824,3217785620.415764
Sikkim,2022,4,Districts,pakyong district,556214,942738139.513803
Sikkim,2022,4,Districts,namchi district,497936,868912140.5861398
Sikkim,2022,4,Districts,mangan district,307257,797839296.425668
Sikkim,2022,4,Districts,gyalshing district,194536,519919623.50576955
Sikkim,2022,4,Districts,soreng district,125161,264379354.3782848
Sikkim,2023,1,Districts,gangtok district,1618811,3271492748.6249704
Sikkim,2023,1,Districts,pakyong district,611317,1017560041.5084554
Sikkim,2023,1,Districts,namchi district,546562,929111327.2650282
Sikkim,2023,1,Districts,mangan district,289282,696508506.9534726
Sikkim,2023,1,Districts,gyalshing district,204570,524050752.0905665
Sikkim,2023,1,Districts,soreng district,130957,269637751.7973783
Sikkim,2023,2,Districts,gangtok district,2173204,4370356912.166086
Sikkim,2023,2,Districts,pakyong district,721662,1152731485.0547092
Sikkim,2023,2,Districts,namchi district,702190,1095518585.5843832
Sikkim,2023,2,Districts,mangan district,400362,973473181.0173272
Sikkim,2023,2,Districts,gyalshing district,270242,646541760.8124303
Sikkim,2023,2,Districts,soreng district,169942,308714229.9925824
Sikkim,2023,3,Districts,gangtok district,2243063,3855598098.6421337
Sikkim,2023,3,Districts,pakyong district,802062,1178800838.8475957
Sikkim,2023,3,Districts,namchi district,791955,1134237126.0860925
Sikkim,2023,3,Districts,mangan district,425582,942380693.3038595
Sikkim,2023,3,Districts,gyalshing district,282760,562802493.7751234
Sikkim,2023,3,Districts,soreng district,194739,329302939.1724667
Sikkim,2023,4,Districts,gangtok district,2333837,4175795902.4630775
Sikkim,2023,4,Districts,pakyong district,831609,1296420256.2616105
Sikkim,2023,4,Districts,namchi district,808647,1232347597.7276993
Sikkim,2023,4,Districts,mangan district,353161,824870377.5802575
Sikkim,2023,4,Districts,gyalshing district,314530,652161828.0353351
Sikkim,2023,4,Districts,soreng district,200717,375831323.0203254
Sikkim,2024,1,Districts,gangtok district,2714897,4577184282.773624
Sikkim,2024,1,Districts,pakyong district,1018421,1442180244.3210304
Sikkim,2024,1,Districts,namchi district,948716,1344778549.3289194
Sikkim,2024,1,Districts,mangan district,468850,938597815.1536409
Sikkim,2024,1,Districts,gyalshing district,361188,666367918.6203076
Sikkim,2024,1,Districts,soreng district,223805,377884005.4533874
Sikkim,2024,2,Districts,gangtok district,3411239,5708871152.18237
Sikkim,2024,2,Districts,namchi district,1190375,1499325176.8527226
Sikkim,2024,2,Districts,pakyong district,1187850,1570383922.3825393
Sikkim,2024,2,Districts,mangan district,554483,1095019107.424887
Sikkim,2024,2,Districts,gyalshing district,486739,845581384.143569
Sikkim,2024,2,Districts,soreng district,295318,444871535.0389306
Sikkim,2024,3,Districts,gangtok district,3625774,5145518403.080811
Sikkim,2024,3,Districts,namchi district,1377253,1574391113.2479746
Sikkim,2024,3,Districts,pakyong district,1336358,1594364431.9075623
Sikkim,2024,3,Districts,mangan district,617476,1146932725.907859
Sikkim,2024,3,Districts,gyalshing district,519065,718281794.0582117
Sikkim,2024,3,Districts,soreng district,361909,468626084.56092787
Sikkim,2024,4,Districts,gangtok district,4228485,6190797936.952543
Sikkim,2024,4,Districts,namchi district,1566639,1880748309.156271
Sikkim,2024,4,Districts,pakyong district,1456844,1829069511.6906395
Sikkim,2024,4,Districts,mangan district,718418,1293745653.7631545
Sikkim,2024,4,Districts,gyalshing district,640105,960719485.3609493
Sikkim,2024,4,Districts,soreng district,411485,558739015.9827747
Sikkim,2025,1,Districts,gangtok district,4552142,6093187185.425668
Sikkim,2025,1,Districts,namchi district,1751675,1955207603.5917854
Sikkim,2025,1,Districts,pakyong district,1584153,1840301250.5781093
Sikkim,2025,1,Districts,mangan district,749610,1231138422.516947
Sikkim,2025,1,Districts,gyalshing district,722367,957353422.1393523
Sikkim,2025,1,Districts,soreng district,492523,603279390.5572493
Sikkim,2025,2,Districts,gangtok district,5227454,7134146270.479297
Sikkim,2025,2,Districts,namchi district,1994408,2074208295.8497975
Sikkim,2025,2,Districts,pakyong district,1697098,1891457727.4442382
Sikkim,2025,2,Districts,gyalshing district,838778,1116792229.2532442
Sikkim,2025,2,Districts,mangan district,835558,1322868707.2184615
Sikkim,2025,2,Districts,soreng district,563539,660072426.9662788
Sikkim,2025,3,Districts,gangtok district,5359001,6530856001.964493
Sikkim,2025,3,Districts,namchi district,2184989,2204292059.3937025
Sikkim,2025,3,Districts,pakyong district,1932042,1990812200.6552408
Sikkim,2025,3,Districts,mangan district,915846,1412911061.7047913
Sikkim,2025,3,Districts,gyalshing district,872694,1035030498.529758
Sikkim,2025,3,Districts,soreng district,617254,698759295.2729295
Sikkim,2025,4,Districts,gangtok district,5559207,6936780692.562286
Sikkim,2025,4,Districts,namchi district,2128673,2202941024.361834
Sikkim,2025,4,Districts,pakyong district,1893022,1999529647.476934
Sikkim,2025,4,Districts,mangan district,1038404,1541168597.603962
Sikkim,2025,4,Districts,gyalshing district,875308,1110020283.9521601
Sikkim,2025,4,Districts,soreng district,627576,751997965.1465856
Sikkim,2026,1,Districts,gangtok district,6026537,7573634445.905567
Sikkim,2026,1,Districts,namchi district,2347901,2482945232.3520327
Sikkim,2026,1,Districts,pakyong district,2119252,2218479470.3374166
Sikkim,2026,1,Districts,mangan district,1126612,1661139194.8840628
Sikkim,2026,1,Districts,gyalshing district,963303,1211916408.4182985
Sikkim,2026,1,Districts,soreng district,704199,819226257.6117101
Sikkim,2026,2,Districts,gangtok district,7028410,9043265131.132269
Sikkim,2026,2,Districts,namchi district,2590504,2693086086.952422
Sikkim,2026,2,Districts,pakyong district,2197973,2271115002.1676407
Sikkim,2026,2,Districts,mangan district,1242933,1910234174.7874491
Sikkim,2026,2,Districts,gyalshing district,1119535,1446820127.8332074
Sikkim,2026,2,Districts,soreng district,776889,890112927.5835917
Tamil Nadu,2018,1,Districts,chennai district,1307629,2614151797.1822224
Tamil Nadu,2018,1,Districts,chengalpattu district,534905,961805925.8246537
Tamil Nadu,2018,1,Districts,coimbatore district,389938,706314447.0174074
Tamil Nadu,2018,1,Districts,tiruvallur district,274757,437058052.26539934
Tamil Nadu,2018,1,Districts,tiruppur district,227495,416440076.3836552
Tamil Nadu,2018,1,Districts,salem district,187883,330115141.40370107
Tamil Nadu,2018,1,Districts,kancheepuram district,166436,247650229.5848018
Tamil Nadu,2018,1,Districts,krishnagiri district,141796,233011617.26696187
Tamil Nadu,2018,1,Districts,madurai district,135812,242005601.2816776
Tamil Nadu,2018,1,Districts,tiruchirappalli district,129855,232409240.0095663
Tamil Nadu,2018,2,Districts,chennai district,1858210,4192316089.780017
Tamil Nadu,2018,2,Districts,chengalpattu district,757700,1564500345.2896335
Tamil Nadu,2018,2,Districts,coimbatore district,561605,1214407821.0835092
Tamil Nadu,2018,2,Districts,tiruvallur district,394580,783860419.25498
Tamil Nadu,2018,2,Districts,tiruppur district,347929,760945264.4801341
Tamil Nadu,2018,2,Districts,salem district,264196,595541263.3774335
Tamil Nadu,2018,2,Districts,kancheepuram district,227679,421282309.6719291
Tamil Nadu,2018,2,Districts,krishnagiri district,215364,463161178.39696246
Tamil Nadu,2018,2,Districts,madurai district,212184,468602192.6264174
Tamil Nadu,2018,2,Districts,tiruchirappalli district,188521,418310935.41394967
Tamil Nadu,2018,3,Districts,chennai district,2757799,5906073972.546623
Tamil Nadu,2018,3,Districts,chengalpattu district,1161879,2216016576.054366
Tamil Nadu,2018,3,Districts,coimbatore district,880982,1833047340.7041278
Tamil Nadu,2018,3,Districts,tiruvallur district,611654,1167075758.9930184
Tamil Nadu,2018,3,Districts,tiruppur district,534273,1177284368.215113
Tamil Nadu,2018,3,Districts,kancheepuram district,387209,643483458.8797808
Tamil Nadu,2018,3,Districts,salem district,382549,836349007.4934442
Tamil Nadu,2018,3,Districts,krishnagiri district,360764,737023279.3709178
Tamil Nadu,2018,3,Districts,madurai district,300649,707219569.7914318
Tamil Nadu,2018,3,Districts,thanjavur district,289004,426460754.0525245
Tamil Nadu,2018,4,Districts,chennai district,4721520,8780122385.357363
Tamil Nadu,2018,4,Districts,chengalpattu district,1740204,3126973969.3573
Tamil Nadu,2018,4,Districts,coimbatore district,1295443,2684564417.370154
Tamil Nadu,2018,4,Districts,tiruvallur district,999726,1820594480.812395
Tamil Nadu,2018,4,Districts,tiruppur district,765904,1670650649.3167453
Tamil Nadu,2018,4,Districts,kancheepuram district,595207,982555967.1541938
Tamil Nadu,2018,4,Districts,salem district,589791,1270513087.6006649
Tamil Nadu,2018,4,Districts,krishnagiri district,535421,1109987489.8248851
Tamil Nadu,2018,4,Districts,madurai district,486137,1099675609.7330592
Tamil Nadu,2018,4,Districts,tiruchirappalli district,456207,986298674.8013635
Tamil Nadu,2019,1,Districts,chennai district,7324756,12681445208.439163
Tamil Nadu,2019,1,Districts,chengalpattu district,2974038,4707004079.80655
Tamil Nadu,2019,1,Districts,coimbatore district,1746630,3451105040.695765
Tamil Nadu,2019,1,Districts,tiruvallur district,1574499,2573667233.653181
Tamil Nadu,2019,1,Districts,kancheepuram district,1000975,1397121106.3616104
Tamil Nadu,2019,1,Districts,tiruppur district,944571,2005666741.7211795
Tamil Nadu,2019,1,Districts,krishnagiri district,803877,1524802612.3237164
Tamil Nadu,2019,1,Districts,salem district,753917,1650663428.2026165
Tamil Nadu,2019,1,Districts,madurai district,682121,1465560986.8827233
Tamil Nadu,2019,1,Districts,tiruchirappalli district,630805,1308679306.6840048
Tamil Nadu,2019,2,Districts,chennai district,9226612,16657935608.96564
Tamil Nadu,2019,2,Districts,chengalpattu district,3873145,6321561339.5674715
Tamil Nadu,2019,2,Districts,coimbatore district,2161274,4511623929.456181
Tamil Nadu,2019,2,Districts,tiruvallur district,1927894,3565096431.196279
Tamil Nadu,2019,2,Districts,tiruppur district,1122409,2477651177.723336
Tamil Nadu,2019,2,Districts,kancheepuram district,1062975,1759603703.3278782
Tamil Nadu,2019,2,Districts,krishnagiri district,939249,2087460343.2523174
Tamil Nadu,2019,2,Districts,salem district,903780,2084035027.0795465
Tamil Nadu,2019,2,Districts,madurai district,855000,1957387580.735115
Tamil Nadu,2019,2,Districts,tiruchirappalli district,747550,1687641777.8414383
Tamil Nadu,2019,3,Districts,chennai district,12497189,20603698079.666527
Tamil Nadu,2019,3,Districts,chengalpattu district,5723618,8025954546.777731
Tamil Nadu,2019,3,Districts,coimbatore district,3143480,5849450135.589418
Tamil Nadu,2019,3,Districts,tiruvallur district,2539272,4347096041.654097
Tamil Nadu,2019,3,Districts,tiruppur district,1405517,3122593694.2127333
Tamil Nadu,2019,3,Districts,kancheepuram district,1317839,2174995363.8691406
Tamil Nadu,2019,3,Districts,krishnagiri district,1156346,2622310627.574534
Tamil Nadu,2019,3,Districts,salem district,1108035,2583558744.6387453
Tamil Nadu,2019,3,Districts,madurai district,1046738,2387414277.270173
Tamil Nadu,2019,3,Districts,vellore district,951563,1447962230.2646909
Tamil Nadu,2019,4,Districts,chennai district,16399824,25773717552.33611
Tamil Nadu,2019,4,Districts,chengalpattu district,7694378,10096435681.70027
Tamil Nadu,2019,4,Districts,coimbatore district,4451923,7520728470.23882
Tamil Nadu,2019,4,Districts,tiruvallur district,3165643,5393198104.690571
Tamil Nadu,2019,4,Districts,tiruppur district,1785814,3943950738.955751
Tamil Nadu,2019,4,Districts,kancheepuram district,1710039,2665041613.390709
Tamil Nadu,2019,4,Districts,krishnagiri district,1674877,3535477568.78158
Tamil Nadu,2019,4,Districts,salem district,1487614,3421077625.411303
Tamil Nadu,2019,4,Districts,madurai district,1395833,3115577190.234308
Tamil Nadu,2019,4,Districts,vellore district,1310129,1925034469.8410625
Tamil Nadu,2020,1,Districts,chennai district,18915185,29006299094.060574
Tamil Nadu,2020,1,Districts,chengalpattu district,8914412,11568537223.0205
Tamil Nadu,2020,1,Districts,coimbatore district,5630054,8634344512.845072
Tamil Nadu,2020,1,Districts,tiruvallur district,3744170,6228006536.806984
Tamil Nadu,2020,1,Districts,krishnagiri district,2182832,4229699521.3914585
Tamil Nadu,2020,1,Districts,tiruppur district,2133566,4381631076.915211
Tamil Nadu,2020,1,Districts,kancheepuram district,2023768,2968603251.2577624
Tamil Nadu,2020,1,Districts,salem district,1832026,4011548355.035343
Tamil Nadu,2020,1,Districts,madurai district,1705829,3647672062.4664235
Tamil Nadu,2020,1,Districts,vellore district,1564928,2317002639.3485966
Tamil Nadu,2020,2,Districts,chennai district,9051786,15857219572.55263
Tamil Nadu,2020,2,Districts,chengalpattu district,4254564,6835832874.790872
Tamil Nadu,2020,2,Districts,coimbatore district,3666402,6137094099.449131
Tamil Nadu,2020,2,Districts,tiruvallur district,2875063,5146500489.819999
Tamil Nadu,2020,2,Districts,krishnagiri district,2206164,3733505716.509859
Tamil Nadu,2020,2,Districts,salem district,2014950,3731241624.728444
Tamil Nadu,2020,2,Districts,tiruppur district,1886994,3313600158.811974
Tamil Nadu,2020,2,Districts,madurai district,1768928,3391158733.4494257
Tamil Nadu,2020,2,Districts,tiruchirappalli district,1499472,2871815393.233783
Tamil Nadu,2020,2,Districts,kancheepuram district,1249794,1936638730.032668
Tamil Nadu,2020,3,Districts,chennai district,13747280,25193638981.76475
Tamil Nadu,2020,3,Districts,chengalpattu district,6144951,10244019756.24995
Tamil Nadu,2020,3,Districts,coimbatore district,5920065,10746336404.492529
Tamil Nadu,2020,3,Districts,tiruvallur district,4007778,7878754421.131082
Tamil Nadu,2020,3,Districts,krishnagiri district,3457539,6630936639.203097
Tamil Nadu,2020,3,Districts,tiruppur district,3112168,6563779578.957603
Tamil Nadu,2020,3,Districts,salem district,2701332,5904567585.274364
Tamil Nadu,2020,3,Districts,madurai district,2350269,5297950214.678282
Tamil Nadu,2020,3,Districts,kancheepuram district,1996176,3411374462.889557
Tamil Nadu,2020,3,Districts,tiruchirappalli district,1989464,4392632304.8580265
Tamil Nadu,2020,4,Districts,chennai district,25583359,40926510321.163956
Tamil Nadu,2020,4,Districts,chengalpattu district,10736129,15701635170.336933
Tamil Nadu,2020,4,Districts,coimbatore district,9744769,16369810209.627007
Tamil Nadu,2020,4,Districts,tiruvallur district,6511096,11535991931.039137
Tamil Nadu,2020,4,Districts,krishnagiri district,5842260,10778210360.100668
Tamil Nadu,2020,4,Districts,tiruppur district,4777177,9507527420.858305
Tamil Nadu,2020,4,Districts,salem district,3994281,8749114969.450052
Tamil Nadu,2020,4,Districts,kancheepuram district,3493358,5368957639.0310545
Tamil Nadu,2020,4,Districts,madurai district,3422268,7426618641.61513
Tamil Nadu,2020,4,Districts,tiruchirappalli district,2854461,6131161043.819539
Tamil Nadu,2021,1,Districts,chennai district,32453166,49891501467.22917
Tamil Nadu,2021,1,Districts,chengalpattu district,13671665,19313648450.11529
Tamil Nadu,2021,1,Districts,coimbatore district,12461974,19659579079.25413
Tamil Nadu,2021,1,Districts,tiruvallur district,8113518,13969377017.946009
Tamil Nadu,2021,1,Districts,krishnagiri district,6786154,12212992941.359226
Tamil Nadu,2021,1,Districts,tiruppur district,5730830,11343519945.036596
Tamil Nadu,2021,1,Districts,salem district,4676060,10564185488.035156
Tamil Nadu,2021,1,Districts,kancheepuram district,4337496,6527275392.2501955
Tamil Nadu,2021,1,Districts,madurai district,3860040,8571650209.010701
Tamil Nadu,2021,1,Districts,tiruchirappalli district,3208896,7119946371.758154
Tamil Nadu,2021,2,Districts,chennai district,29007025,46775567113.44436
Tamil Nadu,2021,2,Districts,chengalpattu district,12721555,19057203088.9358
Tamil Nadu,2021,2,Districts,coimbatore district,11522187,18659295107.90069
Tamil Nadu,2021,2,Districts,tiruvallur district,8585778,15125789631.578045
Tamil Nadu,2021,2,Districts,krishnagiri district,7731222,13587473097.696123
Tamil Nadu,2021,2,Districts,tiruppur district,6015387,10839154625.78774
Tamil Nadu,2021,2,Districts,salem district,5447053,11253713221.73805
Tamil Nadu,2021,2,Districts,madurai district,4391511,9242095345.8872
Tamil Nadu,2021,2,Districts,kancheepuram district,4352040,6493994486.450013
Tamil Nadu,2021,2,Districts,tiruchirappalli district,3637023,7476373340.578151
Tamil Nadu,2021,3,Districts,chennai district,42299460,65958968353.312675
Tamil Nadu,2021,3,Districts,chengalpattu district,17768037,25742774568.55109
Tamil Nadu,2021,3,Districts,coimbatore district,17345498,27686780267.43099
Tamil Nadu,2021,3,Districts,tiruvallur district,11833075,19933237296.07021
Tamil Nadu,2021,3,Districts,krishnagiri district,10885833,19126780533.764465
Tamil Nadu,2021,3,Districts,tiruppur district,10001784,17924449956.247414
Tamil Nadu,2021,3,Districts,salem district,7622869,16080932222.650517
Tamil Nadu,2021,3,Districts,kancheepuram district,6122932,9023355602.488876
Tamil Nadu,2021,3,Districts,madurai district,5897696,12740373188.226608
Tamil Nadu,2021,3,Districts,tiruchirappalli district,4821800,10095132432.45379
Tamil Nadu,2021,4,Districts,chennai district,44948712,68054747730.16215
Tamil Nadu,2021,4,Districts,coimbatore district,20075280,29917078506.972153
Tamil Nadu,2021,4,Districts,chengalpattu district,18923521,26351448262.923515
Tamil Nadu,2021,4,Districts,tiruvallur district,12766632,20311597260.117714
Tamil Nadu,2021,4,Districts,krishnagiri district,12001129,20608133436.170284
Tamil Nadu,2021,4,Districts,tiruppur district,11365435,18890447560.155155
Tamil Nadu,2021,4,Districts,salem district,8552695,17318969126.997517
Tamil Nadu,2021,4,Districts,kancheepuram district,6412663,9195413466.265871
Tamil Nadu,2021,4,Districts,madurai district,6376380,13430750972.835333
Tamil Nadu,2021,4,Districts,tiruchirappalli district,5365606,10725502801.975111
Tamil Nadu,2022,1,Districts,chennai district,57348036,86319322136.36763
Tamil Nadu,2022,1,Districts,coimbatore district,24762708,36896369128.06597
Tamil Nadu,2022,1,Districts,chengalpattu district,23842514,33626341319.156906
Tamil Nadu,2022,1,Districts,tiruvallur district,15936831,26215526995.76104
Tamil Nadu,2022,1,Districts,krishnagiri district,15304245,26278674833.027866
Tamil Nadu,2022,1,Districts,tiruppur district,14646552,23853883246.610374
Tamil Nadu,2022,1,Districts,salem district,11011851,22923294295.814995
Tamil Nadu,2022,1,Districts,kancheepuram district,8163646,12144971530.784206
Tamil Nadu,2022,1,Districts,madurai district,8041773,17167697687.374485
Tamil Nadu,2022,1,Districts,tiruchirappalli district,6785878,13673862774.548908
Tamil Nadu,2022,2,Districts,chennai district,70502423,100918116075.22911
Tamil Nadu,2022,2,Districts,coimbatore district,30443555,42975439725.704704
Tamil Nadu,2022,2,Districts,chengalpattu district,30077037,39870027291.17981
Tamil Nadu,2022,2,Districts,tiruvallur district,19236473,30123631698.745296
Tamil Nadu,2022,2,Districts,krishnagiri district,18381471,31600715397.072258
Tamil Nadu,2022,2,Districts,tiruppur district,18071841,27391028313.627552
Tamil Nadu,2022,2,Districts,salem district,13363849,26446894526.49068
Tamil Nadu,2022,2,Districts,kancheepuram district,9753790,13958104112.866531
Tamil Nadu,2022,2,Districts,madurai district,9495295,19429773814.679733
Tamil Nadu,2022,2,Districts,tiruchirappalli district,8021215,15394080796.584803
Tamil Nadu,2022,3,Districts,chennai district,84857959,117658701076.08087
Tamil Nadu,2022,3,Districts,coimbatore district,35785891,49083246331.89113
Tamil Nadu,2022,3,Districts,chengalpattu district,35626582,46206520529.05505
Tamil Nadu,2022,3,Districts,tiruvallur district,22622828,34418273161.76018
Tamil Nadu,2022,3,Districts,krishnagiri district,22321177,36837488593.70749
Tamil Nadu,2022,3,Districts,tiruppur district,22021386,31141968306.461086
Tamil Nadu,2022,3,Districts,salem district,16129851,30839455349.28011
Tamil Nadu,2022,3,Districts,kancheepuram district,11764637,15502118448.9751
Tamil Nadu,2022,3,Districts,madurai district,11261157,22478929578.23575
Tamil Nadu,2022,3,Districts,erode district,9429247,16024493872.727486
Tamil Nadu,2022,4,Districts,chennai district,88869398,119782839287.8223
Tamil Nadu,2022,4,Districts,chengalpattu district,38224393,47380980033.065216
Tamil Nadu,2022,4,Districts,coimbatore district,38151693,50741825272.850395
Tamil Nadu,2022,4,Districts,krishnagiri district,24613752,39504139053.91902
Tamil Nadu,2022,4,Districts,tiruvallur district,24081041,34878791595.26242
Tamil Nadu,2022,4,Districts,tiruppur district,23027145,31572189221.47918
Tamil Nadu,2022,4,Districts,salem district,17788859,33018477798.45833
Tamil Nadu,2022,4,Districts,kancheepuram district,12758204,15929315481.192196
Tamil Nadu,2022,4,Districts,madurai district,12369027,23803249863.825542
Tamil Nadu,2022,4,Districts,tiruchirappalli district,10200661,18441862136.88437
Tamil Nadu,2023,1,Districts,chennai district,96520353,127629662395.27496
Tamil Nadu,2023,1,Districts,chengalpattu district,41053289,50724986023.41487
Tamil Nadu,2023,1,Districts,coimbatore district,39684437,52103589499.12971
Tamil Nadu,2023,1,Districts,krishnagiri district,26957834,42832257956.6164
Tamil Nadu,2023,1,Districts,tiruvallur district,25737256,37159473431.75028
Tamil Nadu,2023,1,Districts,tiruppur district,23362834,31773479107.77348
Tamil Nadu,2023,1,Districts,salem district,19332478,35683822664.44787
Tamil Nadu,2023,1,Districts,kancheepuram district,13362295,16554206297.457325
Tamil Nadu,2023,1,Districts,madurai district,13310221,25062560457.970474
Tamil Nadu,2023,1,Districts,dharmapuri district,11536751,21785378444.48247
Tamil Nadu,2023,2,Districts,chennai district,104045006,137634636284.17075
Tamil Nadu,2023,2,Districts,chengalpattu district,44075510,54694751920.44704
Tamil Nadu,2023,2,Districts,coimbatore district,42098563,56129371392.47315
Tamil Nadu,2023,2,Districts,krishnagiri district,30298123,48828998332.6662
Tamil Nadu,2023,2,Districts,tiruvallur district,27936370,40146072015.91321
Tamil Nadu,2023,2,Districts,tiruppur district,25533005,34620495592.77589
Tamil Nadu,2023,2,Districts,salem district,20932152,38714010758.688736
Tamil Nadu,2023,2,Districts,kancheepuram district,14531430,17711926720.898567
Tamil Nadu,2023,2,Districts,madurai district,14098678,26967584053.060448
Tamil Nadu,2023,2,Districts,dharmapuri district,12380864,23716503586.48297
Tamil Nadu,2023,3,Districts,chennai district,115145418,147146354132.4966
Tamil Nadu,2023,3,Districts,chengalpattu district,48929816,59263647864.56183
Tamil Nadu,2023,3,Districts,coimbatore district,46959237,60892986512.49237
Tamil Nadu,2023,3,Districts,krishnagiri district,34135598,52179066297.286545
Tamil Nadu,2023,3,Districts,tiruvallur district,31468294,43098703500.109634
Tamil Nadu,2023,3,Districts,tiruppur district,30325571,38306085978.27433
Tamil Nadu,2023,3,Districts,salem district,22842844,40867955500.648476
Tamil Nadu,2023,3,Districts,kancheepuram district,16395624,19262182236.20875
Tamil Nadu,2023,3,Districts,madurai district,15399891,28437329656.331944
Tamil Nadu,2023,3,Districts,dharmapuri district,13358870,25041123663.56739
Tamil Nadu,2023,4,Districts,chennai district,112440352,145864540164.91727
Tamil Nadu,2023,4,Districts,coimbatore district,49911028,63354849438.532646
Tamil Nadu,2023,4,Districts,chengalpattu district,49570889,59517117512.53506
Tamil Nadu,2023,4,Districts,krishnagiri district,38405991,57939453760.44208
Tamil Nadu,2023,4,Districts,tiruppur district,33506856,40373012965.81902
Tamil Nadu,2023,4,Districts,tiruvallur district,32665159,43892559028.93518
Tamil Nadu,2023,4,Districts,salem district,25755067,44730612641.1387
Tamil Nadu,2023,4,Districts,kancheepuram district,17445275,19864964073.40865
Tamil Nadu,2023,4,Districts,madurai district,16925141,30285537925.433624
Tamil Nadu,2023,4,Districts,dharmapuri district,15588295,28317578673.759212
Tamil Nadu,2024,1,Districts,chennai district,119487934,150015742993.14514
Tamil Nadu,2024,1,Districts,chengalpattu district,52721074,61770854282.50027
Tamil Nadu,2024,1,Districts,coimbatore district,52024759,63604671194.868576
Tamil Nadu,2024,1,Districts,krishnagiri district,42413415,61255615187.45222
Tamil Nadu,2024,1,Districts,tiruppur district,37042645,42262016772.255875
Tamil Nadu,2024,1,Districts,tiruvallur district,35660965,46614817950.692245
Tamil Nadu,2024,1,Districts,salem district,27834105,47194365811.380745
Tamil Nadu,2024,1,Districts,kancheepuram district,18934767,20811958633.10618
Tamil Nadu,2024,1,Districts,madurai district,17960822,31125093233.327446
Tamil Nadu,2024,1,Districts,dharmapuri district,17879062,31469384457.208134
Tamil Nadu,2024,2,Districts,chennai district,130396598,158672270169.65805
Tamil Nadu,2024,2,Districts,chengalpattu district,56926729,65647552419.1525
Tamil Nadu,2024,2,Districts,coimbatore district,56215750,67574308933.80397
Tamil Nadu,2024,2,Districts,krishnagiri district,47511039,68692652054.69418
Tamil Nadu,2024,2,Districts,tiruppur district,42391295,46229508768.45261
Tamil Nadu,2024,2,Districts,tiruvallur district,39353864,50468565373.321655
Tamil Nadu,2024,2,Districts,salem district,30629645,50093515444.21398
Tamil Nadu,2024,2,Districts,kancheepuram district,20854247,22251214737.707336
Tamil Nadu,2024,2,Districts,dharmapuri district,19629319,33768922962.354393
Tamil Nadu,2024,2,Districts,madurai district,19531520,33378323449.13048
Tamil Nadu,2024,3,Districts,chennai district,143485928,169949523048.95374
Tamil Nadu,2024,3,Districts,chengalpattu district,63796344,71625581695.5071
Tamil Nadu,2024,3,Districts,coimbatore district,62471216,73089981455.40233
Tamil Nadu,2024,3,Districts,krishnagiri district,52546785,73369187973.23816
Tamil Nadu,2024,3,Districts,tiruppur district,48954498,50743500795.430046
Tamil Nadu,2024,3,Districts,tiruvallur district,44221593,54049813742.83156
Tamil Nadu,2024,3,Districts,salem district,33272660,52783373244.20255
Tamil Nadu,2024,3,Districts,kancheepuram district,23700940,24353096821.577663
Tamil Nadu,2024,3,Districts,dharmapuri district,21410632,36041070141.25801
Tamil Nadu,2024,3,Districts,madurai district,21308780,35263740729.99184
Tamil Nadu,2024,4,Districts,chennai district,144618851,169166800088.06607
Tamil Nadu,2024,4,Districts,chengalpattu district,65428186,71736432772.82283
Tamil Nadu,2024,4,Districts,coimbatore district,65273447,75848258652.58362
Tamil Nadu,2024,4,Districts,krishnagiri district,55917943,77983522321.05455
Tamil Nadu,2024,4,Districts,tiruppur district,51464978,52830172415.114655
Tamil Nadu,2024,4,Districts,tiruvallur district,45993534,55368349745.776306
Tamil Nadu,2024,4,Districts,salem district,35582761,55738823619.22505
Tamil Nadu,2024,4,Districts,kancheepuram district,24617303,25100186501.99606
Tamil Nadu,2024,4,Districts,madurai district,23007284,37246731175.04843
Tamil Nadu,2024,4,Districts,dharmapuri district,22987358,38341793122.811195
Tamil Nadu,2025,1,Districts,chennai district,159357855,181430012963.5832
Tamil Nadu,2025,1,Districts,chengalpattu district,71971125,77840948493.4434
Tamil Nadu,2025,1,Districts,coimbatore district,67691118,76663336874.2705
Tamil Nadu,2025,1,Districts,krishnagiri district,57823944,79091176752.57434
Tamil Nadu,2025,1,Districts,tiruppur district,51916746,52154423304.67569
Tamil Nadu,2025,1,Districts,tiruvallur district,50295937,59440806315.135376
Tamil Nadu,2025,1,Districts,salem district,37312507,57059239509.63675
Tamil Nadu,2025,1,Districts,kancheepuram district,25387433,25761462818.914513
Tamil Nadu,2025,1,Districts,madurai district,24278489,38030401253.21207
Tamil Nadu,2025,1,Districts,dharmapuri district,24242134,39370784332.82176
Tamil Nadu,2025,2,Districts,chennai district,155257593,176465180344.86566
Tamil Nadu,2025,2,Districts,chengalpattu district,70048571,75378296909.79129
Tamil Nadu,2025,2,Districts,coimbatore district,67239415,76664555855.38426
Tamil Nadu,2025,2,Districts,krishnagiri district,59913416,81696560951.39867
Tamil Nadu,2025,2,Districts,tiruppur district,54983018,53642648459.45145
Tamil Nadu,2025,2,Districts,tiruvallur district,50266298,59084085585.1025
Tamil Nadu,2025,2,Districts,salem district,37979130,56981792074.85452
Tamil Nadu,2025,2,Districts,kancheepuram district,26042794,26090387800.759
Tamil Nadu,2025,2,Districts,dharmapuri district,24735808,39735913842.199905
Tamil Nadu,2025,2,Districts,madurai district,24577837,38530229689.78972
Tamil Nadu,2025,3,Districts,chennai district,169918182,187599029837.50504
Tamil Nadu,2025,3,Districts,chengalpattu district,78772720,82359874112.2605
Tamil Nadu,2025,3,Districts,coimbatore district,75071784,82668113639.27171
Tamil Nadu,2025,3,Districts,krishnagiri district,64873599,85169376788.27222
Tamil Nadu,2025,3,Districts,tiruppur district,61291853,57198681020.644005
Tamil Nadu,2025,3,Districts,tiruvallur district,55630191,62226567344.04108
Tamil Nadu,2025,3,Districts,salem district,40024616,58373595043.72229
Tamil Nadu,2025,3,Districts,kancheepuram district,29782917,28650911335.629402
Tamil Nadu,2025,3,Districts,madurai district,26195183,39900294442.884895
Tamil Nadu,2025,3,Districts,dharmapuri district,25854160,40594572687.11803
Tamil Nadu,2025,4,Districts,chennai district,169266433,187400867682.7029
Tamil Nadu,2025,4,Districts,chengalpattu district,78985211,82180679774.9036
Tamil Nadu,2025,4,Districts,coimbatore district,76801646,85542502205.21603
Tamil Nadu,2025,4,Districts,krishnagiri district,68766287,90792286841.4149
Tamil Nadu,2025,4,Districts,tiruppur district,60440092,57729626879.07391
Tamil Nadu,2025,4,Districts,tiruvallur district,55730259,63391520012.725494
Tamil Nadu,2025,4,Districts,salem district,42092483,61727091665.49821
Tamil Nadu,2025,4,Districts,kancheepuram district,30249566,29335772886.40976
Tamil Nadu,2025,4,Districts,dharmapuri district,27745509,43833374693.64173
Tamil Nadu,2025,4,Districts,madurai district,27683373,42176101484.36238
Tamil Nadu,2026,1,Districts,chennai district,174402318,195259174197.47574
Tamil Nadu,2026,1,Districts,chengalpattu district,81193991,86560550985.54497
Tamil Nadu,2026,1,Districts,coimbatore district,78478621,87179531902.85397
Tamil Nadu,2026,1,Districts,krishnagiri district,71000927,94144960457.35643
Tamil Nadu,2026,1,Districts,tiruppur district,60800225,58281661967.69096
Tamil Nadu,2026,1,Districts,tiruvallur district,58410838,66754856298.39057
Tamil Nadu,2026,1,Districts,salem district,43399025,64371250423.778496
Tamil Nadu,2026,1,Districts,kancheepuram district,31168277,30585189492.98856
Tamil Nadu,2026,1,Districts,dharmapuri district,29746670,48282427434.73444
Tamil Nadu,2026,1,Districts,madurai district,28617293,44083139007.23551
Tamil Nadu,2026,2,Districts,chennai district,179679932,197424700549.70593
Tamil Nadu,2026,2,Districts,chengalpattu district,82177962,86472947648.93596
Tamil Nadu,2026,2,Districts,coimbatore district,79944035,89418278721.60106
Tamil Nadu,2026,2,Districts,krishnagiri district,73564258,97815725330.0166
Tamil Nadu,2026,2,Districts,tiruppur district,61845424,59410002857.68046
Tamil Nadu,2026,2,Districts,tiruvallur district,59754761,67850935234.4465
Tamil Nadu,2026,2,Districts,salem district,45190578,65690428020.38303
Tamil Nadu,2026,2,Districts,kancheepuram district,31446921,30317450514.15667
Tamil Nadu,2026,2,Districts,dharmapuri district,30627477,48027628352.49653
Tamil Nadu,2026,2,Districts,madurai district,29998831,45364800766.10818
Telangana,2018,1,Districts,rangareddy district,1746541,3156273867.1577196
Telangana,2018,1,Districts,hyderabad district,1740752,2781582172.4040174
Telangana,2018,1,Districts,medchal malkajgiri district,1643812,2794278718.1737585
Telangana,2018,1,Districts,sangareddy district,361847,480337376.39450336
Telangana,2018,1,Districts,hanumakonda district,311097,350156453.55502164
Telangana,2018,1,Districts,karimnagar district,272982,319454396.3471324
Telangana,2018,1,Districts,nalgonda district,249905,316489258.13282645
Telangana,2018,1,Districts,warangal district,230496,226984272.55008507
Telangana,2018,1,Districts,khammam district,219693,282312998.9011388
Telangana,2018,1,Districts,peddapalli district,216223,248149614.53015858
Telangana,2018,2,Districts,rangareddy district,2219054,5016769714.592155
Telangana,2018,2,Districts,hyderabad district,2215097,4499756848.716524
Telangana,2018,2,Districts,medchal malkajgiri district,2056524,4449638725.502394
Telangana,2018,2,Districts,sangareddy district,443103,840206184.1474625
Telangana,2018,2,Districts,hanumakonda district,335949,638731364.5450189
Telangana,2018,2,Districts,karimnagar district,295774,597523194.41491
Telangana,2018,2,Districts,nalgonda district,291834,638735132.3616878
Telangana,2018,2,Districts,khammam district,277049,593984237.4330597
Telangana,2018,2,Districts,peddapalli district,261885,496138865.4151766
Telangana,2018,2,Districts,warangal district,252099,385498499.67614037
Telangana,2018,3,Districts,hyderabad district,4127131,6534604846.687969
Telangana,2018,3,Districts,rangareddy district,3982120,7002431449.272354
Telangana,2018,3,Districts,medchal malkajgiri district,3555038,6386240180.717727
Telangana,2018,3,Districts,hanumakonda district,774616,950640165.1377432
Telangana,2018,3,Districts,nirmal district,674006,511956296.78692645
Telangana,2018,3,Districts,karimnagar district,637142,861822754.3935906
Telangana,2018,3,Districts,sangareddy district,629981,1147985414.2368052
Telangana,2018,3,Districts,warangal district,561548,596638558.9989523
Telangana,2018,3,Districts,peddapalli district,393920,640512560.0436578
Telangana,2018,3,Districts,nalgonda district,386075,722263754.2134664
Telangana,2018,4,Districts,hyderabad district,6923412,10021616758.673918
Telangana,2018,4,Districts,rangareddy district,6354449,10464962092.890831
Telangana,2018,4,Districts,medchal malkajgiri district,6260178,10052659912.637905
Telangana,2018,4,Districts,sangareddy district,1020098,1831383269.1498377
Telangana,2018,4,Districts,hanumakonda district,782119,1284405140.8933637
Telangana,2018,4,Districts,karimnagar district,694382,1189358908.9476755
Telangana,2018,4,Districts,nalgonda district,609056,1244259577.242201
Telangana,2018,4,Districts,warangal district,569422,829199464.6754359
Telangana,2018,4,Districts,khammam district,530233,1050936814.6059933
Telangana,2018,4,Districts,siddipet district,513500,969595565.7568934
Telangana,2019,1,Districts,hyderabad district,14543912,18503332385.305206
Telangana,2019,1,Districts,rangareddy district,14534815,19815810323.941128
Telangana,2019,1,Districts,medchal malkajgiri district,14462336,19554421692.231647
Telangana,2019,1,Districts,sangareddy district,2168068,3380670581.184801
Telangana,2019,1,Districts,hanumakonda district,1745779,2485991055.09593
Telangana,2019,1,Districts,karimnagar district,1297707,2000307547.35502
Telangana,2019,1,Districts,warangal district,1270916,1698957403.3947082
Telangana,2019,1,Districts,nalgonda district,1204942,2087649436.828817
Telangana,2019,1,Districts,siddipet district,1062252,1712237873.8351483
Telangana,2019,1,Districts,khammam district,1023798,1741448534.2152762
Telangana,2019,2,Districts,medchal malkajgiri district,19280665,29129619529.052197
Telangana,2019,2,Districts,rangareddy district,18870419,28751820038.799805
Telangana,2019,2,Districts,hyderabad district,18191146,26361884073.094543
Telangana,2019,2,Districts,sangareddy district,2684093,5101918209.299765
Telangana,2019,2,Districts,hanumakonda district,2208999,3827946027.9562135
Telangana,2019,2,Districts,warangal district,1542131,2660132818.0209
Telangana,2019,2,Districts,karimnagar district,1462689,2920460786.883634
Telangana,2019,2,Districts,nalgonda district,1371148,3139640619.231825
Telangana,2019,2,Districts,khammam district,1294289,2809099336.019355
Telangana,2019,2,Districts,siddipet district,1189299,2588031388.732171
Telangana,2019,3,Districts,rangareddy district,27929960,38447518961.090096
Telangana,2019,3,Districts,medchal malkajgiri district,27791877,38602229505.89899
Telangana,2019,3,Districts,hyderabad district,26197103,34584543725.95314
Telangana,2019,3,Districts,sangareddy district,3484367,6486191107.259295
Telangana,2019,3,Districts,hanumakonda district,3135491,5102697140.607249
Telangana,2019,3,Districts,warangal district,2177002,3621014762.8045125
Telangana,2019,3,Districts,karimnagar district,1991291,3802503634.064298
Telangana,2019,3,Districts,khammam district,1708339,3534445747.8698287
Telangana,2019,3,Districts,nalgonda district,1645181,3751742646.858529
Telangana,2019,3,Districts,nizamabad district,1480224,3115766291.015453
Telangana,2019,4,Districts,rangareddy district,36880655,51561830932.67352
Telangana,2019,4,Districts,medchal malkajgiri district,36049870,51720195481.72944
Telangana,2019,4,Districts,hyderabad district,33210689,45873213543.60544
Telangana,2019,4,Districts,sangareddy district,4725798,9061155057.529654
Telangana,2019,4,Districts,hanumakonda district,4384372,7491579131.773729
Telangana,2019,4,Districts,warangal district,3046607,5502861535.58793
Telangana,2019,4,Districts,karimnagar district,2830875,5690833489.396254
Telangana,2019,4,Districts,nalgonda district,2445813,5963751311.738699
Telangana,2019,4,Districts,khammam district,2424771,5245920545.658639
Telangana,2019,4,Districts,nizamabad district,2094905,5021323643.115062
Telangana,2020,1,Districts,rangareddy district,41279225,62748647182.13243
Telangana,2020,1,Districts,medchal malkajgiri district,40193902,62318260410.944115
Telangana,2020,1,Districts,hyderabad district,36362094,54082316900.15202
Telangana,2020,1,Districts,sangareddy district,5891312,11926327453.71962
Telangana,2020,1,Districts,hanumakonda district,4905409,9492410602.597164
Telangana,2020,1,Districts,warangal district,3559556,7396974732.98892
Telangana,2020,1,Districts,karimnagar district,3376239,7481391901.785553
Telangana,2020,1,Districts,nalgonda district,3338592,8562347081.0515175
Telangana,2020,1,Districts,khammam district,3192153,7366263856.610081
Telangana,2020,1,Districts,nizamabad district,2682087,6511977129.903129
Telangana,2020,2,Districts,medchal malkajgiri district,27001927,47824413378.92895
Telangana,2020,2,Districts,rangareddy district,22291222,41068819440.46949
Telangana,2020,2,Districts,hyderabad district,17074901,31388568673.798023
Telangana,2020,2,Districts,sangareddy district,5911059,11547690960.493593
Telangana,2020,2,Districts,nalgonda district,4555686,10886295852.520983
Telangana,2020,2,Districts,hanumakonda district,4343395,9406366925.445316
Telangana,2020,2,Districts,warangal district,4038865,8444868040.140014
Telangana,2020,2,Districts,khammam district,4035603,10044249235.103355
Telangana,2020,2,Districts,karimnagar district,3581982,8189639200.238973
Telangana,2020,2,Districts,nizamabad district,3385737,8756042225.003736
Telangana,2020,3,Districts,medchal malkajgiri district,43693259,78040333218.83852
Telangana,2020,3,Districts,rangareddy district,36636155,67584302591.26924
Telangana,2020,3,Districts,hyderabad district,29891548,55227914870.994995
Telangana,2020,3,Districts,sangareddy district,8507904,17073129289.72185
Telangana,2020,3,Districts,hanumakonda district,6443623,14564544354.063328
Telangana,2020,3,Districts,nalgonda district,5933467,14123241093.930084
Telangana,2020,3,Districts,khammam district,5720132,13674973010.668957
Telangana,2020,3,Districts,warangal district,5339323,11932170515.936214
Telangana,2020,3,Districts,karimnagar district,5317503,12602849106.172285
Telangana,2020,3,Districts,nizamabad district,4719634,11686385885.538776
Telangana,2020,4,Districts,medchal malkajgiri district,68762357,116571864505.68878
Telangana,2020,4,Districts,rangareddy district,59841187,104099043186.00574
Telangana,2020,4,Districts,hyderabad district,53047871,91304715534.68005
Telangana,2020,4,Districts,sangareddy district,13041887,25968701099.10506
Telangana,2020,4,Districts,hanumakonda district,9264495,20144792363.90425
Telangana,2020,4,Districts,nalgonda district,8527537,21047766345.986973
Telangana,2020,4,Districts,khammam district,8009720,19143679772.24744
Telangana,2020,4,Districts,karimnagar district,7833945,18037662019.800495
Telangana,2020,4,Districts,warangal district,7312558,16158947313.586643
Telangana,2020,4,Districts,nizamabad district,6790185,18096285907.74493
Telangana,2021,1,Districts,medchal malkajgiri district,85053552,136255562608.05667
Telangana,2021,1,Districts,rangareddy district,76399308,126259539559.07527
Telangana,2021,1,Districts,hyderabad district,69967142,109696937152.58496
Telangana,2021,1,Districts,sangareddy district,15842664,30311166948.832905
Telangana,2021,1,Districts,hanumakonda district,10968747,22620919644.46113
Telangana,2021,1,Districts,nalgonda district,9728735,23703869052.284134
Telangana,2021,1,Districts,khammam district,9041023,22038920022.96252
Telangana,2021,1,Districts,karimnagar district,8842208,19487579896.835606
Telangana,2021,1,Districts,warangal district,8136835,17866771796.945385
Telangana,2021,1,Districts,nizamabad district,7577895,18901730969.065186
Telangana,2021,2,Districts,medchal malkajgiri district,94702431,166051895856.2321
Telangana,2021,2,Districts,rangareddy district,82379633,150168139724.66864
Telangana,2021,2,Districts,hyderabad district,70983744,121987019677.46031
Telangana,2021,2,Districts,sangareddy district,19766493,38224102980.81112
Telangana,2021,2,Districts,nalgonda district,13415983,32965627346.384277
Telangana,2021,2,Districts,hanumakonda district,12586604,28809545072.3329
Telangana,2021,2,Districts,khammam district,11927009,30598495108.809612
Telangana,2021,2,Districts,karimnagar district,11255188,26697525051.803345
Telangana,2021,2,Districts,nizamabad district,10455613,28939016125.248993
Telangana,2021,2,Districts,warangal district,10073351,23427188579.306454
Telangana,2021,3,Districts,medchal malkajgiri district,125908908,207126470441.23053
Telangana,2021,3,Districts,rangareddy district,113406927,191164460613.978
Telangana,2021,3,Districts,hyderabad district,101383072,163871694127.08282
Telangana,2021,3,Districts,sangareddy district,24653187,44299045939.2818
Telangana,2021,3,Districts,hanumakonda district,16303303,33361036888.705452
Telangana,2021,3,Districts,nalgonda district,15481251,34329801266.22459
Telangana,2021,3,Districts,khammam district,14234142,32322530692.290928
Telangana,2021,3,Districts,karimnagar district,13953263,30137363051.253094
Telangana,2021,3,Districts,nizamabad district,12404279,29737762189.253998
Telangana,2021,3,Districts,warangal district,11893830,25080017197.962936
Telangana,2021,4,Districts,medchal malkajgiri district,135196932,224744752847.75174
Telangana,2021,4,Districts,rangareddy district,124706786,211431171700.5131
Telangana,2021,4,Districts,hyderabad district,112733990,181926618465.80664
Telangana,2021,4,Districts,sangareddy district,26714519,49433113977.90782
Telangana,2021,4,Districts,hanumakonda district,17263572,35309770192.26448
Telangana,2021,4,Districts,nalgonda district,16517556,37786323247.95098
Telangana,2021,4,Districts,khammam district,15035151,34225670778.533295
Telangana,2021,4,Districts,karimnagar district,14606606,32086736488.987923
Telangana,2021,4,Districts,nizamabad district,13934205,36139311556.41362
Telangana,2021,4,Districts,warangal district,12318064,26197265872.9057
Telangana,2022,1,Districts,medchal malkajgiri district,171021858,281522520518.0138
Telangana,2022,1,Districts,rangareddy district,160752318,270718538329.76205
Telangana,2022,1,Districts,hyderabad district,141137087,224176301343.1168
Telangana,2022,1,Districts,sangareddy district,34687191,63908943451.44071
Telangana,2022,1,Districts,hanumakonda district,21694657,44008456164.69241
Telangana,2022,1,Districts,nalgonda district,21564132,48703641174.38733
Telangana,2022,1,Districts,khammam district,19274460,44080207090.12072
Telangana,2022,1,Districts,karimnagar district,18535838,39530109248.32831
Telangana,2022,1,Districts,nizamabad district,17702011,42682820959.940414
Telangana,2022,1,Districts,warangal district,15546262,33641768601.14087
Telangana,2022,2,Districts,medchal malkajgiri district,207985715,336219181359.5885
Telangana,2022,2,Districts,rangareddy district,204912427,332525790874.4794
Telangana,2022,2,Districts,hyderabad district,172802760,269899684618.65054
Telangana,2022,2,Districts,sangareddy district,41847339,75106525140.15341
Telangana,2022,2,Districts,hanumakonda district,25773765,50886306974.46744
Telangana,2022,2,Districts,nalgonda district,25500174,55423478417.98305
Telangana,2022,2,Districts,khammam district,22500789,49846532180.59513
Telangana,2022,2,Districts,karimnagar district,22349995,47087080346.8748
Telangana,2022,2,Districts,nizamabad district,21298509,51823048387.77611
Telangana,2022,2,Districts,siddipet district,18037361,37885935438.013596
Telangana,2022,3,Districts,rangareddy district,251023450,393515970485.6099
Telangana,2022,3,Districts,medchal malkajgiri district,247349625,393297080603.451
Telangana,2022,3,Districts,hyderabad district,206423823,316037435273.48956
Telangana,2022,3,Districts,sangareddy district,49801027,84270419655.61581
Telangana,2022,3,Districts,hanumakonda district,28979335,55603594112.28812
Telangana,2022,3,Districts,nalgonda district,28970832,58553167314.638954
Telangana,2022,3,Districts,karimnagar district,25375443,52029976710.30441
Telangana,2022,3,Districts,khammam district,25084603,51523574662.62003
Telangana,2022,3,Districts,nizamabad district,23445757,51893315315.24479
Telangana,2022,3,Districts,siddipet district,19944993,41047126207.12679
Telangana,2022,4,Districts,rangareddy district,282784779,427549817706.5427
Telangana,2022,4,Districts,medchal malkajgiri district,273161629,417928036744.4228
Telangana,2022,4,Districts,hyderabad district,230765688,339032799620.2712
Telangana,2022,4,Districts,sangareddy district,56580998,93895224680.40707
Telangana,2022,4,Districts,nalgonda district,32314183,65179199041.81804
Telangana,2022,4,Districts,hanumakonda district,31890224,58920580268.48677
Telangana,2022,4,Districts,karimnagar district,28130291,56133537447.335594
Telangana,2022,4,Districts,khammam district,27732678,55360175617.13916
Telangana,2022,4,Districts,nizamabad district,27158654,61707588939.63834
Telangana,2022,4,Districts,siddipet district,22672141,45654663512.46439
Telangana,2023,1,Districts,rangareddy district,317175554,475714451324.72437
Telangana,2023,1,Districts,medchal malkajgiri district,299733980,453589137555.8805
Telangana,2023,1,Districts,hyderabad district,251840836,366806916021.6349
Telangana,2023,1,Districts,sangareddy district,62551786,103011220881.925
Telangana,2023,1,Districts,nalgonda district,35060191,69478278284.62283
Telangana,2023,1,Districts,hanumakonda district,34587627,63430489135.24831
Telangana,2023,1,Districts,khammam district,30508804,61598312797.19142
Telangana,2023,1,Districts,karimnagar district,30239789,59345429033.146385
Telangana,2023,1,Districts,nizamabad district,29199239,63305222804.38481
Telangana,2023,1,Districts,siddipet district,24642317,49057733805.79467
Telangana,2023,2,Districts,rangareddy district,369160590,546995034459.66077
Telangana,2023,2,Districts,medchal malkajgiri district,346264499,515033829914.1881
Telangana,2023,2,Districts,hyderabad district,287581506,412728237866.3265
Telangana,2023,2,Districts,sangareddy district,73135290,119164985023.16023
Telangana,2023,2,Districts,nalgonda district,40423399,81001584244.34393
Telangana,2023,2,Districts,hanumakonda district,38764543,70425973212.16179
Telangana,2023,2,Districts,khammam district,35462635,69797952044.71811
Telangana,2023,2,Districts,karimnagar district,34571917,66783092343.94776
Telangana,2023,2,Districts,nizamabad district,34361493,74930283729.92137
Telangana,2023,2,Districts,siddipet district,28637297,55706318858.688965
Telangana,2023,3,Districts,rangareddy district,423620559,598204612183.528
Telangana,2023,3,Districts,medchal malkajgiri district,401281503,565605331667.0078
Telangana,2023,3,Districts,hyderabad district,327444695,444014540525.8619
Telangana,2023,3,Districts,sangareddy district,84398846,127048709357.78778
Telangana,2023,3,Districts,nalgonda district,44829924,81709366496.8163
Telangana,2023,3,Districts,hanumakonda district,42761959,74299934207.14688
Telangana,2023,3,Districts,khammam district,39400954,70822271576.81398
Telangana,2023,3,Districts,karimnagar district,38310375,70613476835.73566
Telangana,2023,3,Districts,nizamabad district,37273152,73507561644.65005
Telangana,2023,3,Districts,siddipet district,31138659,58025131465.243774
Telangana,2023,4,Districts,rangareddy district,444156542,631912416840.8945
Telangana,2023,4,Districts,medchal malkajgiri district,424456421,595031459511.7399
Telangana,2023,4,Districts,hyderabad district,341779570,470047287978.66064
Telangana,2023,4,Districts,sangareddy district,93496431,140712128360.16107
Telangana,2023,4,Districts,nalgonda district,50075467,95386622220.22008
Telangana,2023,4,Districts,hanumakonda district,46868084,79888259605.31607
Telangana,2023,4,Districts,khammam district,43213224,77892826384.45285
Telangana,2023,4,Districts,nizamabad district,42489026,88517026662.27316
Telangana,2023,4,Districts,karimnagar district,42072819,77749753337.73996
Telangana,2023,4,Districts,siddipet district,34879703,65891339061.282
Telangana,2024,1,Districts,rangareddy district,472949279,643508245542.923
Telangana,2024,1,Districts,medchal malkajgiri district,445641955,591077402173.2035
Telangana,2024,1,Districts,hyderabad district,354590792,465546869525.4598
Telangana,2024,1,Districts,sangareddy district,105063821,150541706392.24036
Telangana,2024,1,Districts,nalgonda district,55735558,96694755459.74503
Telangana,2024,1,Districts,hanumakonda district,52144014,83340849144.55888
Telangana,2024,1,Districts,khammam district,48998396,83919125459.77245
Telangana,2024,1,Districts,nizamabad district,47018051,88319193909.58112
Telangana,2024,1,Districts,karimnagar district,45771367,77867528587.64673
Telangana,2024,1,Districts,siddipet district,39041175,69082446023.28975
Telangana,2024,2,Districts,rangareddy district,522423295,690758693872.9392
Telangana,2024,2,Districts,medchal malkajgiri district,487885715,629697502567.3416
Telangana,2024,2,Districts,hyderabad district,382550989,484459428520.56537
Telangana,2024,2,Districts,sangareddy district,116880097,160485956406.88556
Telangana,2024,2,Districts,nalgonda district,63045600,108407268217.60634
Telangana,2024,2,Districts,hanumakonda district,57116281,89981011191.09201
Telangana,2024,2,Districts,khammam district,55893428,91531853120.876
Telangana,2024,2,Districts,nizamabad district,54586023,105350965066.6084
Telangana,2024,2,Districts,karimnagar district,51460353,85822419421.79854
Telangana,2024,2,Districts,siddipet district,44339374,75896694010.49835
Telangana,2024,3,Districts,rangareddy district,580862732,741476643119.2792
Telangana,2024,3,Districts,medchal malkajgiri district,541940805,675877889254.2166
Telangana,2024,3,Districts,hyderabad district,422924899,514112884219.9627
Telangana,2024,3,Districts,sangareddy district,128620268,166789593997.1874
Telangana,2024,3,Districts,nalgonda district,66805480,106304145554.74579
Telangana,2024,3,Districts,hanumakonda district,61830876,92247734907.21956
Telangana,2024,3,Districts,khammam district,59467019,89427895976.67474
Telangana,2024,3,Districts,nizamabad district,55834787,96103161293.63545
Telangana,2024,3,Districts,karimnagar district,55283878,87347261039.81438
Telangana,2024,3,Districts,siddipet district,45535503,74452977748.23645
Telangana,2024,4,Districts,rangareddy district,620654033,779616873549.9215
Telangana,2024,4,Districts,medchal malkajgiri district,578315871,705699829610.466
Telangana,2024,4,Districts,hyderabad district,451899639,543388213146.74097
Telangana,2024,4,Districts,sangareddy district,139668830,181683214688.86612
Telangana,2024,4,Districts,nalgonda district,72645556,121649141567.84438
Telangana,2024,4,Districts,hanumakonda district,67136314,99239947750.58708
Telangana,2024,4,Districts,khammam district,65921862,100601153968.80061
Telangana,2024,4,Districts,nizamabad district,63640335,116320945506.47517
Telangana,2024,4,Districts,karimnagar district,60646188,95808689381.48158
Telangana,2024,4,Districts,siddipet district,50644039,83984569845.32388
Telangana,2025,1,Districts,rangareddy district,665666525,833509083064.5267
Telangana,2025,1,Districts,medchal malkajgiri district,615484296,750452279951.3356
Telangana,2025,1,Districts,hyderabad district,484806524,577809403575.9966
Telangana,2025,1,Districts,sangareddy district,145174179,191127567129.35806
Telangana,2025,1,Districts,nalgonda district,73321328,119990443504.85558
Telangana,2025,1,Districts,hanumakonda district,68657072,100969266371.27917
Telangana,2025,1,Districts,khammam district,68257387,105825161911.56511
Telangana,2025,1,Districts,nizamabad district,63413801,110360358250.44017
Telangana,2025,1,Districts,karimnagar district,61833288,96258935719.9814
Telangana,2025,1,Districts,siddipet district,50917770,82882382832.16106
Telangana,2025,2,Districts,rangareddy district,673709097,849429895138.0947
Telangana,2025,2,Districts,medchal malkajgiri district,611959984,754424158827.258
Telangana,2025,2,Districts,hyderabad district,471449661,564605580311.2367
Telangana,2025,2,Districts,sangareddy district,151112489,196735220581.34155
Telangana,2025,2,Districts,nalgonda district,79586737,133765981039.34927
Telangana,2025,2,Districts,khammam district,73420245,113937926582.13087
Telangana,2025,2,Districts,hanumakonda district,71819534,107370664885.31747
Telangana,2025,2,Districts,nizamabad district,69143419,126153308925.20297
Telangana,2025,2,Districts,karimnagar district,66156399,103965836093.30814
Telangana,2025,2,Districts,siddipet district,55888635,90797050906.53174
Telangana,2025,3,Districts,rangareddy district,728431615,889912505631.4863
Telangana,2025,3,Districts,medchal malkajgiri district,663507357,793106620922.9149
Telangana,2025,3,Districts,hyderabad district,507168561,586406039033.8566
Telangana,2025,3,Districts,sangareddy district,164815514,201663631981.96817
Telangana,2025,3,Districts,nalgonda district,81767515,124858394814.02328
Telangana,2025,3,Districts,hanumakonda district,76004815,107882643247.96432
Telangana,2025,3,Districts,khammam district,75873864,107459780749.19511
Telangana,2025,3,Districts,nizamabad district,70650478,115576884613.67618
Telangana,2025,3,Districts,karimnagar district,69389538,103744737255.91756
Telangana,2025,3,Districts,siddipet district,56598571,87024866925.916
Telangana,2025,4,Districts,rangareddy district,770532407,931071595400.3612
Telangana,2025,4,Districts,medchal malkajgiri district,704713859,824174275582.7441
Telangana,2025,4,Districts,hyderabad district,535096537,611511230146.7155
Telangana,2025,4,Districts,sangareddy district,179180154,219712651139.89868
Telangana,2025,4,Districts,nalgonda district,90711488,144950708779.0063
Telangana,2025,4,Districts,khammam district,83743892,119986644959.23634
Telangana,2025,4,Districts,hanumakonda district,83093487,115909180439.12604
Telangana,2025,4,Districts,nizamabad district,79937955,137794286472.32837
Telangana,2025,4,Districts,karimnagar district,76434451,114084101288.65674
Telangana,2025,4,Districts,bhadradri kothagudem district,63259244,85276851797.06416
Telangana,2026,1,Districts,rangareddy district,782985571,969047155678.9741
Telangana,2026,1,Districts,medchal malkajgiri district,708421079,846151772939.2338
Telangana,2026,1,Districts,hyderabad district,540787927,630468994516.7932
Telangana,2026,1,Districts,sangareddy district,185277689,230592730732.5653
Telangana,2026,1,Districts,nalgonda district,95056308,149343326067.95276
Telangana,2026,1,Districts,khammam district,88524270,126314806889.00223
Telangana,2026,1,Districts,hanumakonda district,86183745,120147698251.44652
Telangana,2026,1,Districts,nizamabad district,81148447,133631403378.35498
Telangana,2026,1,Districts,karimnagar district,78197824,116697197426.5099
Telangana,2026,1,Districts,bhadradri kothagudem district,66655801,91152576196.69675
Telangana,2026,2,Districts,rangareddy district,845329674,1039785726319.6313
Telangana,2026,2,Districts,medchal malkajgiri district,759040841,904396129212.849
Telangana,2026,2,Districts,hyderabad district,572092204,660300696926.1522
Telangana,2026,2,Districts,sangareddy district,199983054,247694265165.85776
Telangana,2026,2,Districts,nalgonda district,105596264,170442770836.59183
Telangana,2026,2,Districts,khammam district,97870411,143375171782.8214
Telangana,2026,2,Districts,nizamabad district,95166828,166485715948.49988
Telangana,2026,2,Districts,hanumakonda district,92268996,130492790364.80899
Telangana,2026,2,Districts,karimnagar district,85576688,127171020442.31355
Telangana,2026,2,Districts,siddipet district,73789970,113459275640.81882
Tripura,2018,1,Districts,west tripura district,83950,79181005.82232891
Tripura,2018,1,Districts,south tripura district,23031,16759244.428733114
Tripura,2018,1,Districts,gomati district,16885,14916774.345473796
Tripura,2018,1,Districts,sepahijala district,16568,15251788.44481425
Tripura,2018,1,Districts,north tripura district,12706,11819321.696365949
Tripura,2018,1,Districts,dhalai district,12025,11014134.855403233
Tripura,2018,1,Districts,khowai district,11620,9269495.443117885
Tripura,2018,1,Districts,unakoti district,7284,7822305.56509546
Tripura,2018,2,Districts,west tripura district,128946,147191525.8153208
Tripura,2018,2,Districts,south tripura district,27584,22672980.115099855
Tripura,2018,2,Districts,gomati district,23010,21692509.5348444
Tripura,2018,2,Districts,sepahijala district,20075,26221630.547354292
Tripura,2018,2,Districts,dhalai district,18638,18677918.131943937
Tripura,2018,2,Districts,north tripura district,17271,17975498.573957473
Tripura,2018,2,Districts,khowai district,14660,14948309.12377726
Tripura,2018,2,Districts,unakoti district,12799,12336725.667848198
Tripura,2018,3,Districts,west tripura district,194123,259549893.5292424
Tripura,2018,3,Districts,south tripura district,57920,52223118.88833286
Tripura,2018,3,Districts,gomati district,44655,48389413.95491989
Tripura,2018,3,Districts,unakoti district,38179,29229594.37573736
Tripura,2018,3,Districts,sepahijala district,35049,41598096.641652085
Tripura,2018,3,Districts,north tripura district,29674,34110610.263882175
Tripura,2018,3,Districts,dhalai district,28322,37218567.23218024
Tripura,2018,3,Districts,khowai district,18823,25459897.632764995
Tripura,2018,4,Districts,west tripura district,224269,341632132.0256456
Tripura,2018,4,Districts,south tripura district,61363,76474186.60085079
Tripura,2018,4,Districts,gomati district,55761,65663232.890939936
Tripura,2018,4,Districts,sepahijala district,54790,65219506.071653776
Tripura,2018,4,Districts,north tripura district,42033,54009093.70786983
Tripura,2018,4,Districts,dhalai district,36678,55488577.08027715
Tripura,2018,4,Districts,khowai district,33475,39608731.97799209
Tripura,2018,4,Districts,unakoti district,29995,28202939.52258283
Tripura,2019,1,Districts,west tripura district,327273,423181189.48172253
Tripura,2019,1,Districts,south tripura district,81921,95787785.73158546
Tripura,2019,1,Districts,gomati district,74708,88052684.06386045
Tripura,2019,1,Districts,sepahijala district,70159,88359888.580275
Tripura,2019,1,Districts,khowai district,45730,50891332.3001086
Tripura,2019,1,Districts,north tripura district,44870,72230879.45986658
Tripura,2019,1,Districts,dhalai district,43339,71085210.22383405
Tripura,2019,1,Districts,unakoti district,34617,41362304.94354656
Tripura,2019,2,Districts,west tripura district,367901,545853354.568676
Tripura,2019,2,Districts,south tripura district,89411,133229660.04063609
Tripura,2019,2,Districts,gomati district,76238,116543121.47481276
Tripura,2019,2,Districts,sepahijala district,68687,119654592.45786008
Tripura,2019,2,Districts,dhalai district,55252,83827906.4132964
Tripura,2019,2,Districts,north tripura district,53252,87992121.27955942
Tripura,2019,2,Districts,khowai district,41913,57829525.68661775
Tripura,2019,2,Districts,unakoti district,34527,48114983.0650388
Tripura,2019,3,Districts,west tripura district,449194,677787590.5563318
Tripura,2019,3,Districts,gomati district,82627,137610306.3556372
Tripura,2019,3,Districts,south tripura district,82315,139555139.3835079
Tripura,2019,3,Districts,sepahijala district,72652,132303334.07331783
Tripura,2019,3,Districts,north tripura district,62269,107086571.73602831
Tripura,2019,3,Districts,dhalai district,56867,103081354.98325017
Tripura,2019,3,Districts,khowai district,39318,69473879.56278881
Tripura,2019,3,Districts,unakoti district,35033,59767602.45797982
Tripura,2019,4,Districts,west tripura district,495581,776426617.1754394
Tripura,2019,4,Districts,gomati district,102923,169582364.86397105
Tripura,2019,4,Districts,south tripura district,95386,159986100.8321524
Tripura,2019,4,Districts,sepahijala district,83076,163956502.29278564
Tripura,2019,4,Districts,north tripura district,77167,136918847.71927488
Tripura,2019,4,Districts,dhalai district,66768,113600278.53467692
Tripura,2019,4,Districts,unakoti district,51108,84401736.65054153
Tripura,2019,4,Districts,khowai district,45653,79866993.98260956
Tripura,2020,1,Districts,west tripura district,542094,909193347.0261087
Tripura,2020,1,Districts,south tripura district,110882,214567213.44254485
Tripura,2020,1,Districts,gomati district,109305,215515102.84077618
Tripura,2020,1,Districts,sepahijala district,92607,200031615.6876093
Tripura,2020,1,Districts,north tripura district,90682,168676630.91621044
Tripura,2020,1,Districts,dhalai district,77454,140980550.63081244
Tripura,2020,1,Districts,khowai district,54100,106391534.93868996
Tripura,2020,1,Districts,unakoti district,52866,102621806.45432684
Tripura,2020,2,Districts,west tripura district,469596,835006195.0060261
Tripura,2020,2,Districts,south tripura district,145072,277019914.5227193
Tripura,2020,2,Districts,gomati district,131596,224298022.69000635
Tripura,2020,2,Districts,sepahijala district,125922,239332761.7742618
Tripura,2020,2,Districts,north tripura district,122839,204772810.45205632
Tripura,2020,2,Districts,dhalai district,112919,190781492.42351574
Tripura,2020,2,Districts,unakoti district,74515,123377779.20253178
Tripura,2020,2,Districts,khowai district,70908,120424205.16631326
Tripura,2020,3,Districts,west tripura district,648739,1205981456.314742
Tripura,2020,3,Districts,south tripura district,190647,367148849.1980118
Tripura,2020,3,Districts,gomati district,172617,328960450.96302724
Tripura,2020,3,Districts,sepahijala district,168499,338879560.5840671
Tripura,2020,3,Districts,north tripura district,161272,298718700.1463248
Tripura,2020,3,Districts,dhalai district,147294,264199090.1990291
Tripura,2020,3,Districts,unakoti district,94603,183361854.95511433
Tripura,2020,3,Districts,khowai district,93327,178037978.39319962
Tripura,2020,4,Districts,west tripura district,803630,1546194245.9357567
Tripura,2020,4,Districts,south tripura district,215761,421247238.21708256
Tripura,2020,4,Districts,gomati district,199979,399787360.3352819
Tripura,2020,4,Districts,north tripura district,194784,394780959.747943
Tripura,2020,4,Districts,sepahijala district,178617,371199201.6740254
Tripura,2020,4,Districts,dhalai district,164517,326329331.2885984
Tripura,2020,4,Districts,unakoti district,110177,223637018.03486338
Tripura,2020,4,Districts,khowai district,100302,194452074.31329045
Tripura,2021,1,Districts,west tripura district,875229,1719042464.1947966
Tripura,2021,1,Districts,south tripura district,202967,469272896.7736323
Tripura,2021,1,Districts,north tripura district,198769,471084417.4389521
Tripura,2021,1,Districts,gomati district,192876,441605310.510806
Tripura,2021,1,Districts,sepahijala district,176720,448658131.2424468
Tripura,2021,1,Districts,dhalai district,160302,367806588.74226344
Tripura,2021,1,Districts,unakoti district,110468,241165892.8156131
Tripura,2021,1,Districts,khowai district,95213,208526679.95995232
Tripura,2021,2,Districts,west tripura district,1006564,1813733000.5289311
Tripura,2021,2,Districts,north tripura district,260644,536887036.0184722
Tripura,2021,2,Districts,south tripura district,242659,494047031.8084562
Tripura,2021,2,Districts,gomati district,238667,474419721.4997296
Tripura,2021,2,Districts,sepahijala district,217223,459898550.18686146
Tripura,2021,2,Districts,dhalai district,200139,385373119.73678684
Tripura,2021,2,Districts,unakoti district,145617,269481879.3132528
Tripura,2021,2,Districts,khowai district,117433,226519084.26217455
Tripura,2021,3,Districts,west tripura district,1237569,2336516937.6964684
Tripura,2021,3,Districts,north tripura district,311703,674720608.5465324
Tripura,2021,3,Districts,gomati district,265509,564399163.8747966
Tripura,2021,3,Districts,south tripura district,264045,560281735.2641246
Tripura,2021,3,Districts,sepahijala district,256192,564401411.2897893
Tripura,2021,3,Districts,dhalai district,240832,505577766.67950124
Tripura,2021,3,Districts,unakoti district,173389,347733787.2799995
Tripura,2021,3,Districts,khowai district,127177,249169373.61596075
Tripura,2021,4,Districts,west tripura district,1312626,2497954719.5946293
Tripura,2021,4,Districts,north tripura district,327493,784129858.5468014
Tripura,2021,4,Districts,gomati district,271665,591228333.8895134
Tripura,2021,4,Districts,south tripura district,265410,651011029.5106398
Tripura,2021,4,Districts,sepahijala district,261198,611999865.146568
Tripura,2021,4,Districts,dhalai district,240103,527027618.9574815
Tripura,2021,4,Districts,unakoti district,184222,377926432.30764896
Tripura,2021,4,Districts,khowai district,134849,295712492.05629253
Tripura,2022,1,Districts,west tripura district,1677305,3176744937.915078
Tripura,2022,1,Districts,north tripura district,443571,1078174735.6163387
Tripura,2022,1,Districts,gomati district,349404,761118066.7375933
Tripura,2022,1,Districts,south tripura district,330759,824037539.4282589
Tripura,2022,1,Districts,sepahijala district,322970,770960615.3677125
Tripura,2022,1,Districts,dhalai district,300342,669421877.3745701
Tripura,2022,1,Districts,unakoti district,247434,510698244.7768461
Tripura,2022,1,Districts,khowai district,169720,375865586.63412726
Tripura,2022,2,Districts,west tripura district,2073205,3574747451.181219
Tripura,2022,2,Districts,north tripura district,513894,1134472050.6428123
Tripura,2022,2,Districts,gomati district,416024,851704043.2606429
Tripura,2022,2,Districts,sepahijala district,378560,847901077.863808
Tripura,2022,2,Districts,south tripura district,374114,856524025.7534194
Tripura,2022,2,Districts,dhalai district,365967,734964127.3776951
Tripura,2022,2,Districts,unakoti district,274226,556860769.2865976
Tripura,2022,2,Districts,khowai district,202036,406507804.14512485
Tripura,2022,3,Districts,west tripura district,2632612,4422374019.570893
Tripura,2022,3,Districts,north tripura district,679896,1393128050.2851794
Tripura,2022,3,Districts,gomati district,514956,1005339008.865735
Tripura,2022,3,Districts,dhalai district,472565,947829655.5816642
Tripura,2022,3,Districts,sepahijala district,470597,1014757751.6080499
Tripura,2022,3,Districts,south tripura district,461661,1027567638.1533054
Tripura,2022,3,Districts,unakoti district,330453,679154407.693677
Tripura,2022,3,Districts,khowai district,251512,518861535.8263351
Tripura,2022,4,Districts,west tripura district,2847150,4591617612.192731
Tripura,2022,4,Districts,north tripura district,814158,1640283874.584682
Tripura,2022,4,Districts,gomati district,541925,1013766681.885396
Tripura,2022,4,Districts,south tripura district,512386,1116175475.0411873
Tripura,2022,4,Districts,sepahijala district,498118,1034068183.4380255
Tripura,2022,4,Districts,dhalai district,475574,901337378.4367106
Tripura,2022,4,Districts,unakoti district,389288,759339622.6133988
Tripura,2022,4,Districts,khowai district,282175,566449406.5345432
Tripura,2023,1,Districts,west tripura district,3219463,5174842262.2056265
Tripura,2023,1,Districts,north tripura district,1016376,2010565435.7504342
Tripura,2023,1,Districts,gomati district,647759,1262866010.1607778
Tripura,2023,1,Districts,south tripura district,633680,1386053991.6241598
Tripura,2023,1,Districts,sepahijala district,615317,1255055759.9868612
Tripura,2023,1,Districts,dhalai district,596445,1155390253.0668197
Tripura,2023,1,Districts,unakoti district,478096,897506803.628518
Tripura,2023,1,Districts,khowai district,357837,727069293.8183225
Tripura,2023,2,Districts,west tripura district,3622736,5649419299.854001
Tripura,2023,2,Districts,north tripura district,1184505,2109939301.791024
Tripura,2023,2,Districts,gomati district,725607,1257918443.198404
Tripura,2023,2,Districts,south tripura district,706051,1381749338.3023918
Tripura,2023,2,Districts,sepahijala district,683849,1344025261.1461368
Tripura,2023,2,Districts,dhalai district,663264,1146743193.4575238
Tripura,2023,2,Districts,unakoti district,555845,953804401.5248566
Tripura,2023,2,Districts,khowai district,376382,689455645.6380073
Tripura,2023,3,Districts,west tripura district,4226918,6202353347.788508
Tripura,2023,3,Districts,north tripura district,1346083,2325285521.7869787
Tripura,2023,3,Districts,gomati district,779079,1362504103.572805
Tripura,2023,3,Districts,south tripura district,755884,1418376069.1719801
Tripura,2023,3,Districts,sepahijala district,754411,1458679549.206842
Tripura,2023,3,Districts,dhalai district,742987,1284167998.0743904
Tripura,2023,3,Districts,unakoti district,618048,1052580196.3774205
Tripura,2023,3,Districts,khowai district,408131,758144873.4877388
Tripura,2023,4,Districts,west tripura district,4609856,6822706498.13089
Tripura,2023,4,Districts,north tripura district,1553774,2669009627.5154014
Tripura,2023,4,Districts,south tripura district,880952,1624201016.4937484
Tripura,2023,4,Districts,gomati district,871737,1477320787.6374578
Tripura,2023,4,Districts,dhalai district,822142,1376543981.8965223
Tripura,2023,4,Districts,sepahijala district,809040,1622354261.5818825
Tripura,2023,4,Districts,unakoti district,695246,1120391434.831335
Tripura,2023,4,Districts,khowai district,464871,825735888.9660542
Tripura,2024,1,Districts,west tripura district,4861115,6936331357.494868
Tripura,2024,1,Districts,north tripura district,1749810,3015815007.9468794
Tripura,2024,1,Districts,south tripura district,990991,1827326413.5049493
Tripura,2024,1,Districts,gomati district,929228,1562929893.1930764
Tripura,2024,1,Districts,dhalai district,892200,1463655116.213168
Tripura,2024,1,Districts,sepahijala district,876687,1694932539.4698212
Tripura,2024,1,Districts,unakoti district,764173,1159688069.3322217
Tripura,2024,1,Districts,khowai district,517295,874762629.4526052
Tripura,2024,2,Districts,west tripura district,5559265,7341756514.956035
Tripura,2024,2,Districts,north tripura district,2037562,2845993152.641346
Tripura,2024,2,Districts,south tripura district,1141395,1825220435.5668416
Tripura,2024,2,Districts,gomati district,1127460,1622183716.5042517
Tripura,2024,2,Districts,dhalai district,1063392,1469902139.6818616
Tripura,2024,2,Districts,sepahijala district,1023156,1708102806.6167383
Tripura,2024,2,Districts,unakoti district,913547,1150766820.320727
Tripura,2024,2,Districts,khowai district,626990,883656524.0274346
Tripura,2024,3,Districts,west tripura district,6239429,7997504756.356191
Tripura,2024,3,Districts,north tripura district,2216916,3037415395.5640736
Tripura,2024,3,Districts,south tripura district,1146392,1842895475.981357
Tripura,2024,3,Districts,gomati district,1136489,1637028526.9782665
Tripura,2024,3,Districts,dhalai district,1104927,1555441065.6430516
Tripura,2024,3,Districts,sepahijala district,1076543,1761568635.3838985
Tripura,2024,3,Districts,unakoti district,999990,1265167826.5684576
Tripura,2024,3,Districts,khowai district,654720,947070522.5662788
Tripura,2024,4,Districts,west tripura district,6899595,8760000295.767876
Tripura,2024,4,Districts,north tripura district,2288842,3425029115.8990016
Tripura,2024,4,Districts,south tripura district,1321958,2169760395.435777
Tripura,2024,4,Districts,gomati district,1304759,1934036919.9360902
Tripura,2024,4,Districts,dhalai district,1248086,1745262716.0236423
Tripura,2024,4,Districts,sepahijala district,1205430,1988809420.708071
Tripura,2024,4,Districts,unakoti district,1027736,1389429761.3180919
Tripura,2024,4,Districts,khowai district,738176,1087535446.4302623
Tripura,2025,1,Districts,west tripura district,7781449,9518179995.728022
Tripura,2025,1,Districts,north tripura district,2847202,4098555129.683509
Tripura,2025,1,Districts,gomati district,1520344,2174830180.060596
Tripura,2025,1,Districts,south tripura district,1497235,2335011236.5595407
Tripura,2025,1,Districts,dhalai district,1470573,1972804481.8489392
Tripura,2025,1,Districts,sepahijala district,1385531,2132949229.7034955
Tripura,2025,1,Districts,unakoti district,1273441,1576876002.6117973
Tripura,2025,1,Districts,khowai district,846302,1207680749.6362965
Tripura,2025,2,Districts,west tripura district,7756747,9109398146.32504
Tripura,2025,2,Districts,north tripura district,2886003,3607953584.077086
Tripura,2025,2,Districts,south tripura district,1532626,2136764389.7521806
Tripura,2025,2,Districts,gomati district,1526222,2009283780.849243
Tripura,2025,2,Districts,dhalai district,1472794,1778600640.9828234
Tripura,2025,2,Districts,sepahijala district,1400803,1964658779.1322796
Tripura,2025,2,Districts,unakoti district,1323508,1450653669.877756
Tripura,2025,2,Districts,khowai district,854523,1094206455.5628514
Tripura,2025,3,Districts,west tripura district,8741832,10310876386.540556
Tripura,2025,3,Districts,north tripura district,3214657,3917191721.8193417
Tripura,2025,3,Districts,south tripura district,1685995,2292154083.9811974
Tripura,2025,3,Districts,gomati district,1656260,2118444800.8447945
Tripura,2025,3,Districts,dhalai district,1590396,1922525387.5933201
Tripura,2025,3,Districts,sepahijala district,1504160,2060738459.856494
Tripura,2025,3,Districts,unakoti district,1456113,1604645277.9699736
Tripura,2025,3,Districts,khowai district,942480,1235029297.9014637
Tripura,2025,4,Districts,west tripura district,8776035,10145263894.420944
Tripura,2025,4,Districts,north tripura district,3386632,4286466542.4679914
Tripura,2025,4,Districts,gomati district,1669879,2211055237.2505956
Tripura,2025,4,Districts,south tripura district,1662356,2320848353.555974
Tripura,2025,4,Districts,dhalai district,1536934,1814814355.838481
Tripura,2025,4,Districts,sepahijala district,1483258,2078381724.205009
Tripura,2025,4,Districts,unakoti district,1471079,1673658842.43673
Tripura,2025,4,Districts,khowai district,927563,1213656832.4616423
Tripura,2026,1,Districts,west tripura district,9290827,10965888725.146675
Tripura,2026,1,Districts,north tripura district,3539235,4497368815.884566
Tripura,2026,1,Districts,south tripura district,1781895,2581321324.76938
Tripura,2026,1,Districts,gomati district,1754365,2386933502.0713944
Tripura,2026,1,Districts,dhalai district,1625826,1971168176.7558308
Tripura,2026,1,Districts,sepahijala district,1574390,2238394824.4055686
Tripura,2026,1,Districts,unakoti district,1545684,1755115673.1051867
Tripura,2026,1,Districts,khowai district,985028,1280227619.3476527
Tripura,2026,2,Districts,west tripura district,9674111,10906141389.760017
Tripura,2026,2,Districts,north tripura district,3562235,4057307348.7263203
Tripura,2026,2,Districts,gomati district,1849515,2366209502.500756
Tripura,2026,2,Districts,south tripura district,1793135,2420384251.3367896
Tripura,2026,2,Districts,dhalai district,1672139,1870327805.6073732
Tripura,2026,2,Districts,sepahijala district,1664679,2234983399.7388926
Tripura,2026,2,Districts,unakoti district,1633398,1654367851.4871488
Tripura,2026,2,Districts,khowai district,1013782,1233388781.5792928
Uttar Pradesh,2018,1,Districts,gautambuddha nagar district,1257362,1920088733.5782828
Uttar Pradesh,2018,1,Districts,lucknow district,1123531,1462764984.4354596
Uttar Pradesh,2018,1,Districts,prayagraj district,774844,775725330.0165368
Uttar Pradesh,2018,1,Districts,ghaziabad district,756948,1161589289.8177464
Uttar Pradesh,2018,1,Districts,varanasi district,686479,629089320.7079684
Uttar Pradesh,2018,1,Districts,kanpur nagar district,580121,624984308.1610264
Uttar Pradesh,2018,1,Districts,gorakhpur district,404274,448790674.4276389
Uttar Pradesh,2018,1,Districts,bareilly district,374615,322516222.3769498
Uttar Pradesh,2018,1,Districts,agra district,367958,423011035.4357113
Uttar Pradesh,2018,1,Districts,meerut district,324748,410488845.7393596
Uttar Pradesh,2018,2,Districts,gautambuddha nagar district,1701011,3004545185.094383
Uttar Pradesh,2018,2,Districts,lucknow district,1497476,2470787861.6995907
Uttar Pradesh,2018,2,Districts,ghaziabad district,1034920,1875947306.912742
Uttar Pradesh,2018,2,Districts,varanasi district,977550,1112155941.325322
Uttar Pradesh,2018,2,Districts,prayagraj district,964872,1324730240.3237283
Uttar Pradesh,2018,2,Districts,kanpur nagar district,788308,1091582507.6613777
Uttar Pradesh,2018,2,Districts,gorakhpur district,554274,927696671.277688
Uttar Pradesh,2018,2,Districts,agra district,479059,740065362.8950459
Uttar Pradesh,2018,2,Districts,jaunpur district,463339,679421533.5454124
Uttar Pradesh,2018,2,Districts,bareilly district,457982,561987602.7089232
Uttar Pradesh,2018,3,Districts,varanasi district,3705261,2708255640.263231
Uttar Pradesh,2018,3,Districts,gautambuddha nagar district,3065832,4433494645.591375
Uttar Pradesh,2018,3,Districts,lucknow district,1947018,3495072475.1556873
Uttar Pradesh,2018,3,Districts,ghaziabad district,1532782,2603049673.623848
Uttar Pradesh,2018,3,Districts,sitapur district,1375605,755358004.230977
Uttar Pradesh,2018,3,Districts,prayagraj district,1242134,1815175906.5186224
Uttar Pradesh,2018,3,Districts,kanpur nagar district,991166,1539341268.6403356
Uttar Pradesh,2018,3,Districts,gorakhpur district,677840,1209641905.6296484
Uttar Pradesh,2018,3,Districts,lakhimpur kheri district,657168,472626456.6006062
Uttar Pradesh,2018,3,Districts,bareilly district,594323,785667132.197035
Uttar Pradesh,2018,4,Districts,gautambuddha nagar district,6294978,7132526546.492869
Uttar Pradesh,2018,4,Districts,ghaziabad district,3054675,4200625682.362052
Uttar Pradesh,2018,4,Districts,lucknow district,2930782,5217698618.115377
Uttar Pradesh,2018,4,Districts,varanasi district,2015548,2348561324.647821
Uttar Pradesh,2018,4,Districts,prayagraj district,1834023,2695729118.842413
Uttar Pradesh,2018,4,Districts,kanpur nagar district,1408889,2276334467.5020304
Uttar Pradesh,2018,4,Districts,gorakhpur district,1024261,1918704866.2785888
Uttar Pradesh,2018,4,Districts,bareilly district,861573,1136738097.5115259
Uttar Pradesh,2018,4,Districts,agra district,814180,1584078203.1376328
Uttar Pradesh,2018,4,Districts,meerut district,813449,1668745248.2022412
Uttar Pradesh,2019,1,Districts,gautambuddha nagar district,12176763,11154614801.113522
Uttar Pradesh,2019,1,Districts,ghaziabad district,5045319,6185544391.099132
Uttar Pradesh,2019,1,Districts,lucknow district,4605763,6781001074.227767
Uttar Pradesh,2019,1,Districts,prayagraj district,2951568,3836364642.844484
Uttar Pradesh,2019,1,Districts,varanasi district,2602461,2988094343.553912
Uttar Pradesh,2019,1,Districts,kanpur nagar district,2125024,2971037226.98177
Uttar Pradesh,2019,1,Districts,gorakhpur district,1537816,2599981168.090276
Uttar Pradesh,2019,1,Districts,bareilly district,1366732,1592393499.0745668
Uttar Pradesh,2019,1,Districts,meerut district,1325976,2180379956.1231413
Uttar Pradesh,2019,1,Districts,agra district,1275539,2158635274.5818887
Uttar Pradesh,2019,2,Districts,gautambuddha nagar district,12908956,14215330383.866861
Uttar Pradesh,2019,2,Districts,ghaziabad district,6033627,8335925193.277007
Uttar Pradesh,2019,2,Districts,lucknow district,5251031,8596664452.72855
Uttar Pradesh,2019,2,Districts,prayagraj district,2859774,4310380369.000868
Uttar Pradesh,2019,2,Districts,kanpur nagar district,2457765,4054605482.4212418
Uttar Pradesh,2019,2,Districts,varanasi district,2417728,3704350958.3534346
Uttar Pradesh,2019,2,Districts,gorakhpur district,1668099,3527037599.909052
Uttar Pradesh,2019,2,Districts,agra district,1546950,2857445595.3267565
Uttar Pradesh,2019,2,Districts,meerut district,1460959,2810090601.650189
Uttar Pradesh,2019,2,Districts,bareilly district,1258434,2005332054.0765653
Uttar Pradesh,2019,3,Districts,gautambuddha nagar district,16921676,18369538446.22828
Uttar Pradesh,2019,3,Districts,ghaziabad district,7799373,10588406197.566849
Uttar Pradesh,2019,3,Districts,lucknow district,6597153,10367868462.576256
Uttar Pradesh,2019,3,Districts,prayagraj district,3245195,4857897725.416903
Uttar Pradesh,2019,3,Districts,kanpur nagar district,3045082,4810717153.294423
Uttar Pradesh,2019,3,Districts,varanasi district,2709830,4076560062.9699993
Uttar Pradesh,2019,3,Districts,agra district,2130625,3537916843.737285
Uttar Pradesh,2019,3,Districts,meerut district,1701743,3286291136.7533307
Uttar Pradesh,2019,3,Districts,gorakhpur district,1639255,3611745331.773185
Uttar Pradesh,2019,3,Districts,bareilly district,1480821,2229845492.7851906
Uttar Pradesh,2019,4,Districts,gautambuddha nagar district,20550917,22936922909.30166
Uttar Pradesh,2019,4,Districts,ghaziabad district,9093858,13447071120.744112
Uttar Pradesh,2019,4,Districts,lucknow district,7425228,12227769089.672329
Uttar Pradesh,2019,4,Districts,varanasi district,5043012,5485910165.037449
Uttar Pradesh,2019,4,Districts,prayagraj district,3994555,6082371128.447805
Uttar Pradesh,2019,4,Districts,kanpur nagar district,3400548,5948881238.475193
Uttar Pradesh,2019,4,Districts,agra district,2500647,4699241547.462738
Uttar Pradesh,2019,4,Districts,meerut district,2125121,4151657862.410264
Uttar Pradesh,2019,4,Districts,gorakhpur district,2119343,4754868655.179442
Uttar Pradesh,2019,4,Districts,bareilly district,1720438,2973881669.590299
Uttar Pradesh,2020,1,Districts,gautambuddha nagar district,21812961,25327023150.61347
Uttar Pradesh,2020,1,Districts,ghaziabad district,9994494,15274699464.038532
Uttar Pradesh,2020,1,Districts,lucknow district,8014717,13518782261.778814
Uttar Pradesh,2020,1,Districts,prayagraj district,4285510,7182150683.552821
Uttar Pradesh,2020,1,Districts,varanasi district,3908834,5908335211.774417
Uttar Pradesh,2020,1,Districts,kanpur nagar district,3834105,6784128417.236288
Uttar Pradesh,2020,1,Districts,agra district,3081825,5725944215.0407295
Uttar Pradesh,2020,1,Districts,meerut district,2504889,5041943604.514831
Uttar Pradesh,2020,1,Districts,gorakhpur district,2397971,5349161760.912208
Uttar Pradesh,2020,1,Districts,bareilly district,1946958,3537494177.543184
Uttar Pradesh,2020,2,Districts,gautambuddha nagar district,13414751,16228365659.353714
Uttar Pradesh,2020,2,Districts,ghaziabad district,9095731,13655148323.90362
Uttar Pradesh,2020,2,Districts,lucknow district,5831503,10391179221.342512
Uttar Pradesh,2020,2,Districts,kanpur nagar district,3447236,6037089774.282507
Uttar Pradesh,2020,2,Districts,prayagraj district,3417886,6318304743.963789
Uttar Pradesh,2020,2,Districts,agra district,3060437,5578716458.241019
Uttar Pradesh,2020,2,Districts,varanasi district,2932590,5133577880.036396
Uttar Pradesh,2020,2,Districts,meerut district,2673325,5083735644.288239
Uttar Pradesh,2020,2,Districts,gorakhpur district,2658812,5354795940.229732
Uttar Pradesh,2020,2,Districts,aligarh district,2196232,4116934628.2949057
Uttar Pradesh,2020,3,Districts,gautambuddha nagar district,21399302,26753226529.004578
Uttar Pradesh,2020,3,Districts,ghaziabad district,12599999,20960941143.04178
Uttar Pradesh,2020,3,Districts,lucknow district,9109295,17063590118.237549
Uttar Pradesh,2020,3,Districts,prayagraj district,4760795,9265916967.845995
Uttar Pradesh,2020,3,Districts,kanpur nagar district,4682605,9222207086.291054
Uttar Pradesh,2020,3,Districts,agra district,4118732,8318982009.413345
Uttar Pradesh,2020,3,Districts,varanasi district,4021286,8034357730.45985
Uttar Pradesh,2020,3,Districts,gorakhpur district,3604161,8080706502.705095
Uttar Pradesh,2020,3,Districts,meerut district,3570166,7577558985.513442
Uttar Pradesh,2020,3,Districts,jaunpur district,2585294,5160787689.655454
Uttar Pradesh,2020,4,Districts,gautambuddha nagar district,30843204,37374948798.601395
Uttar Pradesh,2020,4,Districts,ghaziabad district,17120026,28411297360.844894
Uttar Pradesh,2020,4,Districts,lucknow district,13347963,24098699787.04274
Uttar Pradesh,2020,4,Districts,prayagraj district,6771357,13183267319.882431
Uttar Pradesh,2020,4,Districts,kanpur nagar district,6531198,13234125535.942652
Uttar Pradesh,2020,4,Districts,agra district,5772702,11892688609.369312
Uttar Pradesh,2020,4,Districts,varanasi district,5654270,11478371536.384819
Uttar Pradesh,2020,4,Districts,gorakhpur district,4928379,11751361294.595263
Uttar Pradesh,2020,4,Districts,meerut district,4926635,10307549638.13189
Uttar Pradesh,2020,4,Districts,aligarh district,3489707,7372037941.490269
Uttar Pradesh,2021,1,Districts,gautambuddha nagar district,39323851,45386938557.43665
Uttar Pradesh,2021,1,Districts,ghaziabad district,20178309,32527084984.394993
Uttar Pradesh,2021,1,Districts,lucknow district,17339893,28047696498.353043
Uttar Pradesh,2021,1,Districts,prayagraj district,8663265,15235095604.956898
Uttar Pradesh,2021,1,Districts,kanpur nagar district,7807231,14599652713.462378
Uttar Pradesh,2021,1,Districts,agra district,7106060,13687538799.04573
Uttar Pradesh,2021,1,Districts,varanasi district,6840324,12729055363.148571
Uttar Pradesh,2021,1,Districts,meerut district,5887265,11876664440.944956
Uttar Pradesh,2021,1,Districts,gorakhpur district,5367759,12367569535.423141
Uttar Pradesh,2021,1,Districts,mathura district,4346670,8620897459.093348
Uttar Pradesh,2021,2,Districts,gautambuddha nagar district,36697873,44480154164.57353
Uttar Pradesh,2021,2,Districts,ghaziabad district,21437306,35101342645.91916
Uttar Pradesh,2021,2,Districts,lucknow district,15642750,27170328379.372974
Uttar Pradesh,2021,2,Districts,prayagraj district,8911894,17168314755.373299
Uttar Pradesh,2021,2,Districts,kanpur nagar district,8658341,16637269157.107372
Uttar Pradesh,2021,2,Districts,agra district,8361806,16355645246.449131
Uttar Pradesh,2021,2,Districts,varanasi district,7346664,14573441868.958286
Uttar Pradesh,2021,2,Districts,meerut district,6987832,13795386754.479643
Uttar Pradesh,2021,2,Districts,gorakhpur district,6844884,15675604656.814785
Uttar Pradesh,2021,2,Districts,aligarh district,5411345,10775553999.75998
Uttar Pradesh,2021,3,Districts,gautambuddha nagar district,52958346,60690858521.894066
Uttar Pradesh,2021,3,Districts,ghaziabad district,28102943,44634012747.34146
Uttar Pradesh,2021,3,Districts,lucknow district,25241280,39627926554.646736
Uttar Pradesh,2021,3,Districts,prayagraj district,12526672,20914436284.168526
Uttar Pradesh,2021,3,Districts,kanpur nagar district,11434721,20730824183.099506
Uttar Pradesh,2021,3,Districts,agra district,11270994,20405128426.402073
Uttar Pradesh,2021,3,Districts,varanasi district,10233038,18075060742.898335
Uttar Pradesh,2021,3,Districts,meerut district,9235617,17249674742.846252
Uttar Pradesh,2021,3,Districts,gorakhpur district,8411761,17525342349.065147
Uttar Pradesh,2021,3,Districts,mathura district,7266908,13153300220.307148
Uttar Pradesh,2021,4,Districts,gautambuddha nagar district,56613483,66441305823.308556
Uttar Pradesh,2021,4,Districts,ghaziabad district,30017225,48939195278.44523
Uttar Pradesh,2021,4,Districts,lucknow district,28705049,45046940591.797585
Uttar Pradesh,2021,4,Districts,prayagraj district,14828651,25345694143.276855
Uttar Pradesh,2021,4,Districts,agra district,12915603,24838066920.831444
Uttar Pradesh,2021,4,Districts,kanpur nagar district,12832851,24096683350.368027
Uttar Pradesh,2021,4,Districts,varanasi district,11577779,21992988552.146275
Uttar Pradesh,2021,4,Districts,meerut district,10561058,20382082939.36822
Uttar Pradesh,2021,4,Districts,gorakhpur district,9682838,21053883894.04793
Uttar Pradesh,2021,4,Districts,saharanpur district,8639378,15690083619.57745
Uttar Pradesh,2022,1,Districts,gautambuddha nagar district,71227942,83084793768.52946
Uttar Pradesh,2022,1,Districts,ghaziabad district,37486076,60500793285.325424
Uttar Pradesh,2022,1,Districts,lucknow district,35834472,54292390923.00499
Uttar Pradesh,2022,1,Districts,prayagraj district,18639273,30854633364.06175
Uttar Pradesh,2022,1,Districts,agra district,16946277,31158790643.723457
Uttar Pradesh,2022,1,Districts,kanpur nagar district,16153199,29304112291.981464
Uttar Pradesh,2022,1,Districts,varanasi district,15224578,27381406015.819298
Uttar Pradesh,2022,1,Districts,meerut district,13678525,25928976297.5821
Uttar Pradesh,2022,1,Districts,gorakhpur district,12068702,25543181093.082714
Uttar Pradesh,2022,1,Districts,mathura district,11232335,19930925237.497387
Uttar Pradesh,2022,2,Districts,gautambuddha nagar district,92498119,99869257938.7332
Uttar Pradesh,2022,2,Districts,ghaziabad district,45679235,70581618677.68112
Uttar Pradesh,2022,2,Districts,lucknow district,44452885,64177240525.79953
Uttar Pradesh,2022,2,Districts,prayagraj district,23363968,36993678934.48127
Uttar Pradesh,2022,2,Districts,agra district,20239606,36877636110.39249
Uttar Pradesh,2022,2,Districts,kanpur nagar district,19747443,34529132672.40968
Uttar Pradesh,2022,2,Districts,varanasi district,18844648,33252988895.0001
Uttar Pradesh,2022,2,Districts,meerut district,17046572,30558695429.49186
Uttar Pradesh,2022,2,Districts,gorakhpur district,15428001,31431390727.77688
Uttar Pradesh,2022,2,Districts,mathura district,13574587,23621106324.859962
Uttar Pradesh,2022,3,Districts,gautambuddha nagar district,111692643,116218942427.20396
Uttar Pradesh,2022,3,Districts,lucknow district,53536580,72440767125.70215
Uttar Pradesh,2022,3,Districts,ghaziabad district,53520995,79389598889.32626
Uttar Pradesh,2022,3,Districts,prayagraj district,27928283,38413204726.29879
Uttar Pradesh,2022,3,Districts,agra district,24675271,41258845991.175026
Uttar Pradesh,2022,3,Districts,kanpur nagar district,22969562,37843116177.77215
Uttar Pradesh,2022,3,Districts,varanasi district,22194072,35333948629.43482
Uttar Pradesh,2022,3,Districts,meerut district,20040556,33575780289.560925
Uttar Pradesh,2022,3,Districts,gorakhpur district,17514207,31939163355.055492
Uttar Pradesh,2022,3,Districts,mathura district,17149927,27136427697.874935
Uttar Pradesh,2022,4,Districts,gautambuddha nagar district,119632750,125974990415.9978
Uttar Pradesh,2022,4,Districts,lucknow district,59824623,80712150638.79411
Uttar Pradesh,2022,4,Districts,ghaziabad district,58391964,87820370455.97664
Uttar Pradesh,2022,4,Districts,prayagraj district,31004491,44350238716.228424
Uttar Pradesh,2022,4,Districts,agra district,27681121,48025844629.673416
Uttar Pradesh,2022,4,Districts,kanpur nagar district,25919947,43640420318.53464
Uttar Pradesh,2022,4,Districts,varanasi district,24873145,41565870291.06626
Uttar Pradesh,2022,4,Districts,meerut district,22744367,39090870726.97537
Uttar Pradesh,2022,4,Districts,gorakhpur district,20808126,38116051302.71302
Uttar Pradesh,2022,4,Districts,mathura district,19003206,31757763746.677776
Uttar Pradesh,2023,1,Districts,gautambuddha nagar district,133151137,140166189782.6796
Uttar Pradesh,2023,1,Districts,lucknow district,65638151,88187253403.09628
Uttar Pradesh,2023,1,Districts,ghaziabad district,64976836,97546448963.41362
Uttar Pradesh,2023,1,Districts,prayagraj district,34999463,49728408048.36764
Uttar Pradesh,2023,1,Districts,agra district,30465528,52343960344.38051
Uttar Pradesh,2023,1,Districts,kanpur nagar district,28717735,47942536501.26486
Uttar Pradesh,2023,1,Districts,varanasi district,27767210,45227181705.60974
Uttar Pradesh,2023,1,Districts,meerut district,25533304,44288556099.62183
Uttar Pradesh,2023,1,Districts,gorakhpur district,22803524,41593018544.916954
Uttar Pradesh,2023,1,Districts,mathura district,22433476,35681813143.18647
Uttar Pradesh,2023,2,Districts,gautambuddha nagar district,160526920,155456206511.71457
Uttar Pradesh,2023,2,Districts,ghaziabad district,76747805,106274210494.15712
Uttar Pradesh,2023,2,Districts,lucknow district,75492496,97168149462.86383
Uttar Pradesh,2023,2,Districts,prayagraj district,41003073,55356477233.07001
Uttar Pradesh,2023,2,Districts,agra district,36089875,57399435349.61047
Uttar Pradesh,2023,2,Districts,kanpur nagar district,33210049,52286351303.207695
Uttar Pradesh,2023,2,Districts,varanasi district,33055048,51501563579.84521
Uttar Pradesh,2023,2,Districts,meerut district,30175218,48178694751.19141
Uttar Pradesh,2023,2,Districts,gorakhpur district,28797205,48481931084.345665
Uttar Pradesh,2023,2,Districts,mathura district,27397886,40607238190.666084
Uttar Pradesh,2023,3,Districts,gautambuddha nagar district,184492827,169710039420.12933
Uttar Pradesh,2023,3,Districts,ghaziabad district,87402526,113998288432.06764
Uttar Pradesh,2023,3,Districts,lucknow district,86296422,103704982345.20885
Uttar Pradesh,2023,3,Districts,prayagraj district,45898042,55016243529.74733
Uttar Pradesh,2023,3,Districts,agra district,41501861,60657688784.00989
Uttar Pradesh,2023,3,Districts,varanasi district,37040996,51829415292.60155
Uttar Pradesh,2023,3,Districts,kanpur nagar district,36852028,54295152221.1136
Uttar Pradesh,2023,3,Districts,meerut district,34066809,50921570533.4603
Uttar Pradesh,2023,3,Districts,mathura district,32740799,44261698443.545685
Uttar Pradesh,2023,3,Districts,gorakhpur district,30173047,47273562959.7651
Uttar Pradesh,2023,4,Districts,gautambuddha nagar district,196791106,185900634543.57117
Uttar Pradesh,2023,4,Districts,ghaziabad district,96758075,129505975231.40038
Uttar Pradesh,2023,4,Districts,lucknow district,94383819,117027628741.94681
Uttar Pradesh,2023,4,Districts,prayagraj district,52195878,66150146311.74458
Uttar Pradesh,2023,4,Districts,agra district,47849341,73743006588.91672
Uttar Pradesh,2023,4,Districts,varanasi district,41306595,61126255903.963
Uttar Pradesh,2023,4,Districts,kanpur nagar district,40802565,63304209874.114105
Uttar Pradesh,2023,4,Districts,meerut district,39463045,61808206590.58124
Uttar Pradesh,2023,4,Districts,mathura district,36596067,52519456574.701225
Uttar Pradesh,2023,4,Districts,gorakhpur district,36029054,56786134242.478424
Uttar Pradesh,2024,1,Districts,gautambuddha nagar district,219918587,200196782577.17896
Uttar Pradesh,2024,1,Districts,ghaziabad district,106900650,137718116692.35788
Uttar Pradesh,2024,1,Districts,lucknow district,99045904,121124402634.48457
Uttar Pradesh,2024,1,Districts,prayagraj district,59439388,73950381696.05324
Uttar Pradesh,2024,1,Districts,agra district,55445487,81265339315.07312
Uttar Pradesh,2024,1,Districts,varanasi district,45835266,65748750214.20374
Uttar Pradesh,2024,1,Districts,meerut district,44612257,68319389490.08332
Uttar Pradesh,2024,1,Districts,kanpur nagar district,44236502,65972644538.91592
Uttar Pradesh,2024,1,Districts,mathura district,43545657,58756264718.219765
Uttar Pradesh,2024,1,Districts,aligarh district,41129191,56982914332.47905
Uttar Pradesh,2024,2,Districts,gautambuddha nagar district,271681049,222890017121.05658
Uttar Pradesh,2024,2,Districts,ghaziabad district,130984432,151286048981.5554
Uttar Pradesh,2024,2,Districts,lucknow district,114916751,130453722231.62296
Uttar Pradesh,2024,2,Districts,prayagraj district,68774703,79698997137.29424
Uttar Pradesh,2024,2,Districts,agra district,64913986,87624289091.84268
Uttar Pradesh,2024,2,Districts,varanasi district,53592765,71912358017.15585
Uttar Pradesh,2024,2,Districts,meerut district,53108542,73335422044.17381
Uttar Pradesh,2024,2,Districts,kanpur nagar district,51715494,71225769924.52982
Uttar Pradesh,2024,2,Districts,mathura district,50447268,64181739823.45614
Uttar Pradesh,2024,2,Districts,aligarh district,47877594,61042182225.46462
Uttar Pradesh,2024,3,Districts,gautambuddha nagar district,298306360,242802837653.62512
Uttar Pradesh,2024,3,Districts,ghaziabad district,142861688,160285901959.09946
Uttar Pradesh,2024,3,Districts,lucknow district,127944814,139510265947.58658
Uttar Pradesh,2024,3,Districts,prayagraj district,73739992,79606166686.92409
Uttar Pradesh,2024,3,Districts,agra district,70324375,90259660502.02979
Uttar Pradesh,2024,3,Districts,varanasi district,57527806,73415173368.51572
Uttar Pradesh,2024,3,Districts,meerut district,56365686,75035163431.45332
Uttar Pradesh,2024,3,Districts,mathura district,56101885,66659900300.22727
Uttar Pradesh,2024,3,Districts,kanpur nagar district,55482453,73414979941.54974
Uttar Pradesh,2024,3,Districts,aligarh district,51766322,62143182055.08672
Uttar Pradesh,2024,4,Districts,gautambuddha nagar district,315171462,261333336823.47156
Uttar Pradesh,2024,4,Districts,ghaziabad district,155752095,178976103561.72775
Uttar Pradesh,2024,4,Districts,lucknow district,139962588,155459586606.73605
Uttar Pradesh,2024,4,Districts,prayagraj district,82781060,95474410311.29964
Uttar Pradesh,2024,4,Districts,agra district,77921014,107289526646.56238
Uttar Pradesh,2024,4,Districts,varanasi district,64224190,86036611547.73074
Uttar Pradesh,2024,4,Districts,meerut district,62280192,87096709882.13136
Uttar Pradesh,2024,4,Districts,kanpur nagar district,61281429,84894228828.57852
Uttar Pradesh,2024,4,Districts,mathura district,59929805,76531196935.92592
Uttar Pradesh,2024,4,Districts,gorakhpur district,56851253,77173758879.05443
Uttar Pradesh,2025,1,Districts,gautambuddha nagar district,329723690,274781708682.76953
Uttar Pradesh,2025,1,Districts,ghaziabad district,159261063,183220390198.75537
Uttar Pradesh,2025,1,Districts,lucknow district,144727031,158416847717.26843
Uttar Pradesh,2025,1,Districts,prayagraj district,98894637,115710993070.40181
Uttar Pradesh,2025,1,Districts,agra district,80649657,108674381446.74626
Uttar Pradesh,2025,1,Districts,varanasi district,70630433,93961071035.77986
Uttar Pradesh,2025,1,Districts,kanpur nagar district,64005983,86265093784.97038
Uttar Pradesh,2025,1,Districts,meerut district,62714207,88866011828.01636
Uttar Pradesh,2025,1,Districts,mathura district,62542899,77825786931.81418
Uttar Pradesh,2025,1,Districts,gorakhpur district,57859577,76799757909.25879
Uttar Pradesh,2025,2,Districts,gautambuddha nagar district,354355389,278142359970.8245
Uttar Pradesh,2025,2,Districts,ghaziabad district,169007131,182274175387.21088
Uttar Pradesh,2025,2,Districts,lucknow district,151167537,159724765090.26633
Uttar Pradesh,2025,2,Districts,prayagraj district,89947249,99408198392.15944
Uttar Pradesh,2025,2,Districts,agra district,87191579,110006020624.37439
Uttar Pradesh,2025,2,Districts,varanasi district,70472150,88567775391.97417
Uttar Pradesh,2025,2,Districts,meerut district,69332077,90189007450.71005
Uttar Pradesh,2025,2,Districts,mathura district,68195825,80921268260.36028
Uttar Pradesh,2025,2,Districts,kanpur nagar district,65978957,84804503615.80133
Uttar Pradesh,2025,2,Districts,gorakhpur district,64272509,80090762400.78465
Uttar Pradesh,2025,3,Districts,gautambuddha nagar district,387124767,295188889086.2596
Uttar Pradesh,2025,3,Districts,ghaziabad district,182812786,188837884102.98904
Uttar Pradesh,2025,3,Districts,lucknow district,163729848,163736643494.40863
Uttar Pradesh,2025,3,Districts,prayagraj district,92730504,91853990313.41803
Uttar Pradesh,2025,3,Districts,agra district,92687977,109365066028.80928
Uttar Pradesh,2025,3,Districts,mathura district,75861820,82005479180.90776
Uttar Pradesh,2025,3,Districts,varanasi district,73880459,86086853021.75676
Uttar Pradesh,2025,3,Districts,meerut district,73423474,90660081059.73512
Uttar Pradesh,2025,3,Districts,kanpur nagar district,68728037,83756342444.08456
Uttar Pradesh,2025,3,Districts,aligarh district,68098117,74951155299.01768
Uttar Pradesh,2025,4,Districts,gautambuddha nagar district,386375774,304223369209.8422
Uttar Pradesh,2025,4,Districts,ghaziabad district,187701710,200803796874.31104
Uttar Pradesh,2025,4,Districts,lucknow district,173795111,179648976533.0841
Uttar Pradesh,2025,4,Districts,prayagraj district,101280554,107181237227.46431
Uttar Pradesh,2025,4,Districts,agra district,98424640,125041800245.78696
Uttar Pradesh,2025,4,Districts,varanasi district,81049281,99013202733.7516
Uttar Pradesh,2025,4,Districts,mathura district,79802059,93185227889.37944
Uttar Pradesh,2025,4,Districts,meerut district,78176512,101957562210.43686
Uttar Pradesh,2025,4,Districts,kanpur nagar district,74161905,94211477142.72444
Uttar Pradesh,2025,4,Districts,aligarh district,72625401,85531175482.47978
Uttar Pradesh,2026,1,Districts,gautambuddha nagar district,390944738,308086251458.2958
Uttar Pradesh,2026,1,Districts,ghaziabad district,187059378,200807621682.99252
Uttar Pradesh,2026,1,Districts,lucknow district,175711947,179243689872.85806
Uttar Pradesh,2026,1,Districts,prayagraj district,105128042,110800372488.26068
Uttar Pradesh,2026,1,Districts,agra district,100455072,123404108876.30952
Uttar Pradesh,2026,1,Districts,varanasi district,85002819,102828742145.29044
Uttar Pradesh,2026,1,Districts,mathura district,82227835,92939830892.87363
Uttar Pradesh,2026,1,Districts,meerut district,77861280,102758557646.33289
Uttar Pradesh,2026,1,Districts,kanpur nagar district,75984056,94981921575.35973
Uttar Pradesh,2026,1,Districts,aligarh district,74362346,86891845245.77855
Uttar Pradesh,2026,2,Districts,gautambuddha nagar district,431415785,325053679782.4923
Uttar Pradesh,2026,2,Districts,ghaziabad district,205969183,207586145620.06802
Uttar Pradesh,2026,2,Districts,lucknow district,192163913,188217721681.53354
Uttar Pradesh,2026,2,Districts,prayagraj district,112729000,114458812998.81265
Uttar Pradesh,2026,2,Districts,agra district,109610679,126828100016.51054
Uttar Pradesh,2026,2,Districts,varanasi district,92690252,106481545483.72473
Uttar Pradesh,2026,2,Districts,mathura district,90335602,97966320831.50838
Uttar Pradesh,2026,2,Districts,meerut district,86313793,105106105853.32106
Uttar Pradesh,2026,2,Districts,gorakhpur district,84223276,95476560476.63704
Uttar Pradesh,2026,2,Districts,kanpur nagar district,82570995,97309405985.34805
Uttarakhand,2018,1,Districts,udham singh nagar district,397700,331305810.3225988
Uttarakhand,2018,1,Districts,dehradun district,370254,575286997.740947
Uttarakhand,2018,1,Districts,haridwar district,332946,415669721.6016445
Uttarakhand,2018,1,Districts,nainital district,126890,135001970.01667663
Uttarakhand,2018,1,Districts,pauri garhwal district,58399,66466602.525621824
Uttarakhand,2018,1,Districts,tehri garhwal district,36482,53533477.07391246
Uttarakhand,2018,1,Districts,almora district,29763,27088024.16123335
Uttarakhand,2018,1,Districts,pithoragarh district,23194,23810569.058218513
Uttarakhand,2018,1,Districts,chamoli district,20140,24606510.683705486
Uttarakhand,2018,1,Districts,uttarkashi district,15832,19997942.814588487
Uttarakhand,2018,2,Districts,dehradun district,521788,1021838052.6453522
Uttarakhand,2018,2,Districts,udham singh nagar district,479039,543951011.1143683
Uttarakhand,2018,2,Districts,haridwar district,442775,688128646.2187698
Uttarakhand,2018,2,Districts,nainital district,168779,253007917.26058114
Uttarakhand,2018,2,Districts,pauri garhwal district,101890,131905417.60993856
Uttarakhand,2018,2,Districts,tehri garhwal district,58342,101078888.39859542
Uttarakhand,2018,2,Districts,almora district,45876,56868314.91595988
Uttarakhand,2018,2,Districts,pithoragarh district,38247,61635085.86302549
Uttarakhand,2018,2,Districts,chamoli district,28473,45670828.19689998
Uttarakhand,2018,2,Districts,uttarkashi district,22508,38018479.24846412
Uttarakhand,2018,3,Districts,udham singh nagar district,743268,863752233.9566602
Uttarakhand,2018,3,Districts,dehradun district,644105,1359022166.054877
Uttarakhand,2018,3,Districts,haridwar district,547139,941483568.7371136
Uttarakhand,2018,3,Districts,nainital district,189611,304501045.86102486
Uttarakhand,2018,3,Districts,pauri garhwal district,102375,154814683.1712606
Uttarakhand,2018,3,Districts,tehri garhwal district,62870,118135398.06607912
Uttarakhand,2018,3,Districts,almora district,58330,81948362.97017458
Uttarakhand,2018,3,Districts,pithoragarh district,45371,77359289.61491548
Uttarakhand,2018,3,Districts,chamoli district,35533,68302483.1683783
Uttarakhand,2018,3,Districts,uttarkashi district,28997,52296786.364059865
Uttarakhand,2018,4,Districts,udham singh nagar district,952487,1216474444.0763638
Uttarakhand,2018,4,Districts,dehradun district,950905,2066418304.4345887
Uttarakhand,2018,4,Districts,haridwar district,846594,1436245766.7892838
Uttarakhand,2018,4,Districts,nainital district,291705,483090072.02012247
Uttarakhand,2018,4,Districts,pauri garhwal district,145188,240811967.17925674
Uttarakhand,2018,4,Districts,tehri garhwal district,93607,191451177.1809321
Uttarakhand,2018,4,Districts,almora district,83321,131014323.72703835
Uttarakhand,2018,4,Districts,pithoragarh district,67346,138883324.64078718
Uttarakhand,2018,4,Districts,chamoli district,56440,113046094.76003243
Uttarakhand,2018,4,Districts,uttarkashi district,42301,87425841.2815671
Uttarakhand,2019,1,Districts,udham singh nagar district,2259566,1796539588.6078572
Uttarakhand,2019,1,Districts,haridwar district,1613216,1968500612.7578814
Uttarakhand,2019,1,Districts,dehradun district,1459713,2657929802.679651
Uttarakhand,2019,1,Districts,nainital district,436434,625121734.6759682
Uttarakhand,2019,1,Districts,pauri garhwal district,184127,298541248.1747174
Uttarakhand,2019,1,Districts,tehri garhwal district,122376,243172755.09553483
Uttarakhand,2019,1,Districts,almora district,101794,156467817.28085145
Uttarakhand,2019,1,Districts,pithoragarh district,85208,154810789.97494566
Uttarakhand,2019,1,Districts,chamoli district,73387,138200644.6937066
Uttarakhand,2019,1,Districts,uttarkashi district,55527,105857181.22176479
Uttarakhand,2019,2,Districts,dehradun district,1945072,3693230221.3089705
Uttarakhand,2019,2,Districts,haridwar district,1429857,2500560597.1931114
Uttarakhand,2019,2,Districts,udham singh nagar district,1380076,1929040739.4392905
Uttarakhand,2019,2,Districts,nainital district,484859,871938009.6567309
Uttarakhand,2019,2,Districts,pauri garhwal district,266312,420862533.09992874
Uttarakhand,2019,2,Districts,tehri garhwal district,197002,406208373.9116003
Uttarakhand,2019,2,Districts,almora district,157612,234006326.4785924
Uttarakhand,2019,2,Districts,pithoragarh district,120716,226879821.70581868
Uttarakhand,2019,2,Districts,chamoli district,106753,212480558.07545885
Uttarakhand,2019,2,Districts,uttarkashi district,78559,163103247.03933778
Uttarakhand,2019,3,Districts,dehradun district,2463385,4364265804.924645
Uttarakhand,2019,3,Districts,haridwar district,1615370,2802175452.8978467
Uttarakhand,2019,3,Districts,udham singh nagar district,1098152,2000601101.0066028
Uttarakhand,2019,3,Districts,nainital district,500678,944187851.4922669
Uttarakhand,2019,3,Districts,pauri garhwal district,233282,417110168.1915707
Uttarakhand,2019,3,Districts,tehri garhwal district,181313,402840968.8680272
Uttarakhand,2019,3,Districts,almora district,130439,222160020.74945974
Uttarakhand,2019,3,Districts,pithoragarh district,112177,222840070.53196844
Uttarakhand,2019,3,Districts,chamoli district,108271,229886374.9308388
Uttarakhand,2019,3,Districts,uttarkashi district,81890,176497891.18312228
Uttarakhand,2019,4,Districts,dehradun district,3422176,5434948099.683439
Uttarakhand,2019,4,Districts,haridwar district,1910113,3444936422.320764
Uttarakhand,2019,4,Districts,udham singh nagar district,1348473,2524793525.5957108
Uttarakhand,2019,4,Districts,nainital district,631016,1250276732.1830156
Uttarakhand,2019,4,Districts,pauri garhwal district,297584,539771699.0441643
Uttarakhand,2019,4,Districts,tehri garhwal district,233939,497768874.16413426
Uttarakhand,2019,4,Districts,almora district,177978,305885669.48892707
Uttarakhand,2019,4,Districts,pithoragarh district,136696,281900053.85694003
Uttarakhand,2019,4,Districts,chamoli district,129204,298599018.46286875
Uttarakhand,2019,4,Districts,uttarkashi district,101778,242128068.06610456
Uttarakhand,2020,1,Districts,dehradun district,3851472,5943141161.233732
Uttarakhand,2020,1,Districts,haridwar district,2216106,3884026164.6743884
Uttarakhand,2020,1,Districts,udham singh nagar district,1485456,2758779993.3342805
Uttarakhand,2020,1,Districts,nainital district,738450,1361015815.3034444
Uttarakhand,2020,1,Districts,pauri garhwal district,314794,569147733.8343027
Uttarakhand,2020,1,Districts,tehri garhwal district,266278,547325852.5841757
Uttarakhand,2020,1,Districts,almora district,180326,322940905.2430088
Uttarakhand,2020,1,Districts,pithoragarh district,160451,323027384.29864144
Uttarakhand,2020,1,Districts,chamoli district,152477,305301067.485457
Uttarakhand,2020,1,Districts,uttarkashi district,118664,245545372.32537675
Uttarakhand,2020,2,Districts,dehradun district,2918636,4889340982.493089
Uttarakhand,2020,2,Districts,haridwar district,1998626,3595963767.119375
Uttarakhand,2020,2,Districts,udham singh nagar district,1426532,2519917784.958859
Uttarakhand,2020,2,Districts,nainital district,784639,1342198473.9592314
Uttarakhand,2020,2,Districts,pauri garhwal district,397013,638225414.0366968
Uttarakhand,2020,2,Districts,tehri garhwal district,340095,568809285.808118
Uttarakhand,2020,2,Districts,almora district,297484,418509960.1698778
Uttarakhand,2020,2,Districts,pithoragarh district,230924,417396295.788951
Uttarakhand,2020,2,Districts,chamoli district,216806,377665246.4261041
Uttarakhand,2020,2,Districts,uttarkashi district,173103,326488613.4315799
Uttarakhand,2020,3,Districts,dehradun district,4412011,7821425655.718878
Uttarakhand,2020,3,Districts,haridwar district,2828275,5356741366.923257
Uttarakhand,2020,3,Districts,udham singh nagar district,1930185,3695249364.843433
Uttarakhand,2020,3,Districts,nainital district,1093290,2051344685.3807058
Uttarakhand,2020,3,Districts,pauri garhwal district,539199,959424165.4874933
Uttarakhand,2020,3,Districts,tehri garhwal district,457988,832265786.3556467
Uttarakhand,2020,3,Districts,almora district,398909,609408443.5528703
Uttarakhand,2020,3,Districts,pithoragarh district,295803,567686646.8504373
Uttarakhand,2020,3,Districts,chamoli district,276111,533158546.1796729
Uttarakhand,2020,3,Districts,uttarkashi district,208873,427459379.7058998
Uttarakhand,2020,4,Districts,dehradun district,6807983,11073827903.23486
Uttarakhand,2020,4,Districts,haridwar district,3879022,7229253761.668657
Uttarakhand,2020,4,Districts,udham singh nagar district,2750266,5235191002.056055
Uttarakhand,2020,4,Districts,nainital district,1655538,3055917872.9254074
Uttarakhand,2020,4,Districts,pauri garhwal district,774286,1294287674.2062156
Uttarakhand,2020,4,Districts,tehri garhwal district,716246,1211658486.4726646
Uttarakhand,2020,4,Districts,almora district,542065,792858126.2572161
Uttarakhand,2020,4,Districts,pithoragarh district,411662,782378572.2239296
Uttarakhand,2020,4,Districts,chamoli district,408339,752026913.3189379
Uttarakhand,2020,4,Districts,uttarkashi district,300457,538115662.0786483
Uttarakhand,2021,1,Districts,dehradun district,8938607,12815757756.61828
Uttarakhand,2021,1,Districts,haridwar district,4759136,8589305478.94084
Uttarakhand,2021,1,Districts,udham singh nagar district,3040503,5773235724.639105
Uttarakhand,2021,1,Districts,nainital district,1777762,3354267032.954775
Uttarakhand,2021,1,Districts,pauri garhwal district,782228,1347533482.2455351
Uttarakhand,2021,1,Districts,tehri garhwal district,735519,1318559591.4846396
Uttarakhand,2021,1,Districts,almora district,425402,746316322.4680532
Uttarakhand,2021,1,Districts,pithoragarh district,356001,740085961.7391579
Uttarakhand,2021,1,Districts,chamoli district,348205,726717447.6975111
Uttarakhand,2021,1,Districts,uttarkashi district,272385,551940183.4252292
Uttarakhand,2021,2,Districts,dehradun district,8835636,13198933671.986967
Uttarakhand,2021,2,Districts,haridwar district,5583686,9632690501.794968
Uttarakhand,2021,2,Districts,udham singh nagar district,3850987,6708573262.604593
Uttarakhand,2021,2,Districts,nainital district,2137857,3650823268.1701446
Uttarakhand,2021,2,Districts,pauri garhwal district,1035874,1669297008.1979883
Uttarakhand,2021,2,Districts,tehri garhwal district,915931,1443639851.3442166
Uttarakhand,2021,2,Districts,almora district,734445,1108439599.2379117
Uttarakhand,2021,2,Districts,pithoragarh district,537606,966217881.6280816
Uttarakhand,2021,2,Districts,chamoli district,491597,834583347.6129675
Uttarakhand,2021,2,Districts,uttarkashi district,392566,675226030.0647112
Uttarakhand,2021,3,Districts,dehradun district,12452663,17606809765.53305
Uttarakhand,2021,3,Districts,haridwar district,7384040,11766925740.387264
Uttarakhand,2021,3,Districts,udham singh nagar district,5091824,8474989286.167721
Uttarakhand,2021,3,Districts,nainital district,2849318,4838031368.740005
Uttarakhand,2021,3,Districts,pauri garhwal district,1230484,1996062084.1950428
Uttarakhand,2021,3,Districts,tehri garhwal district,1100445,1797843451.5923939
Uttarakhand,2021,3,Districts,almora district,726461,1226064941.6179976
Uttarakhand,2021,3,Districts,pithoragarh district,573905,1105345019.0758004
Uttarakhand,2021,3,Districts,chamoli district,513421,1032331591.4865327
Uttarakhand,2021,3,Districts,uttarkashi district,398651,764978679.6811566
Uttarakhand,2021,4,Districts,dehradun district,14181458,19470082645.813103
Uttarakhand,2021,4,Districts,haridwar district,8123960,12877840220.90684
Uttarakhand,2021,4,Districts,udham singh nagar district,5736824,9778197385.473267
Uttarakhand,2021,4,Districts,nainital district,3098567,5349437365.21971
Uttarakhand,2021,4,Districts,pauri garhwal district,1326212,2184429629.225255
Uttarakhand,2021,4,Districts,tehri garhwal district,1198413,1991547855.8006558
Uttarakhand,2021,4,Districts,almora district,744828,1335847241.2839642
Uttarakhand,2021,4,Districts,pithoragarh district,600375,1219293552.9204862
Uttarakhand,2021,4,Districts,chamoli district,546596,1102339367.6156547
Uttarakhand,2021,4,Districts,uttarkashi district,414073,805812783.2081769
Uttarakhand,2022,1,Districts,dehradun district,16812696,22627292536.184372
Uttarakhand,2022,1,Districts,haridwar district,10414592,16136137597.197886
Uttarakhand,2022,1,Districts,udham singh nagar district,7474194,12253191729.760113
Uttarakhand,2022,1,Districts,nainital district,3832274,6424472641.510256
Uttarakhand,2022,1,Districts,pauri garhwal district,1596469,2562245915.7133207
Uttarakhand,2022,1,Districts,tehri garhwal district,1440138,2286582706.7536764
Uttarakhand,2022,1,Districts,almora district,820418,1429511059.163024
Uttarakhand,2022,1,Districts,pithoragarh district,693779,1392802435.2156503
Uttarakhand,2022,1,Districts,chamoli district,626927,1229023555.2315028
Uttarakhand,2022,1,Districts,uttarkashi district,485922,904865376.7272762
Uttarakhand,2022,2,Districts,dehradun district,21937740,28060448766.052475
Uttarakhand,2022,2,Districts,haridwar district,13801230,20331359132.167316
Uttarakhand,2022,2,Districts,udham singh nagar district,9314356,14290019262.348238
Uttarakhand,2022,2,Districts,nainital district,5050373,7890946546.539261
Uttarakhand,2022,2,Districts,tehri garhwal district,2450782,3745664979.8185396
Uttarakhand,2022,2,Districts,pauri garhwal district,2239173,3350443795.3913813
Uttarakhand,2022,2,Districts,almora district,1250886,1893522009.5809875
Uttarakhand,2022,2,Districts,pithoragarh district,1031495,1780012696.059932
Uttarakhand,2022,2,Districts,chamoli district,1016670,1936952864.8972654
Uttarakhand,2022,2,Districts,rudraprayag district,768309,1749934133.656185
Uttarakhand,2022,3,Districts,dehradun district,24522312,29951296720.311478
Uttarakhand,2022,3,Districts,haridwar district,16158983,22084197075.93601
Uttarakhand,2022,3,Districts,udham singh nagar district,11108829,16113456028.66944
Uttarakhand,2022,3,Districts,nainital district,5615380,8180608457.044682
Uttarakhand,2022,3,Districts,pauri garhwal district,2214837,3084535128.5770245
Uttarakhand,2022,3,Districts,tehri garhwal district,2180629,3052745417.0839252
Uttarakhand,2022,3,Districts,almora district,1273695,1841206296.9116836
Uttarakhand,2022,3,Districts,chamoli district,1102923,1898387917.8361053
Uttarakhand,2022,3,Districts,pithoragarh district,1092024,1767534297.3835924
Uttarakhand,2022,3,Districts,rudraprayag district,867621,1564824642.3007307
Uttarakhand,2022,4,Districts,dehradun district,27241087,32778750936.05386
Uttarakhand,2022,4,Districts,haridwar district,17122355,23880554473.993015
Uttarakhand,2022,4,Districts,udham singh nagar district,12664369,18715821397.12976
Uttarakhand,2022,4,Districts,nainital district,6387091,9138010591.740238
Uttarakhand,2022,4,Districts,pauri garhwal district,2484940,3440277419.7313237
Uttarakhand,2022,4,Districts,tehri garhwal district,2451846,3344053538.1822033
Uttarakhand,2022,4,Districts,almora district,1492078,2138706205.1110308
Uttarakhand,2022,4,Districts,pithoragarh district,1326354,1967729998.9792683
Uttarakhand,2022,4,Districts,chamoli district,1185650,1933126260.2828252
Uttarakhand,2022,4,Districts,uttarkashi district,869208,1353630734.9296348
Uttarakhand,2023,1,Districts,dehradun district,28494138,33928959336.41108
Uttarakhand,2023,1,Districts,haridwar district,18875980,26341429390.75988
Uttarakhand,2023,1,Districts,udham singh nagar district,14074718,20325326521.495613
Uttarakhand,2023,1,Districts,nainital district,6794835,9531471258.96626
Uttarakhand,2023,1,Districts,pauri garhwal district,2575110,3450439567.370604
Uttarakhand,2023,1,Districts,tehri garhwal district,2558489,3356067966.175339
Uttarakhand,2023,1,Districts,almora district,1468429,2036697273.9752598
Uttarakhand,2023,1,Districts,pithoragarh district,1382415,1929965008.73682
Uttarakhand,2023,1,Districts,chamoli district,1111411,1659798024.551483
Uttarakhand,2023,1,Districts,uttarkashi district,890688,1340683827.864034
Uttarakhand,2023,2,Districts,dehradun district,34898293,40359964498.52216
Uttarakhand,2023,2,Districts,haridwar district,24266669,32044583061.897636
Uttarakhand,2023,2,Districts,udham singh nagar district,17064743,22300197486.34943
Uttarakhand,2023,2,Districts,nainital district,8852577,11943116854.816772
Uttarakhand,2023,2,Districts,tehri garhwal district,4268036,5671737117.420419
Uttarakhand,2023,2,Districts,pauri garhwal district,3631636,4672772150.849233
Uttarakhand,2023,2,Districts,almora district,2135964,2799754595.3810525
Uttarakhand,2023,2,Districts,chamoli district,1955808,3054113206.5045395
Uttarakhand,2023,2,Districts,pithoragarh district,1885314,2519545327.985767
Uttarakhand,2023,2,Districts,rudraprayag district,1884703,3496779659.5938935
Uttarakhand,2023,3,Districts,dehradun district,36638820,40668869109.19442
Uttarakhand,2023,3,Districts,haridwar district,26448332,32246571197.590485
Uttarakhand,2023,3,Districts,udham singh nagar district,18591791,23150467733.304394
Uttarakhand,2023,3,Districts,nainital district,8732367,11044230983.06341
Uttarakhand,2023,3,Districts,tehri garhwal district,3276646,4016613033.434229
Uttarakhand,2023,3,Districts,pauri garhwal district,3242050,3886832762.6027627
Uttarakhand,2023,3,Districts,almora district,1916552,2497671599.6554155
Uttarakhand,2023,3,Districts,chamoli district,1737384,2400318054.937224
Uttarakhand,2023,3,Districts,pithoragarh district,1734082,2394864020.481863
Uttarakhand,2023,3,Districts,rudraprayag district,1536469,2162487672.477116
Uttarakhand,2023,4,Districts,dehradun district,40073093,45721291190.46975
Uttarakhand,2023,4,Districts,haridwar district,28595049,36661611778.09181
Uttarakhand,2023,4,Districts,udham singh nagar district,21464889,27838169544.21694
Uttarakhand,2023,4,Districts,nainital district,10182038,13126706581.2473
Uttarakhand,2023,4,Districts,tehri garhwal district,3836981,4744184858.720951
Uttarakhand,2023,4,Districts,pauri garhwal district,3773796,4697818399.635475
Uttarakhand,2023,4,Districts,almora district,2233134,2907131511.1981926
Uttarakhand,2023,4,Districts,pithoragarh district,2026028,2743935148.3586726
Uttarakhand,2023,4,Districts,chamoli district,1961917,2727029514.3604393
Uttarakhand,2023,4,Districts,rudraprayag district,1631776,2471681276.6039524
Uttarakhand,2024,1,Districts,dehradun district,40899926,45525544731.9709
Uttarakhand,2024,1,Districts,haridwar district,31557632,39428893415.909706
Uttarakhand,2024,1,Districts,udham singh nagar district,23369668,29958985122.889103
Uttarakhand,2024,1,Districts,nainital district,10175344,12913790229.43306
Uttarakhand,2024,1,Districts,pauri garhwal district,3735667,4534457402.615295
Uttarakhand,2024,1,Districts,tehri garhwal district,3731744,4484963867.292254
Uttarakhand,2024,1,Districts,almora district,2157250,2784411853.2920103
Uttarakhand,2024,1,Districts,pithoragarh district,2092340,2656101917.9972377
Uttarakhand,2024,1,Districts,chamoli district,1663642,2154534297.59349
Uttarakhand,2024,1,Districts,uttarkashi district,1310689,1725484775.4523244
Uttarakhand,2024,2,Districts,dehradun district,50262413,52697939185.512566
Uttarakhand,2024,2,Districts,haridwar district,40402413,45852789923.925064
Uttarakhand,2024,2,Districts,udham singh nagar district,28158989,32124150074.20825
Uttarakhand,2024,2,Districts,nainital district,13664066,15984701927.76185
Uttarakhand,2024,2,Districts,tehri garhwal district,6072276,7096203519.229869
Uttarakhand,2024,2,Districts,pauri garhwal district,5163099,5886478648.010437
Uttarakhand,2024,2,Districts,almora district,2991592,3594713698.830664
Uttarakhand,2024,2,Districts,pithoragarh district,2803347,3372967831.9126577
Uttarakhand,2024,2,Districts,chamoli district,2673090,3629703380.996784
Uttarakhand,2024,2,Districts,rudraprayag district,2445493,3875175213.8735714
Uttarakhand,2024,3,Districts,dehradun district,51893938,53582220842.62163
Uttarakhand,2024,3,Districts,haridwar district,42567473,45155592822.514015
Uttarakhand,2024,3,Districts,udham singh nagar district,29392713,32438679629.412437
Uttarakhand,2024,3,Districts,nainital district,13370826,15278687167.173977
Uttarakhand,2024,3,Districts,tehri garhwal district,4504321,5128643260.210177
Uttarakhand,2024,3,Districts,pauri garhwal district,4493524,5064369332.390911
Uttarakhand,2024,3,Districts,almora district,2538759,3118923334.227035
Uttarakhand,2024,3,Districts,pithoragarh district,2514823,3095006521.7203693
Uttarakhand,2024,3,Districts,chamoli district,2346387,3040481313.223214
Uttarakhand,2024,3,Districts,rudraprayag district,1798643,2341174231.124159
Uttarakhand,2024,4,Districts,dehradun district,56156320,59237658376.415474
Uttarakhand,2024,4,Districts,haridwar district,43588191,49014326632.983925
Uttarakhand,2024,4,Districts,udham singh nagar district,32330436,37976568705.43554
Uttarakhand,2024,4,Districts,nainital district,14949518,17847801877.692284
Uttarakhand,2024,4,Districts,tehri garhwal district,5007412,5921235848.037327
Uttarakhand,2024,4,Districts,pauri garhwal district,4979722,5928529606.566792
Uttarakhand,2024,4,Districts,almora district,2851750,3707330462.0120482
Uttarakhand,2024,4,Districts,pithoragarh district,2835102,3621115763.2294016
Uttarakhand,2024,4,Districts,chamoli district,2404085,3236713490.071912
Uttarakhand,2024,4,Districts,rudraprayag district,1791262,2545555846.8942814
Uttarakhand,2025,1,Districts,dehradun district,58084276,59472901837.19812
Uttarakhand,2025,1,Districts,haridwar district,44307911,49508533804.64486
Uttarakhand,2025,1,Districts,udham singh nagar district,32991685,38281773379.80008
Uttarakhand,2025,1,Districts,nainital district,15440986,17572088435.70649
Uttarakhand,2025,1,Districts,tehri garhwal district,5271625,5852825565.134335
Uttarakhand,2025,1,Districts,pauri garhwal district,5101996,5643388907.899567
Uttarakhand,2025,1,Districts,almora district,2920689,3532988235.6318436
Uttarakhand,2025,1,Districts,pithoragarh district,2902936,3385524779.8767056
Uttarakhand,2025,1,Districts,chamoli district,2221601,2670434735.6032634
Uttarakhand,2025,1,Districts,champawat district,1820689,2233517825.485958
Uttarakhand,2025,2,Districts,dehradun district,63118055,63793303526.67909
Uttarakhand,2025,2,Districts,haridwar district,51386891,53414718186.610306
Uttarakhand,2025,2,Districts,udham singh nagar district,36270806,38701555384.3938
Uttarakhand,2025,2,Districts,nainital district,17868656,19839805170.138477
Uttarakhand,2025,2,Districts,tehri garhwal district,7500038,8320450942.622513
Uttarakhand,2025,2,Districts,pauri garhwal district,6512455,7032583563.836581
Uttarakhand,2025,2,Districts,almora district,3747621,4290877416.7156734
Uttarakhand,2025,2,Districts,pithoragarh district,3512603,4090054751.4333825
Uttarakhand,2025,2,Districts,chamoli district,3495888,4499060353.108401
Uttarakhand,2025,2,Districts,rudraprayag district,3203407,4648426889.270818
Uttarakhand,2025,3,Districts,dehradun district,63331800,61954672353.46702
Uttarakhand,2025,3,Districts,haridwar district,53771769,51467568101.086136
Uttarakhand,2025,3,Districts,udham singh nagar district,37110851,37570565288.39789
Uttarakhand,2025,3,Districts,nainital district,16451746,17444219266.00106
Uttarakhand,2025,3,Districts,pauri garhwal district,5463232,5649082080.691334
Uttarakhand,2025,3,Districts,tehri garhwal district,5242450,5496693495.393515
Uttarakhand,2025,3,Districts,pithoragarh district,3177221,3675009160.433222
Uttarakhand,2025,3,Districts,almora district,3131381,3541722593.4764524
Uttarakhand,2025,3,Districts,chamoli district,2857434,3361433985.980003
Uttarakhand,2025,3,Districts,rudraprayag district,2186277,2389532448.3836803
Uttarakhand,2025,4,Districts,dehradun district,67032077,68325990106.80346
Uttarakhand,2025,4,Districts,haridwar district,52883453,55492853617.65966
Uttarakhand,2025,4,Districts,udham singh nagar district,38635928,42708286703.542816
Uttarakhand,2025,4,Districts,nainital district,17804237,20298550812.793537
Uttarakhand,2025,4,Districts,pauri garhwal district,5768899,6453850872.128765
Uttarakhand,2025,4,Districts,tehri garhwal district,5644606,6381012638.3389435
Uttarakhand,2025,4,Districts,pithoragarh district,3266824,4128408010.1893554
Uttarakhand,2025,4,Districts,almora district,3219361,4138077048.747805
Uttarakhand,2025,4,Districts,chamoli district,2756323,3506791149.593768
Uttarakhand,2025,4,Districts,champawat district,2003561,2497843186.9974227
Uttarakhand,2026,1,Districts,dehradun district,66792505,67174939611.810295
Uttarakhand,2026,1,Districts,haridwar district,53732793,56089148625.18399
Uttarakhand,2026,1,Districts,udham singh nagar district,39405152,42991763189.53107
Uttarakhand,2026,1,Districts,nainital district,17976343,20044182223.06251
Uttarakhand,2026,1,Districts,tehri garhwal district,5810801,6409073575.711531
Uttarakhand,2026,1,Districts,pauri garhwal district,5710062,6285083732.953297
Uttarakhand,2026,1,Districts,pithoragarh district,3203989,3858732590.4122944
Uttarakhand,2026,1,Districts,almora district,3120835,3798879769.551062
Uttarakhand,2026,1,Districts,chamoli district,2391192,2916614842.5583544
Uttarakhand,2026,1,Districts,champawat district,2091007,2541317442.545589
Uttarakhand,2026,2,Districts,dehradun district,77212838,76315776283.8549
Uttarakhand,2026,2,Districts,haridwar district,64545515,63420640754.688156
Uttarakhand,2026,2,Districts,udham singh nagar district,43576307,44579270574.549995
Uttarakhand,2026,2,Districts,nainital district,21564039,23316227315.98149
Uttarakhand,2026,2,Districts,tehri garhwal district,9376523,10177480824.107042
Uttarakhand,2026,2,Districts,pauri garhwal district,7748054,8098743702.991956
Uttarakhand,2026,2,Districts,chamoli district,4129071,5352668563.393773
Uttarakhand,2026,2,Districts,rudraprayag district,4124958,6024953584.430118
Uttarakhand,2026,2,Districts,almora district,4086066,4802358324.474648
Uttarakhand,2026,2,Districts,pithoragarh district,3890802,4621153366.778733
West Bengal,2018,1,Districts,north twenty four parganas district,1467769,1536735824.5983868
West Bengal,2018,1,Districts,murshidabad district,954516,495514620.12983865
West Bengal,2018,1,Districts,kolkata district,795180,1107385907.254607
West Bengal,2018,1,Districts,nadia district,658834,366823100.5806877
West Bengal,2018,1,Districts,purba medinipur district,628849,464229945.880211
West Bengal,2018,1,Districts,malda district,595837,337420587.5541824
West Bengal,2018,1,Districts,south twenty four parganas district,493086,402006629.83468616
West Bengal,2018,1,Districts,paschim medinipur district,482958,328280909.506626
West Bengal,2018,1,Districts,purba bardhaman district,478357,258128463.3076044
West Bengal,2018,1,Districts,bankura district,455572,192924413.6470425
West Bengal,2018,2,Districts,north twenty four parganas district,2455431,2944441093.5507383
West Bengal,2018,2,Districts,murshidabad district,1461280,983360910.7003207
West Bengal,2018,2,Districts,kolkata district,1223739,1853741333.9446788
West Bengal,2018,2,Districts,nadia district,1139868,748891406.1640139
West Bengal,2018,2,Districts,purba medinipur district,1014065,890895483.3905636
West Bengal,2018,2,Districts,purba bardhaman district,864141,497950196.16238874
West Bengal,2018,2,Districts,bankura district,862182,358092535.6799843
West Bengal,2018,2,Districts,south twenty four parganas district,830843,760660071.6940392
West Bengal,2018,2,Districts,malda district,825581,695430695.7057824
West Bengal,2018,2,Districts,paschim medinipur district,767763,604426142.2045517
West Bengal,2018,3,Districts,bankura district,5781016,2831990957.0282636
West Bengal,2018,3,Districts,north twenty four parganas district,5396753,5193934970.52696
West Bengal,2018,3,Districts,murshidabad district,4343864,2928834652.8714056
West Bengal,2018,3,Districts,purba bardhaman district,4051451,2246301730.3202496
West Bengal,2018,3,Districts,nadia district,3929473,2476384922.093729
West Bengal,2018,3,Districts,birbhum district,3913508,2011169158.269675
West Bengal,2018,3,Districts,paschim bardhaman district,3161076,2084966161.7045832
West Bengal,2018,3,Districts,purba medinipur district,3009112,2317398524.4902983
West Bengal,2018,3,Districts,purulia district,2959475,1448947263.167776
West Bengal,2018,3,Districts,paschim medinipur district,2824598,1919485713.8329523
West Bengal,2018,4,Districts,north twenty four parganas district,4977026,5809988743.905426
West Bengal,2018,4,Districts,kolkata district,2854125,4093524197.852271
West Bengal,2018,4,Districts,murshidabad district,2719425,2297900681.9994903
West Bengal,2018,4,Districts,hooghly district,2381339,1786639840.0025916
West Bengal,2018,4,Districts,south twenty four parganas district,2083749,1869076720.0483217
West Bengal,2018,4,Districts,purba medinipur district,1852044,2266102821.9275336
West Bengal,2018,4,Districts,nadia district,1793170,1713340636.076921
West Bengal,2018,4,Districts,bankura district,1788340,947217636.8343822
West Bengal,2018,4,Districts,paschim medinipur district,1740079,1688862187.7598197
West Bengal,2018,4,Districts,purba bardhaman district,1688398,1273538104.5127063
West Bengal,2019,1,Districts,north twenty four parganas district,7217268,7522394118.392141
West Bengal,2019,1,Districts,kolkata district,4242211,5487537096.971564
West Bengal,2019,1,Districts,murshidabad district,3065685,2832914913.968647
West Bengal,2019,1,Districts,hooghly district,2938337,2382105130.714874
West Bengal,2019,1,Districts,south twenty four parganas district,2862387,2620605104.04895
West Bengal,2019,1,Districts,purba medinipur district,2647779,2944487512.2607718
West Bengal,2019,1,Districts,paschim medinipur district,2340787,2263625400.9361544
West Bengal,2019,1,Districts,howrah district,2287084,2339798615.125651
West Bengal,2019,1,Districts,nadia district,2260397,2039806026.9624653
West Bengal,2019,1,Districts,purba bardhaman district,2016866,1547820269.2218816
West Bengal,2019,2,Districts,north twenty four parganas district,8463580,9995357093.451855
West Bengal,2019,2,Districts,kolkata district,5049392,7383787274.36528
West Bengal,2019,2,Districts,hooghly district,3169671,3245060738.254264
West Bengal,2019,2,Districts,south twenty four parganas district,2917366,3340426825.9593844
West Bengal,2019,2,Districts,murshidabad district,2803819,3432097851.1785045
West Bengal,2019,2,Districts,purba medinipur district,2557278,3354235683.8730483
West Bengal,2019,2,Districts,howrah district,2416497,3031504359.5683823
West Bengal,2019,2,Districts,nadia district,2304903,2705409132.409062
West Bengal,2019,2,Districts,paschim medinipur district,2061516,2420522908.2683306
West Bengal,2019,2,Districts,purba bardhaman district,1933069,1925890236.8688092
West Bengal,2019,3,Districts,north twenty four parganas district,11320492,12737948919.067402
West Bengal,2019,3,Districts,kolkata district,6240243,9535283449.632668
West Bengal,2019,3,Districts,murshidabad district,5083803,4181978248.821122
West Bengal,2019,3,Districts,hooghly district,4487189,3953731668.8098807
West Bengal,2019,3,Districts,south twenty four parganas district,3465211,4003834651.115474
West Bengal,2019,3,Districts,purba medinipur district,3251903,3927211763.651855
West Bengal,2019,3,Districts,nadia district,3166165,3271545854.844356
West Bengal,2019,3,Districts,howrah district,2930238,3631183846.1378517
West Bengal,2019,3,Districts,paschim medinipur district,2815232,2845514421.8513293
West Bengal,2019,3,Districts,bankura district,2789574,1518509548.685251
West Bengal,2019,4,Districts,north twenty four parganas district,13226566,14794011110.58439
West Bengal,2019,4,Districts,bankura district,8003537,2449115092.201815
West Bengal,2019,4,Districts,kolkata district,7257199,11132733538.93788
West Bengal,2019,4,Districts,murshidabad district,6497504,5107088117.522796
West Bengal,2019,4,Districts,hooghly district,5630858,4832398394.142925
West Bengal,2019,4,Districts,birbhum district,5277361,2245868541.7424793
West Bengal,2019,4,Districts,purba bardhaman district,5271820,3170094121.586784
West Bengal,2019,4,Districts,paschim medinipur district,5184374,3785784681.7057285
West Bengal,2019,4,Districts,purba medinipur district,5067616,5288464011.729448
West Bengal,2019,4,Districts,nadia district,4871927,4208258503.2200017
West Bengal,2020,1,Districts,north twenty four parganas district,11993848,16268378000.879862
West Bengal,2020,1,Districts,kolkata district,7208990,12318760647.87532
West Bengal,2020,1,Districts,hooghly district,4077729,5195801693.217518
West Bengal,2020,1,Districts,south twenty four parganas district,3778587,5632114499.017601
West Bengal,2020,1,Districts,purba medinipur district,3730239,5843758859.253298
West Bengal,2020,1,Districts,murshidabad district,3685738,5605497077.452503
West Bengal,2020,1,Districts,nadia district,3375199,4609886119.210744
West Bengal,2020,1,Districts,paschim medinipur district,3298555,4335370055.352543
West Bengal,2020,1,Districts,howrah district,3208281,4945531376.58635
West Bengal,2020,1,Districts,bankura district,3050418,2199967781.096001
West Bengal,2020,2,Districts,north twenty four parganas district,9752903,15692399920.340704
West Bengal,2020,2,Districts,kolkata district,5563543,9527779627.542019
West Bengal,2020,2,Districts,south twenty four parganas district,4159100,7159124024.831061
West Bengal,2020,2,Districts,hooghly district,4108971,6129109039.010082
West Bengal,2020,2,Districts,purba medinipur district,3590141,6502964366.804818
West Bengal,2020,2,Districts,murshidabad district,3521937,6775678471.6819725
West Bengal,2020,2,Districts,howrah district,3247387,5091756608.01899
West Bengal,2020,2,Districts,nadia district,3122764,5206625677.576784
West Bengal,2020,2,Districts,paschim medinipur district,3078118,5223454585.015621
West Bengal,2020,2,Districts,purba bardhaman district,2632710,4052654037.8131666
West Bengal,2020,3,Districts,north twenty four parganas district,13588705,24207202705.0667
West Bengal,2020,3,Districts,kolkata district,8196527,16279061182.787853
West Bengal,2020,3,Districts,south twenty four parganas district,5652769,10325461636.20501
West Bengal,2020,3,Districts,hooghly district,5481158,9434889589.66656
West Bengal,2020,3,Districts,purba medinipur district,4874166,9850631830.1009
West Bengal,2020,3,Districts,murshidabad district,4462499,9382598858.003992
West Bengal,2020,3,Districts,howrah district,4456673,8461753253.965553
West Bengal,2020,3,Districts,nadia district,4227233,8162991969.774416
West Bengal,2020,3,Districts,paschim medinipur district,3886296,7101863366.43647
West Bengal,2020,3,Districts,purba bardhaman district,3344140,5635075564.551555
West Bengal,2020,4,Districts,north twenty four parganas district,18144124,31682677166.170845
West Bengal,2020,4,Districts,kolkata district,12029154,23742666400.743423
West Bengal,2020,4,Districts,south twenty four parganas district,6905590,13050462491.008018
West Bengal,2020,4,Districts,hooghly district,6597540,11747912432.505861
West Bengal,2020,4,Districts,purba medinipur district,6024073,12769003832.990824
West Bengal,2020,4,Districts,howrah district,5703611,11254259428.437227
West Bengal,2020,4,Districts,murshidabad district,5649162,12800763146.288467
West Bengal,2020,4,Districts,nadia district,5353877,10842155186.154207
West Bengal,2020,4,Districts,paschim medinipur district,4735682,8998685276.567001
West Bengal,2020,4,Districts,paschim bardhaman district,4387154,7669481842.177023
West Bengal,2021,1,Districts,north twenty four parganas district,20878362,36615562782.98147
West Bengal,2021,1,Districts,kolkata district,14396888,28458124127.094078
West Bengal,2021,1,Districts,south twenty four parganas district,7407934,15514453275.545567
West Bengal,2021,1,Districts,hooghly district,7123203,13123522610.04346
West Bengal,2021,1,Districts,murshidabad district,6684953,16224341996.165003
West Bengal,2021,1,Districts,purba medinipur district,6525161,15429344215.508142
West Bengal,2021,1,Districts,howrah district,6503519,13090430130.661419
West Bengal,2021,1,Districts,nadia district,5851964,12409502348.885962
West Bengal,2021,1,Districts,paschim medinipur district,5254212,10798664115.249584
West Bengal,2021,1,Districts,paschim bardhaman district,5096078,8831033343.188976
West Bengal,2021,2,Districts,north twenty four parganas district,23947265,41251008035.735886
West Bengal,2021,2,Districts,kolkata district,15573897,29548160891.876167
West Bengal,2021,2,Districts,south twenty four parganas district,9190541,17612622723.893314
West Bengal,2021,2,Districts,hooghly district,8736388,15479042506.632645
West Bengal,2021,2,Districts,murshidabad district,8393290,19275815588.911858
West Bengal,2021,2,Districts,purba medinipur district,8294991,19160857113.536205
West Bengal,2021,2,Districts,howrah district,7880649,15177801041.811714
West Bengal,2021,2,Districts,nadia district,7354636,14381550149.730156
West Bengal,2021,2,Districts,paschim medinipur district,6638018,13000612484.414457
West Bengal,2021,2,Districts,paschim bardhaman district,6138387,10432836659.913422
West Bengal,2021,3,Districts,north twenty four parganas district,30730314,54258860968.60979
West Bengal,2021,3,Districts,kolkata district,21508627,42826026784.387115
West Bengal,2021,3,Districts,south twenty four parganas district,11156583,22070505874.909676
West Bengal,2021,3,Districts,murshidabad district,10634616,24629532701.043602
West Bengal,2021,3,Districts,hooghly district,10569815,19502553032.89235
West Bengal,2021,3,Districts,purba medinipur district,10099295,23086093097.338192
West Bengal,2021,3,Districts,howrah district,9857024,19755048562.785656
West Bengal,2021,3,Districts,nadia district,9047040,18999660355.17141
West Bengal,2021,3,Districts,paschim medinipur district,8175333,15745865858.202854
West Bengal,2021,3,Districts,paschim bardhaman district,8084969,13551861136.355368
West Bengal,2021,4,Districts,north twenty four parganas district,33041162,58934770327.989586
West Bengal,2021,4,Districts,kolkata district,23452097,47416287075.06699
West Bengal,2021,4,Districts,south twenty four parganas district,11796906,25240683099.926666
West Bengal,2021,4,Districts,murshidabad district,11536155,28650428966.37809
West Bengal,2021,4,Districts,hooghly district,10926614,21333423965.93354
West Bengal,2021,4,Districts,purba medinipur district,10915056,25622314585.013348
West Bengal,2021,4,Districts,howrah district,10312310,21684860114.393646
West Bengal,2021,4,Districts,nadia district,9653786,21039412772.54528
West Bengal,2021,4,Districts,paschim bardhaman district,9107470,15499450656.458857
West Bengal,2021,4,Districts,paschim medinipur district,8906160,17965269345.420177
West Bengal,2022,1,Districts,north twenty four parganas district,42331700,77001932763.0109
West Bengal,2022,1,Districts,kolkata district,30238914,61140240052.72179
West Bengal,2022,1,Districts,murshidabad district,15105518,39806132522.67119
West Bengal,2022,1,Districts,south twenty four parganas district,14897758,33866107191.781055
West Bengal,2022,1,Districts,purba medinipur district,14108463,34607484811.177025
West Bengal,2022,1,Districts,hooghly district,13767811,27519073339.128265
West Bengal,2022,1,Districts,howrah district,13214643,28947685096.61643
West Bengal,2022,1,Districts,nadia district,12346130,27766738130.27008
West Bengal,2022,1,Districts,paschim bardhaman district,11794817,19864395579.923576
West Bengal,2022,1,Districts,paschim medinipur district,11590889,24239217323.848045
West Bengal,2022,2,Districts,north twenty four parganas district,52886342,92515721654.71533
West Bengal,2022,2,Districts,kolkata district,37718879,73582605278.51056
West Bengal,2022,2,Districts,south twenty four parganas district,18126727,39592424117.29818
West Bengal,2022,2,Districts,murshidabad district,18090576,46476890580.78426
West Bengal,2022,2,Districts,purba medinipur district,17229998,40508947973.905304
West Bengal,2022,2,Districts,hooghly district,16123068,31749707344.908863
West Bengal,2022,2,Districts,howrah district,15862184,33861598295.158985
West Bengal,2022,2,Districts,nadia district,14921763,32694946845.2703
West Bengal,2022,2,Districts,paschim bardhaman district,14465054,23743318018.541664
West Bengal,2022,2,Districts,paschim medinipur district,13838640,28282039579.464653
West Bengal,2022,3,Districts,north twenty four parganas district,65099209,109416034229.26132
West Bengal,2022,3,Districts,kolkata district,46992096,88562026476.79834
West Bengal,2022,3,Districts,murshidabad district,22632789,52851946635.519875
West Bengal,2022,3,Districts,south twenty four parganas district,21988367,44430896110.699715
West Bengal,2022,3,Districts,purba medinipur district,20017582,44474492885.12665
West Bengal,2022,3,Districts,howrah district,19529979,39889844761.33861
West Bengal,2022,3,Districts,hooghly district,19354549,36904293170.276726
West Bengal,2022,3,Districts,nadia district,17891318,38357546574.86685
West Bengal,2022,3,Districts,paschim bardhaman district,17510284,27568799501.62432
West Bengal,2022,3,Districts,paschim medinipur district,16510300,30896273934.07685
West Bengal,2022,4,Districts,north twenty four parganas district,71489138,114882638531.64989
West Bengal,2022,4,Districts,kolkata district,51640275,92778258132.04637
West Bengal,2022,4,Districts,murshidabad district,24502951,57623467356.307014
West Bengal,2022,4,Districts,south twenty four parganas district,24097175,47995200219.31962
West Bengal,2022,4,Districts,purba medinipur district,22367498,48325697129.69114
West Bengal,2022,4,Districts,howrah district,21657447,42567941446.88713
West Bengal,2022,4,Districts,hooghly district,21097498,39565454576.91269
West Bengal,2022,4,Districts,nadia district,19841235,41282975656.594406
West Bengal,2022,4,Districts,paschim bardhaman district,19426612,30256304256.091797
West Bengal,2022,4,Districts,paschim medinipur district,18555932,34353248584.282124
West Bengal,2023,1,Districts,north twenty four parganas district,82907075,134392987869.97163
West Bengal,2023,1,Districts,kolkata district,59930309,107881840636.57242
West Bengal,2023,1,Districts,murshidabad district,29934956,72573197541.62073
West Bengal,2023,1,Districts,south twenty four parganas district,28386977,59428715682.29553
West Bengal,2023,1,Districts,purba medinipur district,26221879,58791705641.11844
West Bengal,2023,1,Districts,howrah district,25333251,51412520213.06501
West Bengal,2023,1,Districts,hooghly district,23979744,46473761303.53091
West Bengal,2023,1,Districts,nadia district,23024533,49063501090.75192
West Bengal,2023,1,Districts,paschim bardhaman district,22303207,34543195367.744995
West Bengal,2023,1,Districts,paschim medinipur district,21909747,41891519807.05657
West Bengal,2023,2,Districts,north twenty four parganas district,97365621,151569150653.80432
West Bengal,2023,2,Districts,kolkata district,69072751,117393963204.54071
West Bengal,2023,2,Districts,murshidabad district,35977019,82182593951.1202
West Bengal,2023,2,Districts,south twenty four parganas district,33468161,66189510035.005226
West Bengal,2023,2,Districts,purba medinipur district,31416439,66246050091.3929
West Bengal,2023,2,Districts,howrah district,29780562,57450805950.29036
West Bengal,2023,2,Districts,hooghly district,27897992,51590607860.23582
West Bengal,2023,2,Districts,nadia district,27218616,55021882435.50181
West Bengal,2023,2,Districts,paschim medinipur district,26234475,47307660828.80634
West Bengal,2023,2,Districts,paschim bardhaman district,26218704,38798280874.516884
West Bengal,2023,3,Districts,north twenty four parganas district,114510047,166667447066.45038
West Bengal,2023,3,Districts,kolkata district,81505928,130277874154.58205
West Bengal,2023,3,Districts,murshidabad district,41928407,84658829382.90797
West Bengal,2023,3,Districts,south twenty four parganas district,38667974,68861984025.11119
West Bengal,2023,3,Districts,purba medinipur district,34893846,68562625182.981125
West Bengal,2023,3,Districts,howrah district,34553309,61994416904.55624
West Bengal,2023,3,Districts,hooghly district,32080291,55744493772.054405
West Bengal,2023,3,Districts,nadia district,31168939,58936016924.12687
West Bengal,2023,3,Districts,paschim bardhaman district,30608209,43254070626.15807
West Bengal,2023,3,Districts,paschim medinipur district,29842688,48766193546.674194
West Bengal,2023,4,Districts,north twenty four parganas district,128613111,186463158146.6749
West Bengal,2023,4,Districts,kolkata district,90420955,145017071980.97342
West Bengal,2023,4,Districts,murshidabad district,51406334,104641872857.71175
West Bengal,2023,4,Districts,south twenty four parganas district,45773658,81669602399.14417
West Bengal,2023,4,Districts,purba medinipur district,41249718,80481705460.7515
West Bengal,2023,4,Districts,howrah district,39897018,71570658791.34935
West Bengal,2023,4,Districts,nadia district,37360563,70129815767.73602
West Bengal,2023,4,Districts,hooghly district,36907135,63746630250.68423
West Bengal,2023,4,Districts,malda district,35394639,64631019946.83295
West Bengal,2023,4,Districts,paschim bardhaman district,35375528,49855344568.292564
West Bengal,2024,1,Districts,north twenty four parganas district,138989686,202629958019.80585
West Bengal,2024,1,Districts,kolkata district,94429857,151014362126.46533
West Bengal,2024,1,Districts,murshidabad district,63036946,129599703318.43881
West Bengal,2024,1,Districts,south twenty four parganas district,52350042,95613169549.4335
West Bengal,2024,1,Districts,purba medinipur district,46758649,92927382844.1923
West Bengal,2024,1,Districts,howrah district,44675092,80277631544.94507
West Bengal,2024,1,Districts,nadia district,43230516,80332909654.28307
West Bengal,2024,1,Districts,malda district,42803931,76906870293.94516
West Bengal,2024,1,Districts,hooghly district,40696140,70699045290.72421
West Bengal,2024,1,Districts,paschim medinipur district,39758436,66953195700.563736
West Bengal,2024,2,Districts,north twenty four parganas district,158474890,218374639051.74506
West Bengal,2024,2,Districts,kolkata district,104858371,154449676281.39902
West Bengal,2024,2,Districts,murshidabad district,77539982,144034467758.00024
West Bengal,2024,2,Districts,south twenty four parganas district,60847793,101911280952.63892
West Bengal,2024,2,Districts,purba medinipur district,56015057,99242358247.24126
West Bengal,2024,2,Districts,malda district,53007911,90458878548.7079
West Bengal,2024,2,Districts,howrah district,52231486,84810051677.54411
West Bengal,2024,2,Districts,nadia district,50760601,87178006822.31195
West Bengal,2024,2,Districts,hooghly district,47528026,76463851773.5855
West Bengal,2024,2,Districts,paschim medinipur district,46802053,73091560061.84663
West Bengal,2024,3,Districts,north twenty four parganas district,178390159,235465278806.86682
West Bengal,2024,3,Districts,kolkata district,120190948,172213860264.1402
West Bengal,2024,3,Districts,murshidabad district,83680324,140823926547.04086
West Bengal,2024,3,Districts,south twenty four parganas district,67953287,106034628725.54057
West Bengal,2024,3,Districts,purba medinipur district,59531907,100695996739.28914
West Bengal,2024,3,Districts,howrah district,59463566,92353208138.76357
West Bengal,2024,3,Districts,nadia district,56201419,92917417207.87772
West Bengal,2024,3,Districts,malda district,56034557,88560466123.2004
West Bengal,2024,3,Districts,hooghly district,52935476,80547374573.97528
West Bengal,2024,3,Districts,paschim medinipur district,51350275,73624647919.03914
West Bengal,2024,4,Districts,north twenty four parganas district,198546759,255966660421.92612
West Bengal,2024,4,Districts,kolkata district,134200355,185694930298.7831
West Bengal,2024,4,Districts,murshidabad district,88866107,156093683675.62836
West Bengal,2024,4,Districts,south twenty four parganas district,78924916,120641429447.7419
West Bengal,2024,4,Districts,purba medinipur district,67801577,114170348195.905
West Bengal,2024,4,Districts,howrah district,67118795,101770105071.45161
West Bengal,2024,4,Districts,nadia district,65316034,107833123350.0755
West Bengal,2024,4,Districts,malda district,63563230,102329088466.01976
West Bengal,2024,4,Districts,hooghly district,59721928,90690398384.28705
West Bengal,2024,4,Districts,paschim medinipur district,58318572,84323092365.74165
West Bengal,2025,1,Districts,north twenty four parganas district,213879780,274060069125.70496
West Bengal,2025,1,Districts,kolkata district,150034312,204293386880.74158
West Bengal,2025,1,Districts,murshidabad district,93801542,169172399152.91724
West Bengal,2025,1,Districts,south twenty four parganas district,84799029,134180568089.23875
West Bengal,2025,1,Districts,howrah district,72799587,109855135053.69397
West Bengal,2025,1,Districts,purba medinipur district,69010910,116794557874.58633
West Bengal,2025,1,Districts,nadia district,67242794,109144402618.7843
West Bengal,2025,1,Districts,hooghly district,63617994,94773907587.32481
West Bengal,2025,1,Districts,paschim medinipur district,62564623,90205233263.41626
West Bengal,2025,1,Districts,malda district,62261647,100489736204.99908
West Bengal,2025,2,Districts,north twenty four parganas district,220305798,269579060072.6096
West Bengal,2025,2,Districts,kolkata district,146621207,190202806302.01965
West Bengal,2025,2,Districts,murshidabad district,109301229,172491970388.40884
West Bengal,2025,2,Districts,south twenty four parganas district,91285676,131927293495.70486
West Bengal,2025,2,Districts,purba medinipur district,79744336,122889398712.76901
West Bengal,2025,2,Districts,howrah district,77123964,106613292095.65134
West Bengal,2025,2,Districts,malda district,76533129,115479033430.64436
West Bengal,2025,2,Districts,nadia district,73923772,111923855740.87132
West Bengal,2025,2,Districts,hooghly district,67491825,95610452250.0176
West Bengal,2025,2,Districts,paschim medinipur district,67314605,91081304706.93971
West Bengal,2025,3,Districts,north twenty four parganas district,244975751,286283424960.67773
West Bengal,2025,3,Districts,kolkata district,164461758,208514703488.65366
West Bengal,2025,3,Districts,murshidabad district,115004465,172165319574.22437
West Bengal,2025,3,Districts,south twenty four parganas district,99582101,134318101317.66356
West Bengal,2025,3,Districts,howrah district,85021890,113124836715.51682
West Bengal,2025,3,Districts,purba medinipur district,82583823,121583804353.40479
West Bengal,2025,3,Districts,malda district,81013082,113943350916.7697
West Bengal,2025,3,Districts,nadia district,80044797,116121415341.14822
West Bengal,2025,3,Districts,hooghly district,74429080,98540420398.11824
West Bengal,2025,3,Districts,paschim medinipur district,72501730,88113942833.66689
West Bengal,2025,4,Districts,north twenty four parganas district,252959592,292683538691.7311
West Bengal,2025,4,Districts,kolkata district,168506437,210433646685.53592
West Bengal,2025,4,Districts,murshidabad district,118648557,184548635978.5726
West Bengal,2025,4,Districts,south twenty four parganas district,105316596,141260781790.2957
West Bengal,2025,4,Districts,howrah district,88084961,115249474060.87784
West Bengal,2025,4,Districts,purba medinipur district,86795205,128319754875.35316
West Bengal,2025,4,Districts,nadia district,85126140,123415663489.78253
West Bengal,2025,4,Districts,malda district,84445089,122156466703.75598
West Bengal,2025,4,Districts,hooghly district,77681249,103682883645.9714
West Bengal,2025,4,Districts,paschim medinipur district,74357534,94211054453.1762
West Bengal,2026,1,Districts,north twenty four parganas district,262627430,311811568599.8992
West Bengal,2026,1,Districts,kolkata district,175338559,222317197494.4184
West Bengal,2026,1,Districts,murshidabad district,128873297,213123166234.32022
West Bengal,2026,1,Districts,south twenty four parganas district,113529625,165391055855.79004
West Bengal,2026,1,Districts,howrah district,93374670,126341619699.20157
West Bengal,2026,1,Districts,purba medinipur district,92189626,141547798377.62692
West Bengal,2026,1,Districts,nadia district,89659450,133169660755.21394
West Bengal,2026,1,Districts,malda district,88725199,130854506663.24393
West Bengal,2026,1,Districts,hooghly district,82383693,111378129713.22687
West Bengal,2026,1,Districts,paschim medinipur district,80200547,104724705146.83098
West Bengal,2026,2,Districts,north twenty four parganas district,270929160,304165799886.476
West Bengal,2026,2,Districts,kolkata district,178593980,211557401967.3325
West Bengal,2026,2,Districts,murshidabad district,137557474,203052465280.8546
West Bengal,2026,2,Districts,south twenty four parganas district,118227823,154834767040.57278
West Bengal,2026,2,Districts,malda district,100728885,137504105725.43527
West Bengal,2026,2,Districts,purba medinipur district,98690655,138073280768.41556
West Bengal,2026,2,Districts,howrah district,97633524,121047492804.01651
West Bengal,2026,2,Districts,nadia district,94303859,128549402716.23401
West Bengal,2026,2,Districts,hooghly district,87725602,110505245954.49196
West Bengal,2026,2,Districts,paschim medinipur district,83507774,101267331357.6538
